L1,L2,L3,Charge,DOI,Partition Coef logP,Cell Lines ,Localisation,Incubation Time (hours),IC50 (μM)
C[N+](C)(CC1=CC(C2=CC(C[N+](C)(C)C)=CC=N2)=NC=C1)C,C[N+](C)(CC1=CC(C2=CC(C[N+](C)(C)C)=CC=N2)=NC=C1)C,C[N+](C)(CC1=CC(C2=CC(C[N+](C)(C)C)=CC=N2)=NC=C1)C,8,10.1002/anie.201507800,-3.54,HeLa,lysosom,4,470.00
CC[N+](CC)(CC1=CC=NC(C2=NC=CC(C[N+](CC)(CC)CC)=C2)=C1)CC,CC[N+](CC)(CC1=CC=NC(C2=NC=CC(C[N+](CC)(CC)CC)=C2)=C1)CC,CC[N+](CC)(CC1=CC=NC(C2=NC=CC(C[N+](CC)(CC)CC)=C2)=C1)CC,8,10.1002/anie.201507800,-3.05,HeLa,lysosom,4,425.00
CCCC[N+](CCCC)(CC1=CC(C2=CC(C[N+](CCCC)(CCCC)CCCC)=CC=N2)=NC=C1)CCCC,CCCC[N+](CCCC)(CC1=CC(C2=CC(C[N+](CCCC)(CCCC)CCCC)=CC=N2)=NC=C1)CCCC,CCCC[N+](CCCC)(CC1=CC(C2=CC(C[N+](CCCC)(CCCC)CCCC)=CC=N2)=NC=C1)CCCC,8,10.1002/anie.201507800,-1.55,HeLa,lysosom,4,301.00
C1(C2=CC=CC=C2)=CC=NC3=C1C=CC4=C(C5=CC=CC=C5)C=CN=C34,C1(C2=CC=CC=C2)=CC=NC3=C1C=CC4=C(C5=CC=CC=C5)C=CN=C34,CC1=CC=NC(C2=NC=CC(C(NCCCCCCN)=O)=C2)=C1,2,10.1002/anie.201916400,,HeLa,golgi apparatus,4,13.57
C1(C2=CC=CC=C2)=CC=NC3=C1C=CC4=C(C5=CC=CC=C5)C=CN=C34,C1(C2=CC=CC=C2)=CC=NC3=C1C=CC4=C(C5=CC=CC=C5)C=CN=C34,CC1=CC=NC(C2=NC=CC(C(NCCCCCCN)=O)=C2)=C1,2,10.1002/anie.201916400,,RPE-1,golgi apparatus,4,4.22
C1(C2=NC=CC=C2C=C3)=C3C=CC=N1,C1(C2=NC=CC=C2C=C3)=C3C=CC=N1,O=CC1=CC=NC(C2=NC=CC(C=O)=C2)=C1,2,10.1016/j.bmc.2019.05.011,,HeLa,,,>100
C1(C2=NC=CC=C2C=C3)=C3C=CC=N1,C1(C2=NC=CC=C2C=C3)=C3C=CC=N1,O=CC1=CC=NC(C2=NC=CC(C=O)=C2)=C1,2,10.1016/j.bmc.2019.05.011,,RPE-1,,,>100
C1(C2=NC=CC=C2C=C3)=C3C=CC=N1,C1(C2=NC=CC=C2C=C3)=C3C=CC=N1,C1(/C=N/CC2=CC=CC=C2)=CC=NC(C3=NC=CC(/C=N/CC4=CC=CC=C4)=C3)=C1,2,10.1016/j.bmc.2019.05.011,,HeLa,,,>100
C1(C2=NC=CC=C2C=C3)=C3C=CC=N1,C1(C2=NC=CC=C2C=C3)=C3C=CC=N1,C1(/C=N/CC2=CC=CC=C2)=CC=NC(C3=NC=CC(/C=N/CC4=CC=CC=C4)=C3)=C1,2,10.1016/j.bmc.2019.05.011,,RPE-1,,,>100
C1(C2=CC=CC=C2)=CC=NC3=C1C=CC4=C3N=CC=C4C5=CC=CC=C5,C1(C2=CC=CC=C2)=CC=NC3=C1C=CC4=C3N=CC=C4C5=CC=CC=C5,O=C1C([O-])=C(C)OC=C1,1,10.1002/chem.201904877,,HeLa,nucleus,48,>100
C1(C2=CC=CC=C2)=CC=NC3=C1C=CC4=C3N=CC=C4C5=CC=CC=C5,C1(C2=CC=CC=C2)=CC=NC3=C1C=CC4=C3N=CC=C4C5=CC=CC=C5,O=C1C([O-])=C(C)OC=C1,1,10.1002/chem.201904877,,A2780,nucleus,48,>100
C1(C2=CC=CC=C2)=CC=NC3=C1C=CC4=C3N=CC=C4C5=CC=CC=C5,C1(C2=CC=CC=C2)=CC=NC3=C1C=CC4=C3N=CC=C4C5=CC=CC=C5,O=C1C([O-])=C(C)OC=C1,1,10.1002/chem.201904877,,A2780 cis,nucleus,48,>100
C1(C2=CC=CC=C2)=CC=NC3=C1C=CC4=C3N=CC=C4C5=CC=CC=C5,C1(C2=CC=CC=C2)=CC=NC3=C1C=CC4=C3N=CC=C4C5=CC=CC=C5,O=C1C([O-])=C(C)OC=C1,1,10.1002/chem.201904877,,A2780 ADR,nucleus,48,>100
C1(C2=CC=CC=C2)=CC=NC3=C1C=CC4=C3N=CC=C4C5=CC=CC=C5,C1(C2=CC=CC=C2)=CC=NC3=C1C=CC4=C3N=CC=C4C5=CC=CC=C5,O=C1C([O-])=C(C)OC=C1,1,10.1002/chem.201904877,,CT-26,nucleus,48,>100
C1(C2=CC=CC=C2)=CC=NC3=C1C=CC4=C3N=CC=C4C5=CC=CC=C5,C1(C2=CC=CC=C2)=CC=NC3=C1C=CC4=C3N=CC=C4C5=CC=CC=C5,O=C1C([O-])=C(C)OC=C1,1,10.1002/chem.201904877,,CT-26 LUC,nucleus,48,>100
C1(C2=CC=CC=C2)=CC=NC3=C1C=CC4=C3N=CC=C4C5=CC=CC=C5,C1(C2=CC=CC=C2)=CC=NC3=C1C=CC4=C3N=CC=C4C5=CC=CC=C5,O=C1C([O-])=C(C)OC=C1,1,10.1002/chem.201904877,,RPE-1,nucleus,48,>100
C1(C2=CC=CC=N2)=NC=CC=C1,C1(C2=CC=CC=N2)=NC=CC=C1,NC1=CC2=NC3=C(N=C2C=C1)C4=CC=CN=C4C5=C3C=CC=N5,2,10.1002/chem.201402796,-0.27,HeLa,nucleus,48,>300
C1(C2=CC=CC=N2)=NC=CC=C1,C1(C2=CC=CC=N2)=NC=CC=C1,NC1=CC2=NC3=C(N=C2C=C1)C4=CC=CN=C4C5=C3C=CC=N5,2,10.1002/chem.201402796,-0.27,MRC-5,nucleus,48,>100
C1(C2=CC=CC=N2)=NC=CC=C1,C1(C2=CC=CC=N2)=NC=CC=C1,COC1=CC2=NC3=C(N=C2C=C1)C4=CC=CN=C4C5=C3C=CC=N5,2,10.1002/chem.201402796,-0.42,HeLa,nucleus,48,235.5
C1(C2=CC=CC=N2)=NC=CC=C1,C1(C2=CC=CC=N2)=NC=CC=C1,COC1=CC2=NC3=C(N=C2C=C1)C4=CC=CN=C4C5=C3C=CC=N5,2,10.1002/chem.201402796,-0.42,MRC-5,nucleus,48,>100
C1(C2=CC=CC=N2)=NC=CC=C1,C1(C2=CC=CC=N2)=NC=CC=C1,CC(OC1=CC2=NC3=C(N=C2C=C1)C4=CC=CN=C4C5=C3C=CC=N5)=O,2,10.1002/chem.201402796,-0.74,HeLa,,48,>100
C1(C2=CC=CC=N2)=NC=CC=C1,C1(C2=CC=CC=N2)=NC=CC=C1,CC(OC1=CC2=NC3=C(N=C2C=C1)C4=CC=CN=C4C5=C3C=CC=N5)=O,2,10.1002/chem.201402796,-0.74,MRC-5,,48,>100
C1(C2=CC=CC=N2)=NC=CC=C1,C1(C2=CC=CC=N2)=NC=CC=C1,OC1=CC2=NC3=C(N=C2C=C1)C4=CC=CN=C4C5=C3C=CC=N5,2,10.1002/chem.201402796,-0.45,HeLa,,48,>100
C1(C2=CC=CC=N2)=NC=CC=C1,C1(C2=CC=CC=N2)=NC=CC=C1,OC1=CC2=NC3=C(N=C2C=C1)C4=CC=CN=C4C5=C3C=CC=N5,2,10.1002/chem.201402796,-0.45,MRC-5,,48,>100
C1(C2=CC=CC=N2)=NC=CC=C1,C1(C2=CC=CC=N2)=NC=CC=C1,OCC1=CC2=NC3=C(N=C2C=C1)C4=CC=CN=C4C5=C3C=CC=N5,2,10.1002/chem.201402796,-0.62,HeLa,,48,>100
C1(C2=CC=CC=N2)=NC=CC=C1,C1(C2=CC=CC=N2)=NC=CC=C1,OCC1=CC2=NC3=C(N=C2C=C1)C4=CC=CN=C4C5=C3C=CC=N5,2,10.1002/chem.201402796,-0.62,MRC-5,,48,>100
C1(C2=CC=CC=N2)=NC=CC=C1,C1(C2=CC=CC=N2)=NC=CC=C1,ClCC1=CC2=NC3=C(N=C2C=C1)C4=CC=CN=C4C5=C3C=CC=N5,2,10.1002/chem.201402796,-0.36,HeLa,,48,>100
C1(C2=CC=CC=N2)=NC=CC=C1,C1(C2=CC=CC=N2)=NC=CC=C1,ClCC1=CC2=NC3=C(N=C2C=C1)C4=CC=CN=C4C5=C3C=CC=N5,2,10.1002/chem.201402796,-0.36,MRC-5,,48,>100
C1(C2=NC=CC=C2C=C3)=C3C=CC=N1,C1(C2=NC=CC=C2C=C3)=C3C=CC=N1,COC1=CC2=NC3=C(C4=CC=CN=C4C5=C3C=CC=N5)N=C2C=C1OC,2,10.1002/chem.201701392,-0.52,HeLa,nucleus,4,36.5
C1(C2=NC=CC=C2C=C3)=C3C=CC=N1,C1(C2=NC=CC=C2C=C3)=C3C=CC=N1,COC1=CC2=NC3=C(C4=CC=CN=C4C5=C3C=CC=N5)N=C2C=C1OC,2,10.1002/chem.201701392,-0.52,MRC-5,nucleus,4,39.2
C1(C2=NC=CC=C2C=C3)=C3C=CC=N1,C1(C2=NC=CC=C2C=C3)=C3C=CC=N1,COC1=CC2=NC3=C(C4=CC=CN=C4C5=C3C=CC=N5)N=C2C=C1OC,2,10.1002/chem.201701392,-0.52,HeLa,cytoplasm,4,36.5
C1(C2=NC=CC=C2C=C3)=C3C=CC=N1,C1(C2=NC=CC=C2C=C3)=C3C=CC=N1,COC1=CC2=NC3=C(C4=CC=CN=C4C5=C3C=CC=N5)N=C2C=C1OC,2,10.1002/chem.201701392,-0.52,MRC-5,cytoplasm,4,39.2
C1(C2=NC=CC=C2C=C3)=C3C=CC=N1,C1(C2=NC=CC=C2C=C3)=C3C=CC=N1,OC1=CC2=NC3=C(N=C2C=C1O)C4=CC=CN=C4C5=C3C=CC=N5,2,10.1002/chem.201701392,-0.20,HeLa,membrane,4,>100
C1(C2=NC=CC=C2C=C3)=C3C=CC=N1,C1(C2=NC=CC=C2C=C3)=C3C=CC=N1,OC1=CC2=NC3=C(N=C2C=C1O)C4=CC=CN=C4C5=C3C=CC=N5,2,10.1002/chem.201701392,-0.20,MRC-5,membrane,4,>100
C12=CC=CN=C1C3=C(C=CC=N3)C=C2,C12=CC=CN=C1C3=C(C=CC=N3)C=C2,CN(C)C(C=C1)=CC=C1/C=C/C2=CC(C3=CC(/C=C/C4=CC=C(N(C)C)C=C4)=CC=N3)=NC=C2,2,10.1002/chem.202003486,,HeLa,cytoplasm,4,>100
C12=CC=CN=C1C3=C(C=CC=N3)C=C2,C12=CC=CN=C1C3=C(C=CC=N3)C=C2,CN(C)C(C=C1)=CC=C1/C=C/C2=CC(C3=CC(/C=C/C4=CC=C(N(C)C)C=C4)=CC=N3)=NC=C2,2,10.1002/chem.202003486,,U373,cytoplasm,4,>100
C12=CC=CN=C1C3=C(C=CC=N3)C=C2,C12=CC=CN=C1C3=C(C=CC=N3)C=C2,CN(C)C(C=C1)=CC=C1/C=C/C2=CC(C3=CC(/C=C/C4=CC=C(N(C)C)C=C4)=CC=N3)=NC=C2,2,10.1002/chem.202003486,,RPE-1,cytoplasm,4,>100
C12=CC=CN=C1C3=C(C=CC=N3)C=C2,C12=CC=CN=C1C3=C(C=CC=N3)C=C2,CN(C)C(C=C1)=CC=C1/C=C/C2=CC(C3=CC(/C=C/C4=CC=C(N(C)C)C=C4)=CC=N3)=NC=C2,2,10.1002/chem.202003486,,CT-26,cytoplasm,4,>100
C12=CC=CN=C1C3=C(C=CC=N3)C=C2,C12=CC=CN=C1C3=C(C=CC=N3)C=C2,COC1=CC=C(/C=C/C2=CC(C3=CC(/C=C/C4=CC=C(C=C4)OC)=CC=N3)=NC=C2)C=C1,2,10.1002/chem.202003486,,HeLa,cytoplasm,4,>100
C12=CC=CN=C1C3=C(C=CC=N3)C=C2,C12=CC=CN=C1C3=C(C=CC=N3)C=C2,COC1=CC=C(/C=C/C2=CC(C3=CC(/C=C/C4=CC=C(C=C4)OC)=CC=N3)=NC=C2)C=C1,2,10.1002/chem.202003486,,U373,cytoplasm,4,>100
C12=CC=CN=C1C3=C(C=CC=N3)C=C2,C12=CC=CN=C1C3=C(C=CC=N3)C=C2,COC1=CC=C(/C=C/C2=CC(C3=CC(/C=C/C4=CC=C(C=C4)OC)=CC=N3)=NC=C2)C=C1,2,10.1002/chem.202003486,,RPE-1,cytoplasm,4,>100
C12=CC=CN=C1C3=C(C=CC=N3)C=C2,C12=CC=CN=C1C3=C(C=CC=N3)C=C2,COC1=CC=C(/C=C/C2=CC(C3=CC(/C=C/C4=CC=C(C=C4)OC)=CC=N3)=NC=C2)C=C1,2,10.1002/chem.202003486,,CT-26,cytoplasm,4,>100
C12=C(C3=CC=CC=C3)C=CN=C1C4=C(C(C5=CC=CC=C5)=CC=N4)C=C2,C12=C(C3=CC=CC=C3)C=CN=C1C4=C(C(C5=CC=CC=C5)=CC=N4)C=C2,CN(C)C1=CC=C(C=C1)/C=C/C2=CC(C3=CC(/C=C/C4=CC=C(N(C)C)C=C4)=CC=N3)=NC=C2,2,10.1002/chem.202003486,,HeLa,cytoplasm,4,10.70
C12=C(C3=CC=CC=C3)C=CN=C1C4=C(C(C5=CC=CC=C5)=CC=N4)C=C2,C12=C(C3=CC=CC=C3)C=CN=C1C4=C(C(C5=CC=CC=C5)=CC=N4)C=C2,CN(C)C1=CC=C(C=C1)/C=C/C2=CC(C3=CC(/C=C/C4=CC=C(N(C)C)C=C4)=CC=N3)=NC=C2,2,10.1002/chem.202003486,,U373,cytoplasm,4,13.70
C12=C(C3=CC=CC=C3)C=CN=C1C4=C(C(C5=CC=CC=C5)=CC=N4)C=C2,C12=C(C3=CC=CC=C3)C=CN=C1C4=C(C(C5=CC=CC=C5)=CC=N4)C=C2,CN(C)C1=CC=C(C=C1)/C=C/C2=CC(C3=CC(/C=C/C4=CC=C(N(C)C)C=C4)=CC=N3)=NC=C2,2,10.1002/chem.202003486,,RPE-1,cytoplasm,4,15.60
C12=C(C3=CC=CC=C3)C=CN=C1C4=C(C(C5=CC=CC=C5)=CC=N4)C=C2,C12=C(C3=CC=CC=C3)C=CN=C1C4=C(C(C5=CC=CC=C5)=CC=N4)C=C2,CN(C)C1=CC=C(C=C1)/C=C/C2=CC(C3=CC(/C=C/C4=CC=C(N(C)C)C=C4)=CC=N3)=NC=C2,2,10.1002/chem.202003486,,CT-26,cytoplasm,4,5.20
C12=C(C3=CC=CC=C3)C=CN=C1C4=C(C(C5=CC=CC=C5)=CC=N4)C=C2,C12=C(C3=CC=CC=C3)C=CN=C1C4=C(C(C5=CC=CC=C5)=CC=N4)C=C2,COC1=CC=C(/C=C/C2=CC(C3=CC(/C=C/C4=CC=C(C=C4)OC)=CC=N3)=NC=C2)C=C1,2,10.1002/chem.202003486,,HeLa,cytoplasm,4,16.50
C12=C(C3=CC=CC=C3)C=CN=C1C4=C(C(C5=CC=CC=C5)=CC=N4)C=C2,C12=C(C3=CC=CC=C3)C=CN=C1C4=C(C(C5=CC=CC=C5)=CC=N4)C=C2,COC1=CC=C(/C=C/C2=CC(C3=CC(/C=C/C4=CC=C(C=C4)OC)=CC=N3)=NC=C2)C=C1,2,10.1002/chem.202003486,,U373,cytoplasm,4,18.50
C12=C(C3=CC=CC=C3)C=CN=C1C4=C(C(C5=CC=CC=C5)=CC=N4)C=C2,C12=C(C3=CC=CC=C3)C=CN=C1C4=C(C(C5=CC=CC=C5)=CC=N4)C=C2,COC1=CC=C(/C=C/C2=CC(C3=CC(/C=C/C4=CC=C(C=C4)OC)=CC=N3)=NC=C2)C=C1,2,10.1002/chem.202003486,,RPE-1,cytoplasm,4,20.80
C12=C(C3=CC=CC=C3)C=CN=C1C4=C(C(C5=CC=CC=C5)=CC=N4)C=C2,C12=C(C3=CC=CC=C3)C=CN=C1C4=C(C(C5=CC=CC=C5)=CC=N4)C=C2,COC1=CC=C(/C=C/C2=CC(C3=CC(/C=C/C4=CC=C(C=C4)OC)=CC=N3)=NC=C2)C=C1,2,10.1002/chem.202003486,,CT-26,cytoplasm,4,8.60
C1(C(N=CC=C2)=C2C3=C4N=CC=N3)=C4C=CC=N1,C1(C(N=CC=C2)=C2C3=C4N=CC=N3)=C4C=CC=N1,O=C(OC)C1=CC=C(N2CCCC)C(N=C2C3=CC=C(C4=CC=CC=C4)C=C3)=C1,1,10.1039/d3sc01844j,2.43,HT-29,,24,2.0
C1(C(N=CC=C2)=C2C3=C4N=CC=N3)=C4C=CC=N1,C1(C(N=CC=C2)=C2C3=C4N=CC=N3)=C4C=CC=N1,O=C(OC)C1=CC=C(N2CCCC)C(N=C2C3=CC=C(C4=CC=CC=C4)C=C3)=C1,1,10.1039/d3sc01844j,2.43,CT-26,,24,0.9
C1(C(N=CC=C2)=C2C3=C4N=CC=N3)=C4C=CC=N1,C1(C(N=CC=C2)=C2C3=C4N=CC=N3)=C4C=CC=N1,O=C(OC)C1=CC=C(N2CCCC)C(N=C2C3=CC=C(C4=CC=CC=C4)C=C3)=C1,1,10.1039/d3sc01844j,2.43,HeLa,,24,0.9
C1(C(N=CC=C2)=C2C3=C4N=CC=N3)=C4C=CC=N1,C1(C(N=CC=C2)=C2C3=C4N=CC=N3)=C4C=CC=N1,O=C(OC)C1=CC=C(N2CCCC)C(N=C2C3=CC=C(C4=CC=CC=C4)C=C3)=C1,1,10.1039/d3sc01844j,2.43,A2780,,24,0.7
C1(C(N=CC=C2)=C2C3=C4N=CC=N3)=C4C=CC=N1,C1(C(N=CC=C2)=C2C3=C4N=CC=N3)=C4C=CC=N1,OC(C1=CC=C(N2CCCC)C(N=C2C3=CC=C(C4=CC=CC=C4)C=C3)=C1)=O,1,10.1039/d3sc01844j,2.43,HT-29,,24,2.0
C1(C(N=CC=C2)=C2C3=C4N=CC=N3)=C4C=CC=N1,C1(C(N=CC=C2)=C2C3=C4N=CC=N3)=C4C=CC=N1,OC(C1=CC=C(N2CCCC)C(N=C2C3=CC=C(C4=CC=CC=C4)C=C3)=C1)=O,1,10.1039/d3sc01844j,2.43,CT-26,,24,0.9
C1(C(N=CC=C2)=C2C3=C4N=CC=N3)=C4C=CC=N1,C1(C(N=CC=C2)=C2C3=C4N=CC=N3)=C4C=CC=N1,OC(C1=CC=C(N2CCCC)C(N=C2C3=CC=C(C4=CC=CC=C4)C=C3)=C1)=O,1,10.1039/d3sc01844j,2.43,HeLa,,24,0.9
C1(C(N=CC=C2)=C2C3=C4N=CC=N3)=C4C=CC=N1,C1(C(N=CC=C2)=C2C3=C4N=CC=N3)=C4C=CC=N1,OC(C1=CC=C(N2CCCC)C(N=C2C3=CC=C(C4=CC=CC=C4)C=C3)=C1)=O,1,10.1039/d3sc01844j,2.43,A2780,,24,0.7
C1(C(N=CC=C2)=C2C3=C4N=CC=N3)=C4C=CC=N1,C1(C(N=CC=C2)=C2C3=C4N=CC=N3)=C4C=CC=N1,O=C(NCCCNC(C[N+]1=CC=C(/C(C#N)=C2OC(C(CCC3)=C(N3CCC4)C4=C5)=C5C(C(F)(F)F)=C\2)C=C1)=O)C6=CC=C(N7CCCC)C(N=C7C8=CC=C(C9=CC=CC=C9)C=C8)=C6,1,10.1039/d3sc01844j,0.68,HT-29,cytoplasm,24,>300
C1(C(N=CC=C2)=C2C3=C4N=CC=N3)=C4C=CC=N1,C1(C(N=CC=C2)=C2C3=C4N=CC=N3)=C4C=CC=N1,O=C(NCCCNC(C[N+]1=CC=C(/C(C#N)=C2OC(C(CCC3)=C(N3CCC4)C4=C5)=C5C(C(F)(F)F)=C\2)C=C1)=O)C6=CC=C(N7CCCC)C(N=C7C8=CC=C(C9=CC=CC=C9)C=C8)=C6,1,10.1039/d3sc01844j,0.68,CT-26,cytoplasm,24,>300
C1(C(N=CC=C2)=C2C3=C4N=CC=N3)=C4C=CC=N1,C1(C(N=CC=C2)=C2C3=C4N=CC=N3)=C4C=CC=N1,O=C(NCCCNC(C[N+]1=CC=C(/C(C#N)=C2OC(C(CCC3)=C(N3CCC4)C4=C5)=C5C(C(F)(F)F)=C\2)C=C1)=O)C6=CC=C(N7CCCC)C(N=C7C8=CC=C(C9=CC=CC=C9)C=C8)=C6,1,10.1039/d3sc01844j,0.68,HeLa,cytoplasm,24,>300
C1(C(N=CC=C2)=C2C3=C4N=CC=N3)=C4C=CC=N1,C1(C(N=CC=C2)=C2C3=C4N=CC=N3)=C4C=CC=N1,O=C(NCCCNC(C[N+]1=CC=C(/C(C#N)=C2OC(C(CCC3)=C(N3CCC4)C4=C5)=C5C(C(F)(F)F)=C\2)C=C1)=O)C6=CC=C(N7CCCC)C(N=C7C8=CC=C(C9=CC=CC=C9)C=C8)=C6,1,10.1039/d3sc01844j,0.68,A2780,cytoplasm,24,101.00
C1(C(N=CC=C2)=C2C3=C4N=CC=N3)=C4C=CC=N1,C1(C(N=CC=C2)=C2C3=C4N=CC=N3)=C4C=CC=N1,O=C(NCCCNC(C[N+]1=CC=C(/C(C#N)=C2OC(C(CCC3)=C(N3CCC4)C4=C5)=C5C(C(F)(F)F)=C\2)C=C1)=O)C6=CC=C(N7CCCC)C(N=C7C8=CC=C(C9=CC=CC=C9)C=C8)=C6,1,10.1039/d3sc01844j,0.68,HT-29,membrane,24,>300
C1(C(N=CC=C2)=C2C3=C4N=CC=N3)=C4C=CC=N1,C1(C(N=CC=C2)=C2C3=C4N=CC=N3)=C4C=CC=N1,O=C(NCCCNC(C[N+]1=CC=C(/C(C#N)=C2OC(C(CCC3)=C(N3CCC4)C4=C5)=C5C(C(F)(F)F)=C\2)C=C1)=O)C6=CC=C(N7CCCC)C(N=C7C8=CC=C(C9=CC=CC=C9)C=C8)=C6,1,10.1039/d3sc01844j,0.68,CT-26,membrane,24,>300
C1(C(N=CC=C2)=C2C3=C4N=CC=N3)=C4C=CC=N1,C1(C(N=CC=C2)=C2C3=C4N=CC=N3)=C4C=CC=N1,O=C(NCCCNC(C[N+]1=CC=C(/C(C#N)=C2OC(C(CCC3)=C(N3CCC4)C4=C5)=C5C(C(F)(F)F)=C\2)C=C1)=O)C6=CC=C(N7CCCC)C(N=C7C8=CC=C(C9=CC=CC=C9)C=C8)=C6,1,10.1039/d3sc01844j,0.68,HeLa,membrane,24,>300
C1(C(N=CC=C2)=C2C3=C4N=CC=N3)=C4C=CC=N1,C1(C(N=CC=C2)=C2C3=C4N=CC=N3)=C4C=CC=N1,O=C(NCCCNC(C[N+]1=CC=C(/C(C#N)=C2OC(C(CCC3)=C(N3CCC4)C4=C5)=C5C(C(F)(F)F)=C\2)C=C1)=O)C6=CC=C(N7CCCC)C(N=C7C8=CC=C(C9=CC=CC=C9)C=C8)=C6,1,10.1039/d3sc01844j,0.68,A2780,membrane,24,101.00
C1(C2=CC=CC=N2)=NC=CC=C1,C1(C2=CC=CC=N2)=NC=CC=C1,OCC1=CC2=NC3=C(N=C2C=C1)C4=CC=CN=C4C5=NC=CC=C53,2,10.1039/c9sc05976h,,HeLa,,4,>500
C1(C2=CC=CC=N2)=NC=CC=C1,C1(C2=CC=CC=N2)=NC=CC=C1,OCC1=CC2=NC3=C(N=C2C=C1)C4=CC=CN=C4C5=NC=CC=C53,2,10.1039/c9sc05976h,,HeLa,,24,>500
C1(C2=CC=CC=N2)=NC=CC=C1,C1(C2=CC=CC=N2)=NC=CC=C1,OCC1=CC2=NC3=C(N=C2C=C1)C4=CC=CN=C4C5=NC=CC=C53,2,10.1039/c9sc05976h,,HeLa,,48,248.6
C1(C2=CC=CC=N2)=NC=CC=C1,C1(C2=CC=CC=N2)=NC=CC=C1,OCC1=CC2=NC3=C(N=C2C=C1)C4=CC=CN=C4C5=NC=CC=C53,2,10.1039/c9sc05976h,,RPE-1,,4,>500
C1(C2=CC=CC=N2)=NC=CC=C1,C1(C2=CC=CC=N2)=NC=CC=C1,OCC1=CC2=NC3=C(N=C2C=C1)C4=CC=CN=C4C5=NC=CC=C53,2,10.1039/c9sc05976h,,RPE-1,,24,>500
C1(C2=CC=CC=N2)=NC=CC=C1,C1(C2=CC=CC=N2)=NC=CC=C1,OCC1=CC2=NC3=C(N=C2C=C1)C4=CC=CN=C4C5=NC=CC=C53,2,10.1039/c9sc05976h,,RPE-1,,48,234.4
C1(C2=CC=CC=N2)=NC=CC=C1,C1(C2=CC=CC=N2)=NC=CC=C1,COC(C=C1)=CC(C1=N2)=NC3=C2C4=C(C5=NC=CC=C53)N=CC=C4,2,10.1039/c6sc00387g,,HeLa,nucleus,4,>100
C1(C2=CC=CC=N2)=NC=CC=C1,C1(C2=CC=CC=N2)=NC=CC=C1,COC(C=C1)=CC(C1=N2)=NC3=C2C4=C(C5=NC=CC=C53)N=CC=C4,2,10.1039/c6sc00387g,,U2OS,nucleus,4,>100
C1(C2=CC=CC=N2)=NC=CC=C1,C1(C2=CC=CC=N2)=NC=CC=C1,COC(C=C1)=CC(C1=N2)=NC3=C2C4=C(C5=NC=CC=C53)N=CC=C4,2,10.1039/c6sc00387g,,CAL33,nucleus,4,>100
C1(C2=CC=CC=N2)=NC=CC=C1,C1(C2=CC=CC=N2)=NC=CC=C1,COC(C=C1)=CC(C1=N2)=NC3=C2C4=C(C5=NC=CC=C53)N=CC=C4,2,10.1039/c6sc00387g,,RPE-1,nucleus,4,>100
C1(C2=CC=CC=N2)=NC=CC=C1,C1(C2=CC=CC=N2)=NC=CC=C1,COC(C=C1)=CC(C1=N2)=NC3=C2C4=C(C5=NC=CC=C53)N=CC=C4,2,10.1039/c6sc00387g,,HeLa,mitochondria,4,>100
C1(C2=CC=CC=N2)=NC=CC=C1,C1(C2=CC=CC=N2)=NC=CC=C1,COC(C=C1)=CC(C1=N2)=NC3=C2C4=C(C5=NC=CC=C53)N=CC=C4,2,10.1039/c6sc00387g,,U2OS,mitochondria,4,>100
C1(C2=CC=CC=N2)=NC=CC=C1,C1(C2=CC=CC=N2)=NC=CC=C1,COC(C=C1)=CC(C1=N2)=NC3=C2C4=C(C5=NC=CC=C53)N=CC=C4,2,10.1039/c6sc00387g,,CAL33,mitochondria,4,>100
C1(C2=CC=CC=N2)=NC=CC=C1,C1(C2=CC=CC=N2)=NC=CC=C1,COC(C=C1)=CC(C1=N2)=NC3=C2C4=C(C5=NC=CC=C53)N=CC=C4,2,10.1039/c6sc00387g,,RPE-1,mitochondria,4,>100
C1(C2=CC=CC=C2)=CC=NC3=C1C=CC4=C(C5=CC=CC=C5)C=CN=C34,C1(C2=CC=CC=C2)=CC=NC3=C1C=CC4=C(C5=CC=CC=C5)C=CN=C34,[O-]C(CC([O-])=O)=O,0,10.1002/cbic.202200398,1.300,CT-26,,4,5.63
C1(C2=CC=CC=C2)=CC=NC3=C1C=CC4=C(C5=CC=CC=C5)C=CN=C34,C1(C2=CC=CC=C2)=CC=NC3=C1C=CC4=C(C5=CC=CC=C5)C=CN=C34,[O-]C(CC([O-])=O)=O,0,10.1002/cbic.202200398,1.300,PC-3,,4,4.92
C1(C2=CC=CC=C2)=CC=NC3=C1C=CC4=C(C5=CC=CC=C5)C=CN=C34,C1(C2=CC=CC=C2)=CC=NC3=C1C=CC4=C(C5=CC=CC=C5)C=CN=C34,[O-]C(CC([O-])=O)=O,0,10.1002/cbic.202200398,1.300,RPE-1,,4,5.00
C1(C2=CC=CC=C2)=CC=NC3=C1C=CC4=C(C5=CC=CC=C5)C=CN=C34,C1(C2=CC=CC=C2)=CC=NC3=C1C=CC4=C(C5=CC=CC=C5)C=CN=C34,CC(/C=C([O-])/C)=O,1,10.1002/cbic.202200398,1.400,CT-26,mitochondria,4,0.41
C1(C2=CC=CC=C2)=CC=NC3=C1C=CC4=C(C5=CC=CC=C5)C=CN=C34,C1(C2=CC=CC=C2)=CC=NC3=C1C=CC4=C(C5=CC=CC=C5)C=CN=C34,CC(/C=C([O-])/C)=O,1,10.1002/cbic.202200398,1.400,PC-3,mitochondria,4,0.62
C1(C2=CC=CC=C2)=CC=NC3=C1C=CC4=C(C5=CC=CC=C5)C=CN=C34,C1(C2=CC=CC=C2)=CC=NC3=C1C=CC4=C(C5=CC=CC=C5)C=CN=C34,CC(/C=C([O-])/C)=O,1,10.1002/cbic.202200398,1.400,RPE-1,mitochondria,4,0.50
C1(C2=CC=CC=C2)=CC=NC3=C1C=CC4=C(C5=CC=CC=C5)C=CN=C34,C1(C2=CC=CC=C2)=CC=NC3=C1C=CC4=C(C5=CC=CC=C5)C=CN=C34,[O-]C(C([O-])=O)=O,0,10.1002/cbic.202200398,1.25,CT-26,,4,24.120
C1(C2=CC=CC=C2)=CC=NC3=C1C=CC4=C(C5=CC=CC=C5)C=CN=C34,C1(C2=CC=CC=C2)=CC=NC3=C1C=CC4=C(C5=CC=CC=C5)C=CN=C34,[O-]C(C([O-])=O)=O,0,10.1002/cbic.202200398,1.25,PC-3,,4,21.50
C1(C2=CC=CC=C2)=CC=NC3=C1C=CC4=C(C5=CC=CC=C5)C=CN=C34,C1(C2=CC=CC=C2)=CC=NC3=C1C=CC4=C(C5=CC=CC=C5)C=CN=C34,[O-]C(C([O-])=O)=O,0,10.1002/cbic.202200398,1.25,RPE-1,,4,14.50
C1(C2=NC=CC=C2C=C3)=C3C=CC=N1,C1(C2=NC=CC=C2C=C3)=C3C=CC=N1,[O-]C(CC([O-])=O)=O,0,10.1002/cbic.202200398,,CT-26,,4,>100
C1(C2=NC=CC=C2C=C3)=C3C=CC=N1,C1(C2=NC=CC=C2C=C3)=C3C=CC=N1,[O-]C(CC([O-])=O)=O,0,10.1002/cbic.202200398,,PC-3,,4,>100
C1(C2=NC=CC=C2C=C3)=C3C=CC=N1,C1(C2=NC=CC=C2C=C3)=C3C=CC=N1,[O-]C(CC([O-])=O)=O,0,10.1002/cbic.202200398,,RPE-1,,4,>100
C1(C2=NC=CC=C2C=C3)=C3C=CC=N1,C1(C2=NC=CC=C2C=C3)=C3C=CC=N1,CC(/C=C([O-])/C)=O,1,10.1002/cbic.202200398,0.45,CT-26,,4,10.30
C1(C2=NC=CC=C2C=C3)=C3C=CC=N1,C1(C2=NC=CC=C2C=C3)=C3C=CC=N1,CC(/C=C([O-])/C)=O,1,10.1002/cbic.202200398,0.45,PC-3,,4,>100
C1(C2=NC=CC=C2C=C3)=C3C=CC=N1,C1(C2=NC=CC=C2C=C3)=C3C=CC=N1,CC(/C=C([O-])/C)=O,1,10.1002/cbic.202200398,0.45,RPE-1,,4,>100
C1(C2=NC=CC=C2C=C3)=C3C=CC=N1,C1(C2=NC=CC=C2C=C3)=C3C=CC=N1,[O-]C(C([O-])=O)=O,0,10.1002/cbic.202200398,0.7,CT-26,,4,>100
C1(C2=NC=CC=C2C=C3)=C3C=CC=N1,C1(C2=NC=CC=C2C=C3)=C3C=CC=N1,[O-]C(C([O-])=O)=O,0,10.1002/cbic.202200398,0.7,PC-3,,4,>100
C1(C2=NC=CC=C2C=C3)=C3C=CC=N1,C1(C2=NC=CC=C2C=C3)=C3C=CC=N1,[O-]C(C([O-])=O)=O,0,10.1002/cbic.202200398,0.7,RPE-1,,4,>100
C1(C(N=CC=C2C3=CC=CC=C3)=C2C=C4)=C4C(C5=CC=CC=C5)=CC=N1,C1(C(N=CC=C2C3=CC=CC=C3)=C2C=C4)=C4C(C5=CC=CC=C5)=CC=N1,CC1=CC=NC(C2=CC(CN)=CC=N2)=C1,2,10.1002/cbic.202200647,,PC-3,lysosom,4,18.00
C1(C(N=CC=C2C3=CC=CC=C3)=C2C=C4)=C4C(C5=CC=CC=C5)=CC=N1,C1(C(N=CC=C2C3=CC=CC=C3)=C2C=C4)=C4C(C5=CC=CC=C5)=CC=N1,CC1=CC=NC(C2=CC(CN)=CC=N2)=C1,2,10.1002/cbic.202200647,,HT-29,lysosom,4,>100
C1(C(N=CC=C2C3=CC=CC=C3)=C2C=C4)=C4C(C5=CC=CC=C5)=CC=N1,C1(C(N=CC=C2C3=CC=CC=C3)=C2C=C4)=C4C(C5=CC=CC=C5)=CC=N1,CC1=CC=NC(C2=CC(CN)=CC=N2)=C1,2,10.1002/cbic.202200647,,CT-26,lysosom,4,8.00
C12=CC=CN=C1C3=NC=CC=C3C4=C2N=C5C(C=CC=C5)=N4,C12=CC=CN=C1C3=NC=CC=C3C4=C2N=C5C(C=CC=C5)=N4,OC(C1=NC(C2=NC=CC=C2)=NC=C1)=O,2,10.1002/cmdc.201400029,-1.74,HeLa,,4,10.00
C12=CC=CN=C1C3=NC=CC=C3C4=C2N=C5C(C=CC=C5)=N4,C12=CC=CN=C1C3=NC=CC=C3C4=C2N=C5C(C=CC=C5)=N4,OC(C1=NC(C2=NC=CC=C2)=NC=C1)=O,2,10.1002/cmdc.201400029,-1.74,MRC-5,,4,15.100
C12=CC=CN=C1C3=NC=CC=C3C4=C2N=C5C(C=CC=C5)=N4,C12=CC=CN=C1C3=NC=CC=C3C4=C2N=C5C(C=CC=C5)=N4,C1(C2=NC=CC=C2)=NC=CC=C1,2,10.1002/cmdc.201400029,1.96,HeLa,cytoplasm,4,63.5
C12=CC=CN=C1C3=NC=CC=C3C4=C2N=C5C(C=CC=C5)=N4,C12=CC=CN=C1C3=NC=CC=C3C4=C2N=C5C(C=CC=C5)=N4,C1(C2=NC=CC=C2)=NC=CC=C1,2,10.1002/cmdc.201400029,1.96,MRC-5,cytoplasm,4,72.0
C12=CC=CN=C1C3=NC=CC=C3C4=C2N=C5C(C=CC=C5)=N4,C12=CC=CN=C1C3=NC=CC=C3C4=C2N=C5C(C=CC=C5)=N4,C1(C2=NC=CC=C2)=NC=CC=C1,2,10.1002/cmdc.201400029,1.96,HeLa,nucleus,4,63.5
C12=CC=CN=C1C3=NC=CC=C3C4=C2N=C5C(C=CC=C5)=N4,C12=CC=CN=C1C3=NC=CC=C3C4=C2N=C5C(C=CC=C5)=N4,C1(C2=NC=CC=C2)=NC=CC=C1,2,10.1002/cmdc.201400029,1.96,MRC-5,nucleus,4,72.0
C12=CC=CN=C1C3=NC=CC=C3C4=C2N=C5C(C=CC=C5)=N4,C12=CC=CN=C1C3=NC=CC=C3C4=C2N=C5C(C=CC=C5)=N4,C12=C(C=CC=N2)C=CC3=C1N=CC=C3,2,10.1002/cmdc.201400029,2.29,HeLa,cytoplasm,4,69.0
C12=CC=CN=C1C3=NC=CC=C3C4=C2N=C5C(C=CC=C5)=N4,C12=CC=CN=C1C3=NC=CC=C3C4=C2N=C5C(C=CC=C5)=N4,C12=C(C=CC=N2)C=CC3=C1N=CC=C3,2,10.1002/cmdc.201400029,2.29,MRC-5,cytoplasm,4,68.5
C12=CC=CN=C1C3=NC=CC=C3C4=C2N=C5C(C=CC=C5)=N4,C12=CC=CN=C1C3=NC=CC=C3C4=C2N=C5C(C=CC=C5)=N4,C12=C(C=CC=N2)C=CC3=C1N=CC=C3,2,10.1002/cmdc.201400029,2.29,HeLa,nucleus,4,69.0
C12=CC=CN=C1C3=NC=CC=C3C4=C2N=C5C(C=CC=C5)=N4,C12=CC=CN=C1C3=NC=CC=C3C4=C2N=C5C(C=CC=C5)=N4,C12=C(C=CC=N2)C=CC3=C1N=CC=C3,2,10.1002/cmdc.201400029,2.29,MRC-5,nucleus,4,68.5
C12=CC=CN=C1C3=NC=CC=C3C4=C2N=C5C(C=CC=C5)=N4,C12=CC=CN=C1C3=NC=CC=C3C4=C2N=C5C(C=CC=C5)=N4,CC1=CC=NC(C2=CC(C)=CC=N2)=C1,2,10.1002/cmdc.201400029,2.98,HeLa,cytoplasm,4,70.2
C12=CC=CN=C1C3=NC=CC=C3C4=C2N=C5C(C=CC=C5)=N4,C12=CC=CN=C1C3=NC=CC=C3C4=C2N=C5C(C=CC=C5)=N4,CC1=CC=NC(C2=CC(C)=CC=N2)=C1,2,10.1002/cmdc.201400029,2.98,MRC-5,cytoplasm,4,65.4
C12=CC=CN=C1C3=NC=CC=C3C4=C2N=C5C(C=CC=C5)=N4,C12=CC=CN=C1C3=NC=CC=C3C4=C2N=C5C(C=CC=C5)=N4,CC1=CC=NC(C2=CC(C(O)=O)=CC=N2)=C1,2,10.1002/cmdc.201400029,-1.03,HeLa,cytoplasm,4,33.3
C12=CC=CN=C1C3=NC=CC=C3C4=C2N=C5C(C=CC=C5)=N4,C12=CC=CN=C1C3=NC=CC=C3C4=C2N=C5C(C=CC=C5)=N4,CC1=CC=NC(C2=CC(C(O)=O)=CC=N2)=C1,2,10.1002/cmdc.201400029,-1.03,MRC-5,cytoplasm,4,>100
C12=CC=CN=C1C3=NC=CC=C3C4=C2N=C5C(C=CC=C5)=N4,C12=CC=CN=C1C3=NC=CC=C3C4=C2N=C5C(C=CC=C5)=N4,CC1=NC(C2=NC=CC=C2)=NC=C1,2,10.1002/cmdc.201400029,1.75,HeLa,cytoplasm,4,>100
C12=CC=CN=C1C3=NC=CC=C3C4=C2N=C5C(C=CC=C5)=N4,C12=CC=CN=C1C3=NC=CC=C3C4=C2N=C5C(C=CC=C5)=N4,CC1=NC(C2=NC=CC=C2)=NC=C1,2,10.1002/cmdc.201400029,1.75,MRC-5,cytoplasm,4,>100
C12=CC=CN=C1C3=NC=CC=C3C4=C2N=C5C(C=CC=C5)=N4,C12=CC=CN=C1C3=NC=CC=C3C4=C2N=C5C(C=CC=C5)=N4,CC1=NC(C2=NC=CC=C2)=NC=C1,2,10.1002/cmdc.201400029,1.75,HeLa,nucleus,4,>100
C12=CC=CN=C1C3=NC=CC=C3C4=C2N=C5C(C=CC=C5)=N4,C12=CC=CN=C1C3=NC=CC=C3C4=C2N=C5C(C=CC=C5)=N4,CC1=NC(C2=NC=CC=C2)=NC=C1,2,10.1002/cmdc.201400029,1.75,MRC-5,nucleus,4,>100
C12=CC=CN=C1C3=NC=CC=C3C4=C2N=C5C(C=CC=C5)=N4,C12=CC=CN=C1C3=NC=CC=C3C4=C2N=C5C(C=CC=C5)=N4,O=C(OCC)C1=NC(C2=NC=CC=C2)=NC=C1,2,10.1002/cmdc.201400029,1.94,HeLa,cytoplasm,4,34.2
C12=CC=CN=C1C3=NC=CC=C3C4=C2N=C5C(C=CC=C5)=N4,C12=CC=CN=C1C3=NC=CC=C3C4=C2N=C5C(C=CC=C5)=N4,O=C(OCC)C1=NC(C2=NC=CC=C2)=NC=C1,2,10.1002/cmdc.201400029,1.94,MRC-5,cytoplasm,4,36.5
C12=CC=CN=C1C3=NC=CC=C3C4=C2N=C5C(C=CC=C5)=N4,C12=CC=CN=C1C3=NC=CC=C3C4=C2N=C5C(C=CC=C5)=N4,O=C(C1=NC(C2=NC=CC=C2)=NC=C1)OCC3=CC=CC=C3,2,10.1002/cmdc.201400029,3.32,HeLa,cytoplasm,4,38.5
C12=CC=CN=C1C3=NC=CC=C3C4=C2N=C5C(C=CC=C5)=N4,C12=CC=CN=C1C3=NC=CC=C3C4=C2N=C5C(C=CC=C5)=N4,O=C(C1=NC(C2=NC=CC=C2)=NC=C1)OCC3=CC=CC=C3,2,10.1002/cmdc.201400029,3.32,MRC-5,cytoplasm,4,90.5
C12=CC=CN=C1C3=NC=CC=C3C4=C2N=C5C(C=CC=C5)=N4,C12=CC=CN=C1C3=NC=CC=C3C4=C2N=C5C(C=CC=C5)=N4,O=C(C1=NC(C2=NC=CC=C2)=NC=C1)NCC3=CC=CC=C3,2,10.1002/cmdc.201400029,2.68,HeLa,cytoplasm,4,69.4
C12=CC=CN=C1C3=NC=CC=C3C4=C2N=C5C(C=CC=C5)=N4,C12=CC=CN=C1C3=NC=CC=C3C4=C2N=C5C(C=CC=C5)=N4,O=C(C1=NC(C2=NC=CC=C2)=NC=C1)NCC3=CC=CC=C3,2,10.1002/cmdc.201400029,2.68,MRC-5,cytoplasm,4,81.1
C12=CC=CN=C1C3=NC=CC=C3C4=C2N=C5C(C=CC=C5)=N4,C12=CC=CN=C1C3=NC=CC=C3C4=C2N=C5C(C=CC=C5)=N4,O=C(C1=NC(C2=NC=CC=C2)=NC=C1)NCC3=CC=CC=C3,2,10.1002/cmdc.201400029,2.68,HeLa,nucleus,4,69.4
C12=CC=CN=C1C3=NC=CC=C3C4=C2N=C5C(C=CC=C5)=N4,C12=CC=CN=C1C3=NC=CC=C3C4=C2N=C5C(C=CC=C5)=N4,O=C(C1=NC(C2=NC=CC=C2)=NC=C1)NCC3=CC=CC=C3,2,10.1002/cmdc.201400029,2.68,MRC-5,nucleus,4,81.1
C12=CC=CN=C1C3=NC=CC=C3C4=C2N=C5C(C=CC=C5)=N4,C12=CC=CN=C1C3=NC=CC=C3C4=C2N=C5C(C=CC=C5)=N4,O=C(NCCCCCC(O)=O)C1=NC(C2=NC=CC=C2)=NC=C1,2,10.1002/cmdc.201400029,-1.22,HeLa,,4,57.5
C12=CC=CN=C1C3=NC=CC=C3C4=C2N=C5C(C=CC=C5)=N4,C12=CC=CN=C1C3=NC=CC=C3C4=C2N=C5C(C=CC=C5)=N4,O=C(NCCCCCC(O)=O)C1=NC(C2=NC=CC=C2)=NC=C1,2,10.1002/cmdc.201400029,-1.22,MRC-5,,4,66.3
C12=CC=CN=C1C3=NC=CC=C3C4=C2N=C5C(C=CC=C5)=N4,C12=CC=CN=C1C3=NC=CC=C3C4=C2N=C5C(C=CC=C5)=N4,O=C(N[C@H](C(N[C@H](C(N[C@H](C(N[C@@H](C(NCC(N[C@@H](CC1=CNC=N1)C(N[C@@H](CC(C)C)C(N[C@@H](CCSC)C(N)=O)=O)=O)=O)=O)C(C)C)=O)C)=O)CC2=CNC3=C2C=CC=C3)=O)CCC(N)=O)C4=NC(C5=NC=CC=C5)=NC=C4,2,10.1002/cmdc.201400029,,HeLa,nucleus,4,71.8
C12=CC=CN=C1C3=NC=CC=C3C4=C2N=C5C(C=CC=C5)=N4,C12=CC=CN=C1C3=NC=CC=C3C4=C2N=C5C(C=CC=C5)=N4,O=C(N[C@H](C(N[C@H](C(N[C@H](C(N[C@@H](C(NCC(N[C@@H](CC1=CNC=N1)C(N[C@@H](CC(C)C)C(N[C@@H](CCSC)C(N)=O)=O)=O)=O)=O)C(C)C)=O)C)=O)CC2=CNC3=C2C=CC=C3)=O)CCC(N)=O)C4=NC(C5=NC=CC=C5)=NC=C4,2,10.1002/cmdc.201400029,,MRC-5,nucleus,4,>100
C12=CC=CN=C1C3=NC=CC=C3C4=C2N=C5C(C=CC=C5)=N4,C12=CC=CN=C1C3=NC=CC=C3C4=C2N=C5C(C=CC=C5)=N4,O=C(C1=NC(C2=NC=CC=C2)=NC=C1)N[C@H](C(N[C@H](CCCNC(N)=N)C(N[C@H](C(N[C@@H](CCCCN)C(N)=O)=O)CCCNC(N)=N)=O)=O)CCCNC(N)=N,2,10.1002/cmdc.201400029,,HeLa,cytoplasm,4,43.1
C12=CC=CN=C1C3=NC=CC=C3C4=C2N=C5C(C=CC=C5)=N4,C12=CC=CN=C1C3=NC=CC=C3C4=C2N=C5C(C=CC=C5)=N4,O=C(C1=NC(C2=NC=CC=C2)=NC=C1)N[C@H](C(N[C@H](CCCNC(N)=N)C(N[C@H](C(N[C@@H](CCCCN)C(N)=O)=O)CCCNC(N)=N)=O)=O)CCCNC(N)=N,2,10.1002/cmdc.201400029,,HeLa,nucleus,4,43.1
C12=CC=CN=C1C3=NC=CC=C3C4=C2N=C5C(C=CC=C5)=N4,C12=CC=CN=C1C3=NC=CC=C3C4=C2N=C5C(C=CC=C5)=N4,O=C(C1=NC(C2=NC=CC=C2)=NC=C1)N[C@H](C(N[C@H](CCCNC(N)=N)C(N[C@H](C(N[C@@H](CCCCN)C(N)=O)=O)CCCNC(N)=N)=O)=O)CCCNC(N)=N,2,10.1002/cmdc.201400029,,HeLa,cytoplasm,4,>100
C12=CC=CN=C1C3=NC=CC=C3C4=C2N=C5C(C=CC=C5)=N4,C12=CC=CN=C1C3=NC=CC=C3C4=C2N=C5C(C=CC=C5)=N4,O=C(C1=NC(C2=NC=CC=C2)=NC=C1)N[C@H](C(N[C@H](CCCNC(N)=N)C(N[C@H](C(N[C@@H](CCCCN)C(N)=O)=O)CCCNC(N)=N)=O)=O)CCCNC(N)=N,2,10.1002/cmdc.201400029,,HeLa,nucleus,4,>100
C12=CC=CN=C1C3=NC=CC=C3C4=C2N=C5C(C=CC=C5)=N4,C12=CC=CN=C1C3=NC=CC=C3C4=C2N=C5C(C=CC=C5)=N4,O=C(N[C@@H](C(N[C@@H](CC1=CC=CC=C1)C(N[C@H](C(N)=O)CCCCN)=O)=O)CCCNC(N)=N)C2=NC(C3=NC=CC=C3)=NC=C2,2,10.1002/cmdc.201400029,,HeLa,cytoplasm,4,>100
C12=CC=CN=C1C3=NC=CC=C3C4=C2N=C5C(C=CC=C5)=N4,C12=CC=CN=C1C3=NC=CC=C3C4=C2N=C5C(C=CC=C5)=N4,O=C(N[C@@H](C(N[C@@H](CC1=CC=CC=C1)C(N[C@H](C(N)=O)CCCCN)=O)=O)CCCNC(N)=N)C2=NC(C3=NC=CC=C3)=NC=C2,2,10.1002/cmdc.201400029,,HeLa,nucleus,4,>100
C12=CC=CN=C1C3=NC=CC=C3C4=C2N=C5C(C=CC=C5)=N4,C12=CC=CN=C1C3=NC=CC=C3C4=C2N=C5C(C=CC=C5)=N4,O=C(NCC(N1[C@H](C(NCC(N[C@@H](C(C)C)C(N[C@@H](CCCCN)C(N)=O)=O)=O)=O)CCC1)=O)C2=NC(C3=NC=CC=C3)=NC=C2,2,10.1002/cmdc.201400029,,HeLa,,,>100
C12=CC=CN=C1C3=NC=CC=C3C4=C2N=C5C(C=CC=C5)=N4,C12=CC=CN=C1C3=NC=CC=C3C4=C2N=C5C(C=CC=C5)=N4,O=C(NCCCCCC(NCC(N1[C@H](C(NCC(N[C@H](C(N[C@@H](CCCCN)C(N)=O)=O)C(C)C)=O)=O)CCC1)=O)=O)C2=NC(C3=NC=CC=C3)=NC=C2,2,10.1002/cmdc.201400029,,HeLa,nucleus,,>100
C1(C2=CC=CC=N2)=NC=CC=C1,C1(C2=CC=CC=N2)=NC=CC=C1,COC(C=C1)=CC=C1/C=C/C2=CC=NC(C3=CC(/C=C/C4=CC=C(OC)C=C4)=CC=N3)=C2,2,10.1039/D1DT02083H,1.800,HeLa,,4,>100
C1(C2=CC=CC=N2)=NC=CC=C1,C1(C2=CC=CC=N2)=NC=CC=C1,COC(C=C1)=CC=C1/C=C/C2=CC=NC(C3=CC(/C=C/C4=CC=C(OC)C=C4)=CC=N3)=C2,2,10.1039/D1DT02083H,1.800,RPE-1,,4,>100
C1(C2=CC=CC=N2)=NC=CC=C1,C1(C2=CC=CC=N2)=NC=CC=C1,COC1=CC=CC(/C=C/C2=CC=NC(C3=CC(/C=C/C4=CC=CC(OC)=C4)=CC=N3)=C2)=C1,2,10.1039/D1DT02083H,1.56,HeLa,,4,>100
C1(C2=CC=CC=N2)=NC=CC=C1,C1(C2=CC=CC=N2)=NC=CC=C1,COC1=CC=CC(/C=C/C2=CC=NC(C3=CC(/C=C/C4=CC=CC(OC)=C4)=CC=N3)=C2)=C1,2,10.1039/D1DT02083H,1.56,RPE-1,,4,>100
C1(C2=CC=CC=N2)=NC=CC=C1,C1(C2=CC=CC=N2)=NC=CC=C1,COC(C=CC=C1)=C1/C=C/C2=CC=NC(C3=CC(/C=C/C4=CC=CC=C4OC)=CC=N3)=C2,2,10.1039/D1DT02083H,1.400,HeLa,,4,62.00
C1(C2=CC=CC=N2)=NC=CC=C1,C1(C2=CC=CC=N2)=NC=CC=C1,COC(C=CC=C1)=C1/C=C/C2=CC=NC(C3=CC(/C=C/C4=CC=CC=C4OC)=CC=N3)=C2,2,10.1039/D1DT02083H,1.400,RPE-1,,4,>100
C1(C2=CC=CC=N2)=NC=CC=C1,C1(C2=CC=CC=N2)=NC=CC=C1,OC(C=C1)=CC=C1/C=C/C2=CC=NC(C3=CC(/C=C/C4=CC=C(O)C=C4)=CC=N3)=C2,2,10.1039/D1DT02083H,0.92,HeLa,,4,>100
C1(C2=CC=CC=N2)=NC=CC=C1,C1(C2=CC=CC=N2)=NC=CC=C1,OC(C=C1)=CC=C1/C=C/C2=CC=NC(C3=CC(/C=C/C4=CC=C(O)C=C4)=CC=N3)=C2,2,10.1039/D1DT02083H,0.92,RPE-1,,4,>100
C1(C2=CC=CC=N2)=NC=CC=C1,C1(C2=CC=CC=N2)=NC=CC=C1,NC(C=C1)=CC=C1/C=C/C2=CC=NC(C3=CC(/C=C/C4=CC=C(N)C=C4)=CC=N3)=C2,2,10.1039/D1DT02083H,0.35,HeLa,,4,>100
C1(C2=CC=CC=N2)=NC=CC=C1,C1(C2=CC=CC=N2)=NC=CC=C1,NC(C=C1)=CC=C1/C=C/C2=CC=NC(C3=CC(/C=C/C4=CC=C(N)C=C4)=CC=N3)=C2,2,10.1039/D1DT02083H,0.35,RPE-1,,4,>100
C1(C2=CC=CC=N2)=NC=CC=C1,C1(C2=CC=CC=N2)=NC=CC=C1,FC(C=C1)=CC=C1/C=C/C2=CC=NC(C3=CC(/C=C/C4=CC=C(F)C=C4)=CC=N3)=C2,2,10.1039/D1DT02083H,1.77,HeLa,,4,>100
C1(C2=CC=CC=N2)=NC=CC=C1,C1(C2=CC=CC=N2)=NC=CC=C1,FC(C=C1)=CC=C1/C=C/C2=CC=NC(C3=CC(/C=C/C4=CC=C(F)C=C4)=CC=N3)=C2,2,10.1039/D1DT02083H,1.77,RPE-1,,4,>100
C1(C2=CC=CC=N2)=NC=CC=C1,C1(C2=CC=CC=N2)=NC=CC=C1,O=[N+](C(C=C1)=CC=C1/C=C/C2=CC=NC(C3=CC(/C=C/C4=CC=C([N+]([O-])=O)C=C4)=CC=N3)=C2)[O-],2,10.1039/D1DT02083H,1.56,HeLa,,4,>100
C1(C2=CC=CC=N2)=NC=CC=C1,C1(C2=CC=CC=N2)=NC=CC=C1,O=[N+](C(C=C1)=CC=C1/C=C/C2=CC=NC(C3=CC(/C=C/C4=CC=C([N+]([O-])=O)C=C4)=CC=N3)=C2)[O-],2,10.1039/D1DT02083H,1.56,RPE-1,,4,>100
C1(C2=NC=CN=C2)=CN=CC=N1,C1(C2=NC=CN=C2)=CN=CC=N1,COC(C=C1)=CC=C1/C=C/C2=CC=NC(C3=CC(/C=C/C4=CC=C(OC)C=C4)=CC=N3)=C2,2,10.1039/D1DT02083H,1.400,HeLa,,4,>100
C1(C2=NC=CN=C2)=CN=CC=N1,C1(C2=NC=CN=C2)=CN=CC=N1,COC(C=C1)=CC=C1/C=C/C2=CC=NC(C3=CC(/C=C/C4=CC=C(OC)C=C4)=CC=N3)=C2,2,10.1039/D1DT02083H,1.400,RPE-1,,4,>100
C1(C2=CC=CC=N2)=NC=CC=C1,C1(C2=CC=CC=N2)=NC=CC=C1,NCC(C=C1)=CC(C1=N2)=NC3=C2C(C=CC=N4)=C4C5=C3C=CC=N5,2,10.1002/ejic.201500602,,HeLa,,4,>100
C1(C2=CC=CC=N2)=NC=CC=C1,C1(C2=CC=CC=N2)=NC=CC=C1,NCC(C=C1)=CC(C1=N2)=NC3=C2C(C=CC=N4)=C4C5=C3C=CC=N5,2,10.1002/ejic.201500602,,MRC-5,,4,>100
C1(C2=NC=CC=C2C=C3)=C3C=CC=N1,C1(C2=NC=CC=C2C=C3)=C3C=CC=N1,NCC(C=C1)=CC(C1=N2)=NC3=C2C(C=CC=N4)=C4C5=C3C=CC=N5,2,10.1002/ejic.201500602,,HeLa,cytoplasm,4,>100
C1(C2=NC=CC=C2C=C3)=C3C=CC=N1,C1(C2=NC=CC=C2C=C3)=C3C=CC=N1,NCC(C=C1)=CC(C1=N2)=NC3=C2C(C=CC=N4)=C4C5=C3C=CC=N5,2,10.1002/ejic.201500602,,MRC-5,cytoplasm,4,>100
C1(NC2=NC=CC=C2)=NC=CC=C1,C1(NC2=NC=CC=C2)=NC=CC=C1,NCC(C=C1)=CC(C1=N2)=NC3=C2C(C=CC=N4)=C4C5=C3C=CC=N5,2,10.1002/ejic.201500602,,HeLa,,4,>100
C1(NC2=NC=CC=C2)=NC=CC=C1,C1(NC2=NC=CC=C2)=NC=CC=C1,NCC(C=C1)=CC(C1=N2)=NC3=C2C(C=CC=N4)=C4C5=C3C=CC=N5,2,10.1002/ejic.201500602,,MRC-5,,4,>100
CCN(CC)C1=CC=NC(C2=CC(N(CC)CC)=CC=N2)=C1,CCN(CC)C1=CC=NC(C2=CC(N(CC)CC)=CC=N2)=C1,C#CC1=CC=NC(C2=CC=CC=N2)=C1,2,10.1002/hlca.201900104,,HeLa,,4,9.33
CCN(CC)C1=CC=NC(C2=CC(N(CC)CC)=CC=N2)=C1,CCN(CC)C1=CC=NC(C2=CC(N(CC)CC)=CC=N2)=C1,C#CC1=CC=NC(C2=CC=CC=N2)=C1,2,10.1002/hlca.201900104,,RPE-1,,4,6.80
C1(C2=CC=CC=N2)=NC=CC=C1,C1(C2=CC=CC=N2)=NC=CC=C1,C#CC1=CC=NC(C2=CC=CC=N2)=C1,2,10.1002/hlca.201900104,,HeLa,,4,>100
C1(C2=CC=CC=N2)=NC=CC=C1,C1(C2=CC=CC=N2)=NC=CC=C1,C#CC1=CC=NC(C2=CC=CC=N2)=C1,2,10.1002/hlca.201900104,,RPE-1,,4,>100
C1(C2=CC=CC=C2)=CC=NC3=C1C=CC4=C3N=CC=C4C5=CC=CC=C5,C1(C2=CC=CC=C2)=CC=NC3=C1C=CC4=C3N=CC=C4C5=CC=CC=C5,[O]C1=C(C=CC=C1OC)[O-],1,10.1021/jacs.9b12464,,HeLa,nucleus,4,0.124
C1(C2=CC=CC=C2)=CC=NC3=C1C=CC4=C3N=CC=C4C5=CC=CC=C5,C1(C2=CC=CC=C2)=CC=NC3=C1C=CC4=C3N=CC=C4C5=CC=CC=C5,[O]C1=C(C=CC=C1OC)[O-],1,10.1021/jacs.9b12464,,HeLa,lysosom,4,0.124
C1(C2=CC=CC=C2)=CC=NC3=C1C=CC4=C3N=CC=C4C5=CC=CC=C5,C1(C2=CC=CC=C2)=CC=NC3=C1C=CC4=C3N=CC=C4C5=CC=CC=C5,[O]C1=C(C=CC=C1OC)[O-],1,10.1021/jacs.9b12464,,A2780,nucleus,4,0.0261
C1(C2=CC=CC=C2)=CC=NC3=C1C=CC4=C3N=CC=C4C5=CC=CC=C5,C1(C2=CC=CC=C2)=CC=NC3=C1C=CC4=C3N=CC=C4C5=CC=CC=C5,[O]C1=C(C=CC=C1OC)[O-],1,10.1021/jacs.9b12464,,A2780,lysosom,4,0.0261
C1(C2=CC=CC=C2)=CC=NC3=C1C=CC4=C3N=CC=C4C5=CC=CC=C5,C1(C2=CC=CC=C2)=CC=NC3=C1C=CC4=C3N=CC=C4C5=CC=CC=C5,[O]C1=C(C=CC=C1OC)[O-],1,10.1021/jacs.9b12464,,A2780 ADR,nucleus,4,0.70
C1(C2=CC=CC=C2)=CC=NC3=C1C=CC4=C3N=CC=C4C5=CC=CC=C5,C1(C2=CC=CC=C2)=CC=NC3=C1C=CC4=C3N=CC=C4C5=CC=CC=C5,[O]C1=C(C=CC=C1OC)[O-],1,10.1021/jacs.9b12464,,A2780 ADR,lysosom,4,0.70
C1(C2=CC=CC=C2)=CC=NC3=C1C=CC4=C3N=CC=C4C5=CC=CC=C5,C1(C2=CC=CC=C2)=CC=NC3=C1C=CC4=C3N=CC=C4C5=CC=CC=C5,[O]C1=C(C=CC=C1OC)[O-],1,10.1021/jacs.9b12464,,A2780 cis,nucleus,4,0.076
C1(C2=CC=CC=C2)=CC=NC3=C1C=CC4=C3N=CC=C4C5=CC=CC=C5,C1(C2=CC=CC=C2)=CC=NC3=C1C=CC4=C3N=CC=C4C5=CC=CC=C5,[O]C1=C(C=CC=C1OC)[O-],1,10.1021/jacs.9b12464,,A2780 cis,lysosom,4,0.076
C1(C2=CC=CC=C2)=CC=NC3=C1C=CC4=C3N=CC=C4C5=CC=CC=C5,C1(C2=CC=CC=C2)=CC=NC3=C1C=CC4=C3N=CC=C4C5=CC=CC=C5,[O]C1=C(C=CC=C1OC)[O-],1,10.1021/jacs.9b12464,,CT-26,nucleus,4,0.067
C1(C2=CC=CC=C2)=CC=NC3=C1C=CC4=C3N=CC=C4C5=CC=CC=C5,C1(C2=CC=CC=C2)=CC=NC3=C1C=CC4=C3N=CC=C4C5=CC=CC=C5,[O]C1=C(C=CC=C1OC)[O-],1,10.1021/jacs.9b12464,,CT-26,lysosom,4,0.067
C1(C2=CC=CC=C2)=CC=NC3=C1C=CC4=C3N=CC=C4C5=CC=CC=C5,C1(C2=CC=CC=C2)=CC=NC3=C1C=CC4=C3N=CC=C4C5=CC=CC=C5,[O]C1=C(C=CC=C1OC)[O-],1,10.1021/jacs.9b12464,,CT-26 LUC,nucleus,4,0.269
C1(C2=CC=CC=C2)=CC=NC3=C1C=CC4=C3N=CC=C4C5=CC=CC=C5,C1(C2=CC=CC=C2)=CC=NC3=C1C=CC4=C3N=CC=C4C5=CC=CC=C5,[O]C1=C(C=CC=C1OC)[O-],1,10.1021/jacs.9b12464,,CT-26 LUC,lysosom,4,0.269
C1(C2=CC=CC=C2)=CC=NC3=C1C=CC4=C3N=CC=C4C5=CC=CC=C5,C1(C2=CC=CC=C2)=CC=NC3=C1C=CC4=C3N=CC=C4C5=CC=CC=C5,[O]C1=C(C=CC=C1OC)[O-],1,10.1021/jacs.9b12464,,RPE-1,nucleus,4,0.764
C1(C2=CC=CC=C2)=CC=NC3=C1C=CC4=C3N=CC=C4C5=CC=CC=C5,C1(C2=CC=CC=C2)=CC=NC3=C1C=CC4=C3N=CC=C4C5=CC=CC=C5,[O]C1=C(C=CC=C1OC)[O-],1,10.1021/jacs.9b12464,,RPE-1,lysosom,4,0.764
C1(C2=CC=CC=C2)=CC=NC3=C1C=CC4=C3N=CC=C4C5=CC=CC=C5,C1(C2=CC=CC=C2)=CC=NC3=C1C=CC4=C3N=CC=C4C5=CC=CC=C5,[O-]C1=C(C=CC=C1C)[O],1,10.1021/jacs.9b12464,,HeLa,nucleus,4,0.353
C1(C2=CC=CC=C2)=CC=NC3=C1C=CC4=C3N=CC=C4C5=CC=CC=C5,C1(C2=CC=CC=C2)=CC=NC3=C1C=CC4=C3N=CC=C4C5=CC=CC=C5,[O-]C1=C(C=CC=C1C)[O],1,10.1021/jacs.9b12464,,HeLa,lysosom,4,0.353
C1(C2=CC=CC=C2)=CC=NC3=C1C=CC4=C3N=CC=C4C5=CC=CC=C5,C1(C2=CC=CC=C2)=CC=NC3=C1C=CC4=C3N=CC=C4C5=CC=CC=C5,[O-]C1=C(C=CC=C1C)[O],1,10.1021/jacs.9b12464,,A2780,nucleus,4,0.18
C1(C2=CC=CC=C2)=CC=NC3=C1C=CC4=C3N=CC=C4C5=CC=CC=C5,C1(C2=CC=CC=C2)=CC=NC3=C1C=CC4=C3N=CC=C4C5=CC=CC=C5,[O-]C1=C(C=CC=C1C)[O],1,10.1021/jacs.9b12464,,A2780,lysosom,4,0.18
C1(C2=CC=CC=C2)=CC=NC3=C1C=CC4=C3N=CC=C4C5=CC=CC=C5,C1(C2=CC=CC=C2)=CC=NC3=C1C=CC4=C3N=CC=C4C5=CC=CC=C5,[O-]C1=C(C=CC=C1C)[O],1,10.1021/jacs.9b12464,,A2780 ADR,nucleus,4,1.50
C1(C2=CC=CC=C2)=CC=NC3=C1C=CC4=C3N=CC=C4C5=CC=CC=C5,C1(C2=CC=CC=C2)=CC=NC3=C1C=CC4=C3N=CC=C4C5=CC=CC=C5,[O-]C1=C(C=CC=C1C)[O],1,10.1021/jacs.9b12464,,A2780 ADR,lysosom,4,1.50
C1(C2=CC=CC=C2)=CC=NC3=C1C=CC4=C3N=CC=C4C5=CC=CC=C5,C1(C2=CC=CC=C2)=CC=NC3=C1C=CC4=C3N=CC=C4C5=CC=CC=C5,[O-]C1=C(C=CC=C1C)[O],1,10.1021/jacs.9b12464,,A2780 cis,nucleus,4,0.39
C1(C2=CC=CC=C2)=CC=NC3=C1C=CC4=C3N=CC=C4C5=CC=CC=C5,C1(C2=CC=CC=C2)=CC=NC3=C1C=CC4=C3N=CC=C4C5=CC=CC=C5,[O-]C1=C(C=CC=C1C)[O],1,10.1021/jacs.9b12464,,A2780 cis,lysosom,4,0.39
C1(C2=CC=CC=C2)=CC=NC3=C1C=CC4=C3N=CC=C4C5=CC=CC=C5,C1(C2=CC=CC=C2)=CC=NC3=C1C=CC4=C3N=CC=C4C5=CC=CC=C5,[O-]C1=C(C=CC=C1C)[O],1,10.1021/jacs.9b12464,,CT-26,nucleus,4,0.31
C1(C2=CC=CC=C2)=CC=NC3=C1C=CC4=C3N=CC=C4C5=CC=CC=C5,C1(C2=CC=CC=C2)=CC=NC3=C1C=CC4=C3N=CC=C4C5=CC=CC=C5,[O-]C1=C(C=CC=C1C)[O],1,10.1021/jacs.9b12464,,CT-26,lysosom,4,0.31
C1(C2=CC=CC=C2)=CC=NC3=C1C=CC4=C3N=CC=C4C5=CC=CC=C5,C1(C2=CC=CC=C2)=CC=NC3=C1C=CC4=C3N=CC=C4C5=CC=CC=C5,[O-]C1=C(C=CC=C1C)[O],1,10.1021/jacs.9b12464,,CT-26 LUC,nucleus,4,0.24
C1(C2=CC=CC=C2)=CC=NC3=C1C=CC4=C3N=CC=C4C5=CC=CC=C5,C1(C2=CC=CC=C2)=CC=NC3=C1C=CC4=C3N=CC=C4C5=CC=CC=C5,[O-]C1=C(C=CC=C1C)[O],1,10.1021/jacs.9b12464,,CT-26 LUC,lysosom,4,0.24
C1(C2=CC=CC=C2)=CC=NC3=C1C=CC4=C3N=CC=C4C5=CC=CC=C5,C1(C2=CC=CC=C2)=CC=NC3=C1C=CC4=C3N=CC=C4C5=CC=CC=C5,[O-]C1=C(C=CC=C1C)[O],1,10.1021/jacs.9b12464,,RPE-1,nucleus,4,0.67
C1(C2=CC=CC=C2)=CC=NC3=C1C=CC4=C3N=CC=C4C5=CC=CC=C5,C1(C2=CC=CC=C2)=CC=NC3=C1C=CC4=C3N=CC=C4C5=CC=CC=C5,[O-]C1=C(C=CC=C1C)[O],1,10.1021/jacs.9b12464,,RPE-1,lysosom,4,0.67
C1(C2=CC=CC=C2)=CC=NC3=C1C=CC4=C3N=CC=C4C5=CC=CC=C5,C1(C2=CC=CC=C2)=CC=NC3=C1C=CC4=C3N=CC=C4C5=CC=CC=C5,[O]C1=C(C=CC(C)=C1)[O-],1,10.1021/jacs.9b12464,,HeLa,nucleus,4,0.61
C1(C2=CC=CC=C2)=CC=NC3=C1C=CC4=C3N=CC=C4C5=CC=CC=C5,C1(C2=CC=CC=C2)=CC=NC3=C1C=CC4=C3N=CC=C4C5=CC=CC=C5,[O]C1=C(C=CC(C)=C1)[O-],1,10.1021/jacs.9b12464,,HeLa,lysosom,4,0.61
C1(C2=CC=CC=C2)=CC=NC3=C1C=CC4=C3N=CC=C4C5=CC=CC=C5,C1(C2=CC=CC=C2)=CC=NC3=C1C=CC4=C3N=CC=C4C5=CC=CC=C5,[O]C1=C(C=CC(C)=C1)[O-],1,10.1021/jacs.9b12464,,A2780,nucleus,4,0.20
C1(C2=CC=CC=C2)=CC=NC3=C1C=CC4=C3N=CC=C4C5=CC=CC=C5,C1(C2=CC=CC=C2)=CC=NC3=C1C=CC4=C3N=CC=C4C5=CC=CC=C5,[O]C1=C(C=CC(C)=C1)[O-],1,10.1021/jacs.9b12464,,A2780,lysosom,4,0.20
C1(C2=CC=CC=C2)=CC=NC3=C1C=CC4=C3N=CC=C4C5=CC=CC=C5,C1(C2=CC=CC=C2)=CC=NC3=C1C=CC4=C3N=CC=C4C5=CC=CC=C5,[O]C1=C(C=CC(C)=C1)[O-],1,10.1021/jacs.9b12464,,A2780 ADR,nucleus,4,1.45
C1(C2=CC=CC=C2)=CC=NC3=C1C=CC4=C3N=CC=C4C5=CC=CC=C5,C1(C2=CC=CC=C2)=CC=NC3=C1C=CC4=C3N=CC=C4C5=CC=CC=C5,[O]C1=C(C=CC(C)=C1)[O-],1,10.1021/jacs.9b12464,,A2780 ADR,lysosom,4,1.45
C1(C2=CC=CC=C2)=CC=NC3=C1C=CC4=C3N=CC=C4C5=CC=CC=C5,C1(C2=CC=CC=C2)=CC=NC3=C1C=CC4=C3N=CC=C4C5=CC=CC=C5,[O]C1=C(C=CC(C)=C1)[O-],1,10.1021/jacs.9b12464,,A2780 cis,nucleus,4,0.39
C1(C2=CC=CC=C2)=CC=NC3=C1C=CC4=C3N=CC=C4C5=CC=CC=C5,C1(C2=CC=CC=C2)=CC=NC3=C1C=CC4=C3N=CC=C4C5=CC=CC=C5,[O]C1=C(C=CC(C)=C1)[O-],1,10.1021/jacs.9b12464,,A2780 cis,lysosom,4,0.39
C1(C2=CC=CC=C2)=CC=NC3=C1C=CC4=C3N=CC=C4C5=CC=CC=C5,C1(C2=CC=CC=C2)=CC=NC3=C1C=CC4=C3N=CC=C4C5=CC=CC=C5,[O]C1=C(C=CC(C)=C1)[O-],1,10.1021/jacs.9b12464,,CT-26,nucleus,4,0.65
C1(C2=CC=CC=C2)=CC=NC3=C1C=CC4=C3N=CC=C4C5=CC=CC=C5,C1(C2=CC=CC=C2)=CC=NC3=C1C=CC4=C3N=CC=C4C5=CC=CC=C5,[O]C1=C(C=CC(C)=C1)[O-],1,10.1021/jacs.9b12464,,CT-26,lysosom,4,0.65
C1(C2=CC=CC=C2)=CC=NC3=C1C=CC4=C3N=CC=C4C5=CC=CC=C5,C1(C2=CC=CC=C2)=CC=NC3=C1C=CC4=C3N=CC=C4C5=CC=CC=C5,[O]C1=C(C=CC(C)=C1)[O-],1,10.1021/jacs.9b12464,,CT-26 LUC,nucleus,4,0.42
C1(C2=CC=CC=C2)=CC=NC3=C1C=CC4=C3N=CC=C4C5=CC=CC=C5,C1(C2=CC=CC=C2)=CC=NC3=C1C=CC4=C3N=CC=C4C5=CC=CC=C5,[O]C1=C(C=CC(C)=C1)[O-],1,10.1021/jacs.9b12464,,CT-26 LUC,lysosom,4,0.42
C1(C2=CC=CC=C2)=CC=NC3=C1C=CC4=C3N=CC=C4C5=CC=CC=C5,C1(C2=CC=CC=C2)=CC=NC3=C1C=CC4=C3N=CC=C4C5=CC=CC=C5,[O]C1=C(C=CC(C)=C1)[O-],1,10.1021/jacs.9b12464,,RPE-1,nucleus,4,0.58
C1(C2=CC=CC=C2)=CC=NC3=C1C=CC4=C3N=CC=C4C5=CC=CC=C5,C1(C2=CC=CC=C2)=CC=NC3=C1C=CC4=C3N=CC=C4C5=CC=CC=C5,[O]C1=C(C=CC(C)=C1)[O-],1,10.1021/jacs.9b12464,,RPE-1,lysosom,4,0.58
C1(C2=CC=CC=C2)=CC=NC3=C1C=CC4=C3N=CC=C4C5=CC=CC=C5,C1(C2=CC=CC=C2)=CC=NC3=C1C=CC4=C3N=CC=C4C5=CC=CC=C5,[O]C1=C(C=CC(C(C)(C)C)=C1)[O-],1,10.1021/jacs.9b12464,,HeLa,nucleus,4,2.110
C1(C2=CC=CC=C2)=CC=NC3=C1C=CC4=C3N=CC=C4C5=CC=CC=C5,C1(C2=CC=CC=C2)=CC=NC3=C1C=CC4=C3N=CC=C4C5=CC=CC=C5,[O]C1=C(C=CC(C(C)(C)C)=C1)[O-],1,10.1021/jacs.9b12464,,HeLa,lysosom,4,2.110
C1(C2=CC=CC=C2)=CC=NC3=C1C=CC4=C3N=CC=C4C5=CC=CC=C5,C1(C2=CC=CC=C2)=CC=NC3=C1C=CC4=C3N=CC=C4C5=CC=CC=C5,[O]C1=C(C=CC(C(C)(C)C)=C1)[O-],1,10.1021/jacs.9b12464,,A2780,nucleus,4,0.53
C1(C2=CC=CC=C2)=CC=NC3=C1C=CC4=C3N=CC=C4C5=CC=CC=C5,C1(C2=CC=CC=C2)=CC=NC3=C1C=CC4=C3N=CC=C4C5=CC=CC=C5,[O]C1=C(C=CC(C(C)(C)C)=C1)[O-],1,10.1021/jacs.9b12464,,A2780,lysosom,4,0.53
C1(C2=CC=CC=C2)=CC=NC3=C1C=CC4=C3N=CC=C4C5=CC=CC=C5,C1(C2=CC=CC=C2)=CC=NC3=C1C=CC4=C3N=CC=C4C5=CC=CC=C5,[O]C1=C(C=CC(C(C)(C)C)=C1)[O-],1,10.1021/jacs.9b12464,,A2780 ADR,nucleus,4,1.91
C1(C2=CC=CC=C2)=CC=NC3=C1C=CC4=C3N=CC=C4C5=CC=CC=C5,C1(C2=CC=CC=C2)=CC=NC3=C1C=CC4=C3N=CC=C4C5=CC=CC=C5,[O]C1=C(C=CC(C(C)(C)C)=C1)[O-],1,10.1021/jacs.9b12464,,A2780 ADR,lysosom,4,1.91
C1(C2=CC=CC=C2)=CC=NC3=C1C=CC4=C3N=CC=C4C5=CC=CC=C5,C1(C2=CC=CC=C2)=CC=NC3=C1C=CC4=C3N=CC=C4C5=CC=CC=C5,[O]C1=C(C=CC(C(C)(C)C)=C1)[O-],1,10.1021/jacs.9b12464,,A2780 cis,nucleus,4,0.80
C1(C2=CC=CC=C2)=CC=NC3=C1C=CC4=C3N=CC=C4C5=CC=CC=C5,C1(C2=CC=CC=C2)=CC=NC3=C1C=CC4=C3N=CC=C4C5=CC=CC=C5,[O]C1=C(C=CC(C(C)(C)C)=C1)[O-],1,10.1021/jacs.9b12464,,A2780 cis,lysosom,4,0.80
C1(C2=CC=CC=C2)=CC=NC3=C1C=CC4=C3N=CC=C4C5=CC=CC=C5,C1(C2=CC=CC=C2)=CC=NC3=C1C=CC4=C3N=CC=C4C5=CC=CC=C5,[O]C1=C(C=CC(C(C)(C)C)=C1)[O-],1,10.1021/jacs.9b12464,,CT-26,nucleus,4,1.167
C1(C2=CC=CC=C2)=CC=NC3=C1C=CC4=C3N=CC=C4C5=CC=CC=C5,C1(C2=CC=CC=C2)=CC=NC3=C1C=CC4=C3N=CC=C4C5=CC=CC=C5,[O]C1=C(C=CC(C(C)(C)C)=C1)[O-],1,10.1021/jacs.9b12464,,CT-26,lysosom,4,1.167
C1(C2=CC=CC=C2)=CC=NC3=C1C=CC4=C3N=CC=C4C5=CC=CC=C5,C1(C2=CC=CC=C2)=CC=NC3=C1C=CC4=C3N=CC=C4C5=CC=CC=C5,[O]C1=C(C=CC(C(C)(C)C)=C1)[O-],1,10.1021/jacs.9b12464,,CT-26 LUC,nucleus,4,1.147
C1(C2=CC=CC=C2)=CC=NC3=C1C=CC4=C3N=CC=C4C5=CC=CC=C5,C1(C2=CC=CC=C2)=CC=NC3=C1C=CC4=C3N=CC=C4C5=CC=CC=C5,[O]C1=C(C=CC(C(C)(C)C)=C1)[O-],1,10.1021/jacs.9b12464,,CT-26 LUC,lysosom,4,1.147
C1(C2=CC=CC=C2)=CC=NC3=C1C=CC4=C3N=CC=C4C5=CC=CC=C5,C1(C2=CC=CC=C2)=CC=NC3=C1C=CC4=C3N=CC=C4C5=CC=CC=C5,[O]C1=C(C=CC(C(C)(C)C)=C1)[O-],1,10.1021/jacs.9b12464,,RPE-1,nucleus,4,2.965
C1(C2=CC=CC=C2)=CC=NC3=C1C=CC4=C3N=CC=C4C5=CC=CC=C5,C1(C2=CC=CC=C2)=CC=NC3=C1C=CC4=C3N=CC=C4C5=CC=CC=C5,[O]C1=C(C=CC(C(C)(C)C)=C1)[O-],1,10.1021/jacs.9b12464,,RPE-1,lysosom,4,2.965
C1(C2=CC=CC=C2)=CC=NC3=C1C=CC4=C3N=CC=C4C5=CC=CC=C5,C1(C2=CC=CC=C2)=CC=NC3=C1C=CC4=C3N=CC=C4C5=CC=CC=C5,[O-]C1=C([O-])C(Br)=C(C(Br)=C1Br)Br,0,10.1021/jacs.9b12464,,HeLa,nucleus,4,10.46
C1(C2=CC=CC=C2)=CC=NC3=C1C=CC4=C3N=CC=C4C5=CC=CC=C5,C1(C2=CC=CC=C2)=CC=NC3=C1C=CC4=C3N=CC=C4C5=CC=CC=C5,[O-]C1=C([O-])C(Br)=C(C(Br)=C1Br)Br,0,10.1021/jacs.9b12464,,HeLa,lysosom,4,10.46
C1(C2=CC=CC=C2)=CC=NC3=C1C=CC4=C3N=CC=C4C5=CC=CC=C5,C1(C2=CC=CC=C2)=CC=NC3=C1C=CC4=C3N=CC=C4C5=CC=CC=C5,[O-]C1=C([O-])C(Br)=C(C(Br)=C1Br)Br,0,10.1021/jacs.9b12464,,A2780,nucleus,4,10.23
C1(C2=CC=CC=C2)=CC=NC3=C1C=CC4=C3N=CC=C4C5=CC=CC=C5,C1(C2=CC=CC=C2)=CC=NC3=C1C=CC4=C3N=CC=C4C5=CC=CC=C5,[O-]C1=C([O-])C(Br)=C(C(Br)=C1Br)Br,0,10.1021/jacs.9b12464,,A2780,lysosom,4,10.23
C1(C2=CC=CC=C2)=CC=NC3=C1C=CC4=C3N=CC=C4C5=CC=CC=C5,C1(C2=CC=CC=C2)=CC=NC3=C1C=CC4=C3N=CC=C4C5=CC=CC=C5,[O-]C1=C([O-])C(Br)=C(C(Br)=C1Br)Br,0,10.1021/jacs.9b12464,,A2780 ADR,nucleus,4,15.100
C1(C2=CC=CC=C2)=CC=NC3=C1C=CC4=C3N=CC=C4C5=CC=CC=C5,C1(C2=CC=CC=C2)=CC=NC3=C1C=CC4=C3N=CC=C4C5=CC=CC=C5,[O-]C1=C([O-])C(Br)=C(C(Br)=C1Br)Br,0,10.1021/jacs.9b12464,,A2780 ADR,lysosom,4,15.100
C1(C2=CC=CC=C2)=CC=NC3=C1C=CC4=C3N=CC=C4C5=CC=CC=C5,C1(C2=CC=CC=C2)=CC=NC3=C1C=CC4=C3N=CC=C4C5=CC=CC=C5,[O-]C1=C([O-])C(Br)=C(C(Br)=C1Br)Br,0,10.1021/jacs.9b12464,,A2780 cis,nucleus,4,17.17
C1(C2=CC=CC=C2)=CC=NC3=C1C=CC4=C3N=CC=C4C5=CC=CC=C5,C1(C2=CC=CC=C2)=CC=NC3=C1C=CC4=C3N=CC=C4C5=CC=CC=C5,[O-]C1=C([O-])C(Br)=C(C(Br)=C1Br)Br,0,10.1021/jacs.9b12464,,A2780 cis,lysosom,4,17.17
C1(C2=CC=CC=C2)=CC=NC3=C1C=CC4=C3N=CC=C4C5=CC=CC=C5,C1(C2=CC=CC=C2)=CC=NC3=C1C=CC4=C3N=CC=C4C5=CC=CC=C5,[O-]C1=C([O-])C(Br)=C(C(Br)=C1Br)Br,0,10.1021/jacs.9b12464,,CT-26,nucleus,4,13.49
C1(C2=CC=CC=C2)=CC=NC3=C1C=CC4=C3N=CC=C4C5=CC=CC=C5,C1(C2=CC=CC=C2)=CC=NC3=C1C=CC4=C3N=CC=C4C5=CC=CC=C5,[O-]C1=C([O-])C(Br)=C(C(Br)=C1Br)Br,0,10.1021/jacs.9b12464,,CT-26,lysosom,4,13.49
C1(C2=CC=CC=C2)=CC=NC3=C1C=CC4=C3N=CC=C4C5=CC=CC=C5,C1(C2=CC=CC=C2)=CC=NC3=C1C=CC4=C3N=CC=C4C5=CC=CC=C5,[O-]C1=C([O-])C(Br)=C(C(Br)=C1Br)Br,0,10.1021/jacs.9b12464,,CT-26 LUC,nucleus,4,11.64
C1(C2=CC=CC=C2)=CC=NC3=C1C=CC4=C3N=CC=C4C5=CC=CC=C5,C1(C2=CC=CC=C2)=CC=NC3=C1C=CC4=C3N=CC=C4C5=CC=CC=C5,[O-]C1=C([O-])C(Br)=C(C(Br)=C1Br)Br,0,10.1021/jacs.9b12464,,CT-26 LUC,lysosom,4,11.64
C1(C2=CC=CC=C2)=CC=NC3=C1C=CC4=C3N=CC=C4C5=CC=CC=C5,C1(C2=CC=CC=C2)=CC=NC3=C1C=CC4=C3N=CC=C4C5=CC=CC=C5,[O-]C1=C([O-])C(Br)=C(C(Br)=C1Br)Br,0,10.1021/jacs.9b12464,,RPE-1,nucleus,4,23.15
C1(C2=CC=CC=C2)=CC=NC3=C1C=CC4=C3N=CC=C4C5=CC=CC=C5,C1(C2=CC=CC=C2)=CC=NC3=C1C=CC4=C3N=CC=C4C5=CC=CC=C5,[O-]C1=C([O-])C(Br)=C(C(Br)=C1Br)Br,0,10.1021/jacs.9b12464,,RPE-1,lysosom,4,23.15
C1(C2=CC=CC=C2)=CC=NC3=C1C=CC4=C3N=CC=C4C5=CC=CC=C5,C1(C2=CC=CC=C2)=CC=NC3=C1C=CC4=C3N=CC=C4C5=CC=CC=C5,[O-]C1=C([O-])C=CC([N+]([O-])=O)=C1,0,10.1021/jacs.9b12464,,HeLa,nucleus,4,10.30
C1(C2=CC=CC=C2)=CC=NC3=C1C=CC4=C3N=CC=C4C5=CC=CC=C5,C1(C2=CC=CC=C2)=CC=NC3=C1C=CC4=C3N=CC=C4C5=CC=CC=C5,[O-]C1=C([O-])C=CC([N+]([O-])=O)=C1,0,10.1021/jacs.9b12464,,HeLa,lysosom,4,10.30
C1(C2=CC=CC=C2)=CC=NC3=C1C=CC4=C3N=CC=C4C5=CC=CC=C5,C1(C2=CC=CC=C2)=CC=NC3=C1C=CC4=C3N=CC=C4C5=CC=CC=C5,[O-]C1=C([O-])C=CC([N+]([O-])=O)=C1,0,10.1021/jacs.9b12464,,A2780,nucleus,4,12.40
C1(C2=CC=CC=C2)=CC=NC3=C1C=CC4=C3N=CC=C4C5=CC=CC=C5,C1(C2=CC=CC=C2)=CC=NC3=C1C=CC4=C3N=CC=C4C5=CC=CC=C5,[O-]C1=C([O-])C=CC([N+]([O-])=O)=C1,0,10.1021/jacs.9b12464,,A2780,lysosom,4,12.40
C1(C2=CC=CC=C2)=CC=NC3=C1C=CC4=C3N=CC=C4C5=CC=CC=C5,C1(C2=CC=CC=C2)=CC=NC3=C1C=CC4=C3N=CC=C4C5=CC=CC=C5,[O-]C1=C([O-])C=CC([N+]([O-])=O)=C1,0,10.1021/jacs.9b12464,,A2780 ADR,nucleus,4,18.63
C1(C2=CC=CC=C2)=CC=NC3=C1C=CC4=C3N=CC=C4C5=CC=CC=C5,C1(C2=CC=CC=C2)=CC=NC3=C1C=CC4=C3N=CC=C4C5=CC=CC=C5,[O-]C1=C([O-])C=CC([N+]([O-])=O)=C1,0,10.1021/jacs.9b12464,,A2780 ADR,lysosom,4,18.63
C1(C2=CC=CC=C2)=CC=NC3=C1C=CC4=C3N=CC=C4C5=CC=CC=C5,C1(C2=CC=CC=C2)=CC=NC3=C1C=CC4=C3N=CC=C4C5=CC=CC=C5,[O-]C1=C([O-])C=CC([N+]([O-])=O)=C1,0,10.1021/jacs.9b12464,,A2780 cis,nucleus,4,16.37
C1(C2=CC=CC=C2)=CC=NC3=C1C=CC4=C3N=CC=C4C5=CC=CC=C5,C1(C2=CC=CC=C2)=CC=NC3=C1C=CC4=C3N=CC=C4C5=CC=CC=C5,[O-]C1=C([O-])C=CC([N+]([O-])=O)=C1,0,10.1021/jacs.9b12464,,A2780 cis,lysosom,4,16.37
C1(C2=CC=CC=C2)=CC=NC3=C1C=CC4=C3N=CC=C4C5=CC=CC=C5,C1(C2=CC=CC=C2)=CC=NC3=C1C=CC4=C3N=CC=C4C5=CC=CC=C5,[O-]C1=C([O-])C=CC([N+]([O-])=O)=C1,0,10.1021/jacs.9b12464,,CT-26,nucleus,4,7.61
C1(C2=CC=CC=C2)=CC=NC3=C1C=CC4=C3N=CC=C4C5=CC=CC=C5,C1(C2=CC=CC=C2)=CC=NC3=C1C=CC4=C3N=CC=C4C5=CC=CC=C5,[O-]C1=C([O-])C=CC([N+]([O-])=O)=C1,0,10.1021/jacs.9b12464,,CT-26,lysosom,4,7.61
C1(C2=CC=CC=C2)=CC=NC3=C1C=CC4=C3N=CC=C4C5=CC=CC=C5,C1(C2=CC=CC=C2)=CC=NC3=C1C=CC4=C3N=CC=C4C5=CC=CC=C5,[O-]C1=C([O-])C=CC([N+]([O-])=O)=C1,0,10.1021/jacs.9b12464,,CT-26 LUC,nucleus,4,9.0100
C1(C2=CC=CC=C2)=CC=NC3=C1C=CC4=C3N=CC=C4C5=CC=CC=C5,C1(C2=CC=CC=C2)=CC=NC3=C1C=CC4=C3N=CC=C4C5=CC=CC=C5,[O-]C1=C([O-])C=CC([N+]([O-])=O)=C1,0,10.1021/jacs.9b12464,,CT-26 LUC,lysosom,4,9.0100
C1(C2=CC=CC=C2)=CC=NC3=C1C=CC4=C3N=CC=C4C5=CC=CC=C5,C1(C2=CC=CC=C2)=CC=NC3=C1C=CC4=C3N=CC=C4C5=CC=CC=C5,[O-]C1=C([O-])C=CC([N+]([O-])=O)=C1,0,10.1021/jacs.9b12464,,RPE-1,nucleus,4,16.55
C1(C2=CC=CC=C2)=CC=NC3=C1C=CC4=C3N=CC=C4C5=CC=CC=C5,C1(C2=CC=CC=C2)=CC=NC3=C1C=CC4=C3N=CC=C4C5=CC=CC=C5,[O-]C1=C([O-])C=CC([N+]([O-])=O)=C1,0,10.1021/jacs.9b12464,,RPE-1,lysosom,4,16.55
C1(C=C2)=C(C3=C2C=CC=N3)N=CC=C1,C1(C=C2)=C(C3=C2C=CC=N3)N=CC=C1,CC1=CC=NC(C2=CC(C)=CC=N2)=C1,2,10.1021/jacs.9b13620,0.2,CT-26,,4,>100
C1(C=C2)=C(C3=C2C=CC=N3)N=CC=C1,C1(C=C2)=C(C3=C2C=CC=N3)N=CC=C1,CC1=CC=NC(C2=CC(C)=CC=N2)=C1,2,10.1021/jacs.9b13620,0.2,U87,,4,>100
C1(C=C2)=C(C3=C2C=CC=N3)N=CC=C1,C1(C=C2)=C(C3=C2C=CC=N3)N=CC=C1,CC1=CC=NC(C2=CC(C)=CC=N2)=C1,2,10.1021/jacs.9b13620,0.2,U373,,4,>100
C1(C=C2)=C(C3=C2C=CC=N3)N=CC=C1,C1(C=C2)=C(C3=C2C=CC=N3)N=CC=C1,CC1=CC=NC(C2=CC(C)=CC=N2)=C1,2,10.1021/jacs.9b13620,0.2,HeLa,,4,>100
C1(C=C2)=C(C3=C2C=CC=N3)N=CC=C1,C1(C=C2)=C(C3=C2C=CC=N3)N=CC=C1,CC1=CC=NC(C2=CC(C)=CC=N2)=C1,2,10.1021/jacs.9b13620,0.2,RPE-1,,4,>100
C1(C=C2)=C(C3=C2C=CC=N3)N=CC=C1,C1(C=C2)=C(C3=C2C=CC=N3)N=CC=C1,CCC1=CC=NC(C2=CC(CC)=CC=N2)=C1,2,10.1021/jacs.9b13620,0.3,CT-26,,4,>100
C1(C=C2)=C(C3=C2C=CC=N3)N=CC=C1,C1(C=C2)=C(C3=C2C=CC=N3)N=CC=C1,CCC1=CC=NC(C2=CC(CC)=CC=N2)=C1,2,10.1021/jacs.9b13620,0.3,U87,,4,>100
C1(C=C2)=C(C3=C2C=CC=N3)N=CC=C1,C1(C=C2)=C(C3=C2C=CC=N3)N=CC=C1,CCC1=CC=NC(C2=CC(CC)=CC=N2)=C1,2,10.1021/jacs.9b13620,0.3,U373,,4,>100
C1(C=C2)=C(C3=C2C=CC=N3)N=CC=C1,C1(C=C2)=C(C3=C2C=CC=N3)N=CC=C1,CCC1=CC=NC(C2=CC(CC)=CC=N2)=C1,2,10.1021/jacs.9b13620,0.3,HeLa,,4,>100
C1(C=C2)=C(C3=C2C=CC=N3)N=CC=C1,C1(C=C2)=C(C3=C2C=CC=N3)N=CC=C1,CCC1=CC=NC(C2=CC(CC)=CC=N2)=C1,2,10.1021/jacs.9b13620,0.3,RPE-1,,4,>100
C1(C=C2)=C(C3=C2C=CC=N3)N=CC=C1,C1(C=C2)=C(C3=C2C=CC=N3)N=CC=C1,BrCC1=CC=NC(C2=CC(CBr)=CC=N2)=C1,2,10.1021/jacs.9b13620,0.4,CT-26,,4,>100
C1(C=C2)=C(C3=C2C=CC=N3)N=CC=C1,C1(C=C2)=C(C3=C2C=CC=N3)N=CC=C1,BrCC1=CC=NC(C2=CC(CBr)=CC=N2)=C1,2,10.1021/jacs.9b13620,0.4,U87,,4,>100
C1(C=C2)=C(C3=C2C=CC=N3)N=CC=C1,C1(C=C2)=C(C3=C2C=CC=N3)N=CC=C1,BrCC1=CC=NC(C2=CC(CBr)=CC=N2)=C1,2,10.1021/jacs.9b13620,0.4,U373,,4,>100
C1(C=C2)=C(C3=C2C=CC=N3)N=CC=C1,C1(C=C2)=C(C3=C2C=CC=N3)N=CC=C1,BrCC1=CC=NC(C2=CC(CBr)=CC=N2)=C1,2,10.1021/jacs.9b13620,0.4,HeLa,,4,>100
C1(C=C2)=C(C3=C2C=CC=N3)N=CC=C1,C1(C=C2)=C(C3=C2C=CC=N3)N=CC=C1,BrCC1=CC=NC(C2=CC(CBr)=CC=N2)=C1,2,10.1021/jacs.9b13620,0.4,RPE-1,,4,>100
C1(C=C2)=C(C3=C2C=CC=N3)N=CC=C1,C1(C=C2)=C(C3=C2C=CC=N3)N=CC=C1,NC(CC1=CC=NC(C2=CC(CC(N)=O)=CC=N2)=C1)=O,2,10.1021/jacs.9b13620,0.2,CT-26,,4,>100
C1(C=C2)=C(C3=C2C=CC=N3)N=CC=C1,C1(C=C2)=C(C3=C2C=CC=N3)N=CC=C1,NC(CC1=CC=NC(C2=CC(CC(N)=O)=CC=N2)=C1)=O,2,10.1021/jacs.9b13620,0.2,U87,,4,>100
C1(C=C2)=C(C3=C2C=CC=N3)N=CC=C1,C1(C=C2)=C(C3=C2C=CC=N3)N=CC=C1,NC(CC1=CC=NC(C2=CC(CC(N)=O)=CC=N2)=C1)=O,2,10.1021/jacs.9b13620,0.2,U373,,4,>100
C1(C=C2)=C(C3=C2C=CC=N3)N=CC=C1,C1(C=C2)=C(C3=C2C=CC=N3)N=CC=C1,NC(CC1=CC=NC(C2=CC(CC(N)=O)=CC=N2)=C1)=O,2,10.1021/jacs.9b13620,0.2,HeLa,,4,>100
C1(C=C2)=C(C3=C2C=CC=N3)N=CC=C1,C1(C=C2)=C(C3=C2C=CC=N3)N=CC=C1,NC(CC1=CC=NC(C2=CC(CC(N)=O)=CC=N2)=C1)=O,2,10.1021/jacs.9b13620,0.2,RPE-1,,4,>100
C1(C=C2)=C(C3=C2C=CC=N3)N=CC=C1,C1(C=C2)=C(C3=C2C=CC=N3)N=CC=C1,CN(C)/C=C/CC1=CC=NC(C2=CC(C/C=C/N(C)C)=CC=N2)=C1,2,10.1021/jacs.9b13620,0.7,CT-26,,4,>100
C1(C=C2)=C(C3=C2C=CC=N3)N=CC=C1,C1(C=C2)=C(C3=C2C=CC=N3)N=CC=C1,CN(C)/C=C/CC1=CC=NC(C2=CC(C/C=C/N(C)C)=CC=N2)=C1,2,10.1021/jacs.9b13620,0.7,U87,,4,>100
C1(C=C2)=C(C3=C2C=CC=N3)N=CC=C1,C1(C=C2)=C(C3=C2C=CC=N3)N=CC=C1,CN(C)/C=C/CC1=CC=NC(C2=CC(C/C=C/N(C)C)=CC=N2)=C1,2,10.1021/jacs.9b13620,0.7,U373,,4,>100
C1(C=C2)=C(C3=C2C=CC=N3)N=CC=C1,C1(C=C2)=C(C3=C2C=CC=N3)N=CC=C1,CN(C)/C=C/CC1=CC=NC(C2=CC(C/C=C/N(C)C)=CC=N2)=C1,2,10.1021/jacs.9b13620,0.7,HeLa,,4,>100
C1(C=C2)=C(C3=C2C=CC=N3)N=CC=C1,C1(C=C2)=C(C3=C2C=CC=N3)N=CC=C1,CN(C)/C=C/CC1=CC=NC(C2=CC(C/C=C/N(C)C)=CC=N2)=C1,2,10.1021/jacs.9b13620,0.7,RPE-1,,4,>100
C1(C2=CC=CC=C2)=CC=NC3=C1C=CC4=C3N=CC=C4C5=CC=CC=C5,C1(C2=CC=CC=C2)=CC=NC3=C1C=CC4=C3N=CC=C4C5=CC=CC=C5,CCC1=CC=NC(C2=CC(CC)=CC=N2)=C1,2,10.1021/jacs.9b13620,1.40,CT-26,,4,3.090
C1(C2=CC=CC=C2)=CC=NC3=C1C=CC4=C3N=CC=C4C5=CC=CC=C5,C1(C2=CC=CC=C2)=CC=NC3=C1C=CC4=C3N=CC=C4C5=CC=CC=C5,CCC1=CC=NC(C2=CC(CC)=CC=N2)=C1,2,10.1021/jacs.9b13620,1.40,U87,,4,28.45
C1(C2=CC=CC=C2)=CC=NC3=C1C=CC4=C3N=CC=C4C5=CC=CC=C5,C1(C2=CC=CC=C2)=CC=NC3=C1C=CC4=C3N=CC=C4C5=CC=CC=C5,CCC1=CC=NC(C2=CC(CC)=CC=N2)=C1,2,10.1021/jacs.9b13620,1.40,U373,,4,23.37
C1(C2=CC=CC=C2)=CC=NC3=C1C=CC4=C3N=CC=C4C5=CC=CC=C5,C1(C2=CC=CC=C2)=CC=NC3=C1C=CC4=C3N=CC=C4C5=CC=CC=C5,CCC1=CC=NC(C2=CC(CC)=CC=N2)=C1,2,10.1021/jacs.9b13620,1.40,HeLa,,4,13.57
C1(C2=CC=CC=C2)=CC=NC3=C1C=CC4=C3N=CC=C4C5=CC=CC=C5,C1(C2=CC=CC=C2)=CC=NC3=C1C=CC4=C3N=CC=C4C5=CC=CC=C5,CCC1=CC=NC(C2=CC(CC)=CC=N2)=C1,2,10.1021/jacs.9b13620,1.40,RPE-1,,4,28.77
C1(C2=CC=CC=C2)=CC=NC3=C1C=CC4=C3N=CC=C4C5=CC=CC=C5,C1(C2=CC=CC=C2)=CC=NC3=C1C=CC4=C3N=CC=C4C5=CC=CC=C5,CN(C)/C=C/CC1=CC=NC(C2=CC(C/C=C/N(C)C)=CC=N2)=C1,2,10.1021/jacs.9b13620,1.70,CT-26,,4,94.47
C1(C2=CC=CC=C2)=CC=NC3=C1C=CC4=C3N=CC=C4C5=CC=CC=C5,C1(C2=CC=CC=C2)=CC=NC3=C1C=CC4=C3N=CC=C4C5=CC=CC=C5,CN(C)/C=C/CC1=CC=NC(C2=CC(C/C=C/N(C)C)=CC=N2)=C1,2,10.1021/jacs.9b13620,1.70,U87,,4,>100
C1(C2=CC=CC=C2)=CC=NC3=C1C=CC4=C3N=CC=C4C5=CC=CC=C5,C1(C2=CC=CC=C2)=CC=NC3=C1C=CC4=C3N=CC=C4C5=CC=CC=C5,CN(C)/C=C/CC1=CC=NC(C2=CC(C/C=C/N(C)C)=CC=N2)=C1,2,10.1021/jacs.9b13620,1.70,U373,,4,>100
C1(C2=CC=CC=C2)=CC=NC3=C1C=CC4=C3N=CC=C4C5=CC=CC=C5,C1(C2=CC=CC=C2)=CC=NC3=C1C=CC4=C3N=CC=C4C5=CC=CC=C5,CN(C)/C=C/CC1=CC=NC(C2=CC(C/C=C/N(C)C)=CC=N2)=C1,2,10.1021/jacs.9b13620,1.70,HeLa,,4,>100
C1(C2=CC=CC=C2)=CC=NC3=C1C=CC4=C3N=CC=C4C5=CC=CC=C5,C1(C2=CC=CC=C2)=CC=NC3=C1C=CC4=C3N=CC=C4C5=CC=CC=C5,CN(C)/C=C/CC1=CC=NC(C2=CC(C/C=C/N(C)C)=CC=N2)=C1,2,10.1021/jacs.9b13620,1.70,RPE-1,,4,>100
C1(C2=CC=CC=C2)=CC=NC3=C1C=CC4=C3N=CC=C4C5=CC=CC=C5,C1(C2=CC=CC=C2)=CC=NC3=C1C=CC4=C3N=CC=C4C5=CC=CC=C5,O=S([O-])C1=C(C=CC=C1)S([O-])=O,0,10.1021/jm500566f,,MRC-5,mitochondria,48,15.60
C1(C2=CC=CC=C2)=CC=NC3=C1C=CC4=C3N=CC=C4C5=CC=CC=C5,C1(C2=CC=CC=C2)=CC=NC3=C1C=CC4=C3N=CC=C4C5=CC=CC=C5,O=S([O-])C1=C(C=CC=C1)S([O-])=O,0,10.1021/jm500566f,,HeLa,mitochondria,48,5.70
C1(C2=CC=CC=C2)=CC=NC3=C1C=CC4=C3N=CC=C4C5=CC=CC=C5,C1(C2=CC=CC=C2)=CC=NC3=C1C=CC4=C3N=CC=C4C5=CC=CC=C5,O=S([O-])C1=C(C=CC=C1)S([O-])=O,0,10.1021/jm500566f,,HeLa,mitochondria,4,49.7
C1(C2=CC=CC=C2)=CC=NC3=C1C=CC4=C3N=CC=C4C5=CC=CC=C5,C1(C2=CC=CC=C2)=CC=NC3=C1C=CC4=C3N=CC=C4C5=CC=CC=C5,O=S([O-])C1=C(C=CC=C1)S([O-])=O,0,10.1021/jm500566f,,MRC-5,nucleus,48,15.60
C1(C2=CC=CC=C2)=CC=NC3=C1C=CC4=C3N=CC=C4C5=CC=CC=C5,C1(C2=CC=CC=C2)=CC=NC3=C1C=CC4=C3N=CC=C4C5=CC=CC=C5,O=S([O-])C1=C(C=CC=C1)S([O-])=O,0,10.1021/jm500566f,,HeLa,nucleus,48,5.70
C1(C2=CC=CC=C2)=CC=NC3=C1C=CC4=C3N=CC=C4C5=CC=CC=C5,C1(C2=CC=CC=C2)=CC=NC3=C1C=CC4=C3N=CC=C4C5=CC=CC=C5,O=S([O-])C1=C(C=CC=C1)S([O-])=O,0,10.1021/jm500566f,,HeLa,nucleus,4,49.7
CC1=CC(C2=CC(C)=CC=N2)=NC=C1,C1(C(N=CC=C2C3=CC=CC=C3)=C2C=C4)=C4C(C5=CC=CC=C5)=CC=N1,C1(C(N=CC=C2C3=CC=CC=C3)=C2C=C4)=C4C(C5=CC=CC=C5)=CC=N1,2,10.1021/acs.jmedchem.0c02006,,MRC-5,,4,4.170
CC1=CC(C2=CC(C)=CC=N2)=NC=C1,C1(C(N=CC=C2C3=CC=CC=C3)=C2C=C4)=C4C(C5=CC=CC=C5)=CC=N1,C1(C(N=CC=C2C3=CC=CC=C3)=C2C=C4)=C4C(C5=CC=CC=C5)=CC=N1,2,10.1021/acs.jmedchem.0c02006,,A2780,,4,8.39
CC1=CC(C2=CC(C)=CC=N2)=NC=C1,C1(C(N=CC=C2C3=CC=CC=C3)=C2C=C4)=C4C(C5=CC=CC=C5)=CC=N1,C1(C(N=CC=C2C3=CC=CC=C3)=C2C=C4)=C4C(C5=CC=CC=C5)=CC=N1,2,10.1021/acs.jmedchem.0c02006,,A2780 cis,,4,9.76
CC1=CC(C2=CC(C)=CC=N2)=NC=C1,C1(C(N=CC=C2C3=CC=CC=C3)=C2C=C4)=C4C(C5=CC=CC=C5)=CC=N1,C1(C(N=CC=C2C3=CC=CC=C3)=C2C=C4)=C4C(C5=CC=CC=C5)=CC=N1,2,10.1021/acs.jmedchem.0c02006,,A2780 ADR,,4,9.53
C1(C2=CC=CC=N2)=NC=CC=C1,C1(C2=CC=CC=N2)=NC=CC=C1,O=C(O)C1=CC=NC(C2=CC=CC=N2)=N1,2,10.1021/ja307288s,-1.81,HeLa,,4,>100
C1(C2=CC=CC=N2)=NC=CC=C1,C1(C2=CC=CC=N2)=NC=CC=C1,O=C(O)C1=CC=NC(C2=CC=CC=N2)=N1,2,10.1021/ja307288s,-1.81,MCF.7,,4,>100
C1(C2=CC=CC=N2)=NC=CC=C1,C1(C2=CC=CC=N2)=NC=CC=C1,O=C(O)C1=CC=NC(C2=CC=CC=N2)=N1,2,10.1021/ja307288s,-1.81,U2OS,,4,>100
C1(C2=CC=CC=N2)=NC=CC=C1,C1(C2=CC=CC=N2)=NC=CC=C1,O=C(O)C1=CC=NC(C2=CC=CC=N2)=N1,2,10.1021/ja307288s,-1.81,A2780,,4,>100
C1(C2=CC=CC=N2)=NC=CC=C1,C1(C2=CC=CC=N2)=NC=CC=C1,O=C(O)C1=CC=NC(C2=CC=CC=N2)=N1,2,10.1021/ja307288s,-1.81,A2780-CP70,,4,>100
C1(C2=CC=CC=N2)=NC=CC=C1,C1(C2=CC=CC=N2)=NC=CC=C1,O=C(O)C1=CC=NC(C2=CC=CC=N2)=N1,2,10.1021/ja307288s,-1.81,MRC-5,,4,>100
C1(C2=CC=CC=N2)=NC=CC=C1,C1(C2=CC=CC=N2)=NC=CC=C1,O=C(NCCCCCC(O)=O)C1=CC=NC(C2=CC=CC=N2)=N1,2,10.1021/ja307288s,-1.58,HeLa,,4,>100
C1(C2=CC=CC=N2)=NC=CC=C1,C1(C2=CC=CC=N2)=NC=CC=C1,O=C(NCCCCCC(O)=O)C1=CC=NC(C2=CC=CC=N2)=N1,2,10.1021/ja307288s,-1.58,MCF.7,,4,>100
C1(C2=CC=CC=N2)=NC=CC=C1,C1(C2=CC=CC=N2)=NC=CC=C1,O=C(NCCCCCC(O)=O)C1=CC=NC(C2=CC=CC=N2)=N1,2,10.1021/ja307288s,-1.58,U2OS,,4,>100
C1(C2=CC=CC=N2)=NC=CC=C1,C1(C2=CC=CC=N2)=NC=CC=C1,O=C(NCCCCCC(O)=O)C1=CC=NC(C2=CC=CC=N2)=N1,2,10.1021/ja307288s,-1.58,A2780,,4,>100
C1(C2=CC=CC=N2)=NC=CC=C1,C1(C2=CC=CC=N2)=NC=CC=C1,O=C(NCCCCCC(O)=O)C1=CC=NC(C2=CC=CC=N2)=N1,2,10.1021/ja307288s,-1.58,A2780-CP70,,4,>100
C1(C2=CC=CC=N2)=NC=CC=C1,C1(C2=CC=CC=N2)=NC=CC=C1,O=C(NCCCCCC(O)=O)C1=CC=NC(C2=CC=CC=N2)=N1,2,10.1021/ja307288s,-1.58,MRC-5,,4,>100
C1(C2=C(C3=C4N=C5C(C=CC=C5)=N3)C=CC=N2)=C4C=CC=N1,C1(C2=C(C3=C4N=C5C(C=CC=C5)=N3)C=CC=N2)=C4C=CC=N1,O=C(O)C1=CC=NC(C2=CC=CC=N2)=N1,2,10.1021/ja307288s,-0.21,HeLa,cytoplasm,4,10.0
C1(C2=C(C3=C4N=C5C(C=CC=C5)=N3)C=CC=N2)=C4C=CC=N1,C1(C2=C(C3=C4N=C5C(C=CC=C5)=N3)C=CC=N2)=C4C=CC=N1,O=C(O)C1=CC=NC(C2=CC=CC=N2)=N1,2,10.1021/ja307288s,-0.21,MCF.7,cytoplasm,4,4.300
C1(C2=C(C3=C4N=C5C(C=CC=C5)=N3)C=CC=N2)=C4C=CC=N1,C1(C2=C(C3=C4N=C5C(C=CC=C5)=N3)C=CC=N2)=C4C=CC=N1,O=C(O)C1=CC=NC(C2=CC=CC=N2)=N1,2,10.1021/ja307288s,-0.21,U2OS,cytoplasm,4,13.50
C1(C2=C(C3=C4N=C5C(C=CC=C5)=N3)C=CC=N2)=C4C=CC=N1,C1(C2=C(C3=C4N=C5C(C=CC=C5)=N3)C=CC=N2)=C4C=CC=N1,O=C(O)C1=CC=NC(C2=CC=CC=N2)=N1,2,10.1021/ja307288s,-0.21,A2780,cytoplasm,4,2.80
C1(C2=C(C3=C4N=C5C(C=CC=C5)=N3)C=CC=N2)=C4C=CC=N1,C1(C2=C(C3=C4N=C5C(C=CC=C5)=N3)C=CC=N2)=C4C=CC=N1,O=C(O)C1=CC=NC(C2=CC=CC=N2)=N1,2,10.1021/ja307288s,-0.21,A2780-CP70,cytoplasm,4,4.0
C1(C2=C(C3=C4N=C5C(C=CC=C5)=N3)C=CC=N2)=C4C=CC=N1,C1(C2=C(C3=C4N=C5C(C=CC=C5)=N3)C=CC=N2)=C4C=CC=N1,O=C(O)C1=CC=NC(C2=CC=CC=N2)=N1,2,10.1021/ja307288s,-0.21,MRC-5,cytoplasm,4,15.100
C1(C2=C(C3=C4N=C5C(C=CC=C5)=N3)C=CC=N2)=C4C=CC=N1,C1(C2=C(C3=C4N=C5C(C=CC=C5)=N3)C=CC=N2)=C4C=CC=N1,O=C(O)C1=CC=NC(C2=CC=CC=N2)=N1,2,10.1021/ja307288s,-0.21,HeLa,mitochondria,4,10.0
C1(C2=C(C3=C4N=C5C(C=CC=C5)=N3)C=CC=N2)=C4C=CC=N1,C1(C2=C(C3=C4N=C5C(C=CC=C5)=N3)C=CC=N2)=C4C=CC=N1,O=C(O)C1=CC=NC(C2=CC=CC=N2)=N1,2,10.1021/ja307288s,-0.21,MCF.7,mitochondria,4,4.300
C1(C2=C(C3=C4N=C5C(C=CC=C5)=N3)C=CC=N2)=C4C=CC=N1,C1(C2=C(C3=C4N=C5C(C=CC=C5)=N3)C=CC=N2)=C4C=CC=N1,O=C(O)C1=CC=NC(C2=CC=CC=N2)=N1,2,10.1021/ja307288s,-0.21,U2OS,mitochondria,4,13.50
C1(C2=C(C3=C4N=C5C(C=CC=C5)=N3)C=CC=N2)=C4C=CC=N1,C1(C2=C(C3=C4N=C5C(C=CC=C5)=N3)C=CC=N2)=C4C=CC=N1,O=C(O)C1=CC=NC(C2=CC=CC=N2)=N1,2,10.1021/ja307288s,-0.21,A2780,mitochondria,4,2.80
C1(C2=C(C3=C4N=C5C(C=CC=C5)=N3)C=CC=N2)=C4C=CC=N1,C1(C2=C(C3=C4N=C5C(C=CC=C5)=N3)C=CC=N2)=C4C=CC=N1,O=C(O)C1=CC=NC(C2=CC=CC=N2)=N1,2,10.1021/ja307288s,-0.21,A2780-CP70,mitochondria,4,4.0
C1(C2=C(C3=C4N=C5C(C=CC=C5)=N3)C=CC=N2)=C4C=CC=N1,C1(C2=C(C3=C4N=C5C(C=CC=C5)=N3)C=CC=N2)=C4C=CC=N1,O=C(O)C1=CC=NC(C2=CC=CC=N2)=N1,2,10.1021/ja307288s,-0.21,MRC-5,mitochondria,4,15.100
C1(C2=C(C3=C4N=C5C(C=CC=C5)=N3)C=CC=N2)=C4C=CC=N1,C1(C2=C(C3=C4N=C5C(C=CC=C5)=N3)C=CC=N2)=C4C=CC=N1,O=C(NCCCCCC(O)=O)C1=CC=NC(C2=CC=CC=N2)=N1,2,10.1021/ja307288s,-0.05,HeLa,membrane,4,57.7
C1(C2=C(C3=C4N=C5C(C=CC=C5)=N3)C=CC=N2)=C4C=CC=N1,C1(C2=C(C3=C4N=C5C(C=CC=C5)=N3)C=CC=N2)=C4C=CC=N1,O=C(NCCCCCC(O)=O)C1=CC=NC(C2=CC=CC=N2)=N1,2,10.1021/ja307288s,-0.05,MCF.7,membrane,4,22.0
C1(C2=C(C3=C4N=C5C(C=CC=C5)=N3)C=CC=N2)=C4C=CC=N1,C1(C2=C(C3=C4N=C5C(C=CC=C5)=N3)C=CC=N2)=C4C=CC=N1,O=C(NCCCCCC(O)=O)C1=CC=NC(C2=CC=CC=N2)=N1,2,10.1021/ja307288s,-0.05,U2OS,membrane,4,83.2
C1(C2=C(C3=C4N=C5C(C=CC=C5)=N3)C=CC=N2)=C4C=CC=N1,C1(C2=C(C3=C4N=C5C(C=CC=C5)=N3)C=CC=N2)=C4C=CC=N1,O=C(NCCCCCC(O)=O)C1=CC=NC(C2=CC=CC=N2)=N1,2,10.1021/ja307288s,-0.05,A2780,membrane,4,26.80
C1(C2=C(C3=C4N=C5C(C=CC=C5)=N3)C=CC=N2)=C4C=CC=N1,C1(C2=C(C3=C4N=C5C(C=CC=C5)=N3)C=CC=N2)=C4C=CC=N1,O=C(NCCCCCC(O)=O)C1=CC=NC(C2=CC=CC=N2)=N1,2,10.1021/ja307288s,-0.05,A2780-CP70,membrane,4,49.6
C1(C2=C(C3=C4N=C5C(C=CC=C5)=N3)C=CC=N2)=C4C=CC=N1,C1(C2=C(C3=C4N=C5C(C=CC=C5)=N3)C=CC=N2)=C4C=CC=N1,O=C(NCCCCCC(O)=O)C1=CC=NC(C2=CC=CC=N2)=N1,2,10.1021/ja307288s,-0.05,MRC-5,membrane,4,66.3
CC(C=C1)=CC=C1/C=C/C2=CC(C3=CC(/C=C/C4=CC=C(C)C=C4)=CC=N3)=NC=C2,CC(C=C1)=CC=C1/C=C/C2=CC(C3=CC(/C=C/C4=CC=C(C)C=C4)=CC=N3)=NC=C2,CC(C=C1)=CC=C1/C=C/C2=CC(C3=CC(/C=C/C4=CC=C(C)C=C4)=CC=N3)=NC=C2,2,10.1038/s41467-020-16993-0,2.600,RPE-1,cytoplasm,4,>100
CC(C=C1)=CC=C1/C=C/C2=CC(C3=CC(/C=C/C4=CC=C(C)C=C4)=CC=N3)=NC=C2,CC(C=C1)=CC=C1/C=C/C2=CC(C3=CC(/C=C/C4=CC=C(C)C=C4)=CC=N3)=NC=C2,CC(C=C1)=CC=C1/C=C/C2=CC(C3=CC(/C=C/C4=CC=C(C)C=C4)=CC=N3)=NC=C2,2,10.1038/s41467-020-16993-0,2.600,HeLa,cytoplasm,4,>100
CC(C=C1)=CC=C1/C=C/C2=CC(C3=CC(/C=C/C4=CC=C(C)C=C4)=CC=N3)=NC=C2,CC(C=C1)=CC=C1/C=C/C2=CC(C3=CC(/C=C/C4=CC=C(C)C=C4)=CC=N3)=NC=C2,CC(C=C1)=CC=C1/C=C/C2=CC(C3=CC(/C=C/C4=CC=C(C)C=C4)=CC=N3)=NC=C2,2,10.1038/s41467-020-16993-0,2.600,CT-26,cytoplasm,4,>100
CC(C=C1)=CC=C1/C=C/C2=CC(C3=CC(/C=C/C4=CC=C(C)C=C4)=CC=N3)=NC=C2,CC(C=C1)=CC=C1/C=C/C2=CC(C3=CC(/C=C/C4=CC=C(C)C=C4)=CC=N3)=NC=C2,CC(C=C1)=CC=C1/C=C/C2=CC(C3=CC(/C=C/C4=CC=C(C)C=C4)=CC=N3)=NC=C2,2,10.1038/s41467-020-16993-0,2.600,U373,cytoplasm,4,>100
CN(C(C=C1)=CC=C1/C=C/C2=CC(C3=CC(/C=C/C4=CC=C(N(C)C)C=C4)=CC=N3)=NC=C2)C,CN(C(C=C1)=CC=C1/C=C/C2=CC(C3=CC(/C=C/C4=CC=C(N(C)C)C=C4)=CC=N3)=NC=C2)C,CN(C(C=C1)=CC=C1/C=C/C2=CC(C3=CC(/C=C/C4=CC=C(N(C)C)C=C4)=CC=N3)=NC=C2)C,2,10.1038/s41467-020-16993-0,2.700,RPE-1,cytoplasm,4,>100
CN(C(C=C1)=CC=C1/C=C/C2=CC(C3=CC(/C=C/C4=CC=C(N(C)C)C=C4)=CC=N3)=NC=C2)C,CN(C(C=C1)=CC=C1/C=C/C2=CC(C3=CC(/C=C/C4=CC=C(N(C)C)C=C4)=CC=N3)=NC=C2)C,CN(C(C=C1)=CC=C1/C=C/C2=CC(C3=CC(/C=C/C4=CC=C(N(C)C)C=C4)=CC=N3)=NC=C2)C,2,10.1038/s41467-020-16993-0,2.700,HeLa,cytoplasm,4,>100
CN(C(C=C1)=CC=C1/C=C/C2=CC(C3=CC(/C=C/C4=CC=C(N(C)C)C=C4)=CC=N3)=NC=C2)C,CN(C(C=C1)=CC=C1/C=C/C2=CC(C3=CC(/C=C/C4=CC=C(N(C)C)C=C4)=CC=N3)=NC=C2)C,CN(C(C=C1)=CC=C1/C=C/C2=CC(C3=CC(/C=C/C4=CC=C(N(C)C)C=C4)=CC=N3)=NC=C2)C,2,10.1038/s41467-020-16993-0,2.700,CT-26,cytoplasm,4,>100
CN(C(C=C1)=CC=C1/C=C/C2=CC(C3=CC(/C=C/C4=CC=C(N(C)C)C=C4)=CC=N3)=NC=C2)C,CN(C(C=C1)=CC=C1/C=C/C2=CC(C3=CC(/C=C/C4=CC=C(N(C)C)C=C4)=CC=N3)=NC=C2)C,CN(C(C=C1)=CC=C1/C=C/C2=CC(C3=CC(/C=C/C4=CC=C(N(C)C)C=C4)=CC=N3)=NC=C2)C,2,10.1038/s41467-020-16993-0,2.700,U373,cytoplasm,4,>100
COC(C=C1)=CC=C1/C=C/C2=CC(C3=CC(/C=C/C4=CC=C(OC)C=C4)=CC=N3)=NC=C2,COC(C=C1)=CC=C1/C=C/C2=CC(C3=CC(/C=C/C4=CC=C(OC)C=C4)=CC=N3)=NC=C2,COC(C=C1)=CC=C1/C=C/C2=CC(C3=CC(/C=C/C4=CC=C(OC)C=C4)=CC=N3)=NC=C2,2,10.1038/s41467-020-16993-0,2.300,RPE-1,cytoplasm,4,>100
COC(C=C1)=CC=C1/C=C/C2=CC(C3=CC(/C=C/C4=CC=C(OC)C=C4)=CC=N3)=NC=C2,COC(C=C1)=CC=C1/C=C/C2=CC(C3=CC(/C=C/C4=CC=C(OC)C=C4)=CC=N3)=NC=C2,COC(C=C1)=CC=C1/C=C/C2=CC(C3=CC(/C=C/C4=CC=C(OC)C=C4)=CC=N3)=NC=C2,2,10.1038/s41467-020-16993-0,2.300,HeLa,cytoplasm,4,>100
COC(C=C1)=CC=C1/C=C/C2=CC(C3=CC(/C=C/C4=CC=C(OC)C=C4)=CC=N3)=NC=C2,COC(C=C1)=CC=C1/C=C/C2=CC(C3=CC(/C=C/C4=CC=C(OC)C=C4)=CC=N3)=NC=C2,COC(C=C1)=CC=C1/C=C/C2=CC(C3=CC(/C=C/C4=CC=C(OC)C=C4)=CC=N3)=NC=C2,2,10.1038/s41467-020-16993-0,2.300,CT-26,cytoplasm,4,>100
COC(C=C1)=CC=C1/C=C/C2=CC(C3=CC(/C=C/C4=CC=C(OC)C=C4)=CC=N3)=NC=C2,COC(C=C1)=CC=C1/C=C/C2=CC(C3=CC(/C=C/C4=CC=C(OC)C=C4)=CC=N3)=NC=C2,COC(C=C1)=CC=C1/C=C/C2=CC(C3=CC(/C=C/C4=CC=C(OC)C=C4)=CC=N3)=NC=C2,2,10.1038/s41467-020-16993-0,2.300,U373,cytoplasm,4,>100
C1(C2=CC=CC=N2)=NC=CC=C1,CN(C(C=C1)=CC=C1/C=C/C2=CC(C3=CC(/C=C/C4=CC=C(N(C)C)C=C4)=CC=N3)=NC=C2)C,CN(C(C=C1)=CC=C1/C=C/C2=CC(C3=CC(/C=C/C4=CC=C(N(C)C)C=C4)=CC=N3)=NC=C2)C,2,10.1038/s41467-020-16993-0,1.700,RPE-1,cytoplasm,4,>100
C1(C2=CC=CC=N2)=NC=CC=C1,CN(C(C=C1)=CC=C1/C=C/C2=CC(C3=CC(/C=C/C4=CC=C(N(C)C)C=C4)=CC=N3)=NC=C2)C,CN(C(C=C1)=CC=C1/C=C/C2=CC(C3=CC(/C=C/C4=CC=C(N(C)C)C=C4)=CC=N3)=NC=C2)C,2,10.1038/s41467-020-16993-0,1.700,HeLa,cytoplasm,4,>100
C1(C2=CC=CC=N2)=NC=CC=C1,CN(C(C=C1)=CC=C1/C=C/C2=CC(C3=CC(/C=C/C4=CC=C(N(C)C)C=C4)=CC=N3)=NC=C2)C,CN(C(C=C1)=CC=C1/C=C/C2=CC(C3=CC(/C=C/C4=CC=C(N(C)C)C=C4)=CC=N3)=NC=C2)C,2,10.1038/s41467-020-16993-0,1.700,CT-26,cytoplasm,4,>100
C1(C2=CC=CC=N2)=NC=CC=C1,CN(C(C=C1)=CC=C1/C=C/C2=CC(C3=CC(/C=C/C4=CC=C(N(C)C)C=C4)=CC=N3)=NC=C2)C,CN(C(C=C1)=CC=C1/C=C/C2=CC(C3=CC(/C=C/C4=CC=C(N(C)C)C=C4)=CC=N3)=NC=C2)C,2,10.1038/s41467-020-16993-0,1.700,U373,cytoplasm,4,>100
C1(C2=CC=CC=N2)=NC=CC=C1,COC(C=C1)=CC=C1/C=C/C2=CC(C3=CC(/C=C/C4=CC=C(OC)C=C4)=CC=N3)=NC=C2,COC(C=C1)=CC=C1/C=C/C2=CC(C3=CC(/C=C/C4=CC=C(OC)C=C4)=CC=N3)=NC=C2,2,10.1038/s41467-020-16993-0,1.400,RPE-1,cytoplasm,4,>100
C1(C2=CC=CC=N2)=NC=CC=C1,COC(C=C1)=CC=C1/C=C/C2=CC(C3=CC(/C=C/C4=CC=C(OC)C=C4)=CC=N3)=NC=C2,COC(C=C1)=CC=C1/C=C/C2=CC(C3=CC(/C=C/C4=CC=C(OC)C=C4)=CC=N3)=NC=C2,2,10.1038/s41467-020-16993-0,1.400,HeLa,cytoplasm,4,>100
C1(C2=CC=CC=N2)=NC=CC=C1,COC(C=C1)=CC=C1/C=C/C2=CC(C3=CC(/C=C/C4=CC=C(OC)C=C4)=CC=N3)=NC=C2,COC(C=C1)=CC=C1/C=C/C2=CC(C3=CC(/C=C/C4=CC=C(OC)C=C4)=CC=N3)=NC=C2,2,10.1038/s41467-020-16993-0,1.400,CT-26,cytoplasm,4,>100
C1(C2=CC=CC=N2)=NC=CC=C1,COC(C=C1)=CC=C1/C=C/C2=CC(C3=CC(/C=C/C4=CC=C(OC)C=C4)=CC=N3)=NC=C2,COC(C=C1)=CC=C1/C=C/C2=CC(C3=CC(/C=C/C4=CC=C(OC)C=C4)=CC=N3)=NC=C2,2,10.1038/s41467-020-16993-0,1.400,U373,cytoplasm,4,>100
C1(C2=CC=CC=N2)=NC=CC=C1,C1(C2=CC=CC=N2)=NC=CC=C1,CN(C(C=C1)=CC=C1/C=C/C2=CC(C3=CC(/C=C/C4=CC=C(N(C)C)C=C4)=CC=N3)=NC=C2)C,2,10.1038/s41467-020-16993-0,0.7,RPE-1,cytoplasm,4,>100
C1(C2=CC=CC=N2)=NC=CC=C1,C1(C2=CC=CC=N2)=NC=CC=C1,CN(C(C=C1)=CC=C1/C=C/C2=CC(C3=CC(/C=C/C4=CC=C(N(C)C)C=C4)=CC=N3)=NC=C2)C,2,10.1038/s41467-020-16993-0,0.7,HeLa,cytoplasm,4,>100
C1(C2=CC=CC=N2)=NC=CC=C1,C1(C2=CC=CC=N2)=NC=CC=C1,CN(C(C=C1)=CC=C1/C=C/C2=CC(C3=CC(/C=C/C4=CC=C(N(C)C)C=C4)=CC=N3)=NC=C2)C,2,10.1038/s41467-020-16993-0,0.7,CT-26,cytoplasm,4,>100
C1(C2=CC=CC=N2)=NC=CC=C1,C1(C2=CC=CC=N2)=NC=CC=C1,CN(C(C=C1)=CC=C1/C=C/C2=CC(C3=CC(/C=C/C4=CC=C(N(C)C)C=C4)=CC=N3)=NC=C2)C,2,10.1038/s41467-020-16993-0,0.7,U373,cytoplasm,4,>100
C1(C2=CC=CC=N2)=NC=CC=C1,C1(C2=CC=CC=N2)=NC=CC=C1,COC(C=C1)=CC=C1/C=C/C2=CC(C3=CC(/C=C/C4=CC=C(OC)C=C4)=CC=N3)=NC=C2,2,10.1038/s41467-020-16993-0,0.5,RPE-1,cytoplasm,4,>100
C1(C2=CC=CC=N2)=NC=CC=C1,C1(C2=CC=CC=N2)=NC=CC=C1,COC(C=C1)=CC=C1/C=C/C2=CC(C3=CC(/C=C/C4=CC=C(OC)C=C4)=CC=N3)=NC=C2,2,10.1038/s41467-020-16993-0,0.5,HeLa,cytoplasm,4,>100
C1(C2=CC=CC=N2)=NC=CC=C1,C1(C2=CC=CC=N2)=NC=CC=C1,COC(C=C1)=CC=C1/C=C/C2=CC(C3=CC(/C=C/C4=CC=C(OC)C=C4)=CC=N3)=NC=C2,2,10.1038/s41467-020-16993-0,0.5,CT-26,cytoplasm,4,>100
C1(C2=CC=CC=N2)=NC=CC=C1,C1(C2=CC=CC=N2)=NC=CC=C1,COC(C=C1)=CC=C1/C=C/C2=CC(C3=CC(/C=C/C4=CC=C(OC)C=C4)=CC=N3)=NC=C2,2,10.1038/s41467-020-16993-0,0.5,U373,cytoplasm,4,>100
C1(C2=CC=CC=N2)=NC=CC=C1,C1(C2=CC=CC=N2)=NC=CC=C1,C12=NC=CC=C1C3=C(N=C(C=CC=C4)C4=N3)C5=C2N=CC=C5,2,,,HL-60,,72,92.00
C1(C2=CC=CC=N2)=NC=CC=C1,C1(C2=CC=CC=N2)=NC=CC=C1,C12=NC=CC=C1C3=C(N=C(C=CC=C4)C4=N3)C5=C2N=CC=C5,2,,,HeLa,,72,>100
C1(C2=CC=CC=N2)=NC=CC=C1,C1(C2=CC=CC=N2)=NC=CC=C1,C12=NC=CC=C1C3=C(N=C(C=CC=C4)C4=N3)C5=C2N=CC=C5,2,,,KB,,72,>100
C1(C2=CC=CC=N2)=NC=CC=C1,C1(C2=CC=CC=N2)=NC=CC=C1,C12=NC=CC=C1C3=C(N=C(C4=CN=CC=N4)N=N3)C5=C2N=CC=C5,2,,,HL-60,,72,6.700
C1(C2=CC=CC=N2)=NC=CC=C1,C1(C2=CC=CC=N2)=NC=CC=C1,C12=NC=CC=C1C3=C(N=C(C4=CN=CC=N4)N=N3)C5=C2N=CC=C5,2,,,BEL.7402,,72,12.60
C1(C2=CC=CC=N2)=NC=CC=C1,C1(C2=CC=CC=N2)=NC=CC=C1,C12=NC=CC=C1C3=C(N=C(C4=CN=CC=N4)N=N3)C5=C2N=CC=C5,2,,,HeLa,,72,6.900
C1(C2=CC=CC=N2)=NC=CC=C1,C1(C2=CC=CC=N2)=NC=CC=C1,C12=NC=CC=C1C3=C(N=C(C4=CN=CC=N4)N=N3)C5=C2N=CC=C5,2,,,KB,,72,12.300
C1(C2=NC=CC=C2C=C3)=C3C=CC=N1,C1(C2=NC=CC=C2C=C3)=C3C=CC=N1,C12=NC=CC=C1C3=C(N=C(C4=CN=CC=N4)N=N3)C5=C2N=CC=C5,2,,,HeLa,,72,>100
C1(C2=NC=CC=C2C=C3)=C3C=CC=N1,C1(C2=NC=CC=C2C=C3)=C3C=CC=N1,C12=NC=CC=C1C3=C(N=C(C4=CN=CC=N4)N=N3)C5=C2N=CC=C5,2,,,KB,,72,>100
C1(/N=N/C2=CC=CC=C2)=NC=CC=C1,C1(/N=N/C2=CC=CC=C2)=NC=CC=C1,C1(/N=N/C2=CC=CC=C2)=NC=CC=C1,2,10.1002/ejic.200500110,,A498,,120,55.4
C1(/N=N/C2=CC=CC=C2)=NC=CC=C1,C1(/N=N/C2=CC=CC=C2)=NC=CC=C1,C1(/N=N/C2=CC=CC=C2)=NC=CC=C1,2,10.1002/ejic.200500110,,EVSTA-T,,120,12.800
C1(/N=N/C2=CC=CC=C2)=NC=CC=C1,C1(/N=N/C2=CC=CC=C2)=NC=CC=C1,C1(/N=N/C2=CC=CC=C2)=NC=CC=C1,2,10.1002/ejic.200500110,,H226,,120,45.6
C1(/N=N/C2=CC=CC=C2)=NC=CC=C1,C1(/N=N/C2=CC=CC=C2)=NC=CC=C1,C1(/N=N/C2=CC=CC=C2)=NC=CC=C1,2,10.1002/ejic.200500110,,IGROV,,120,32.1
C1(/N=N/C2=CC=CC=C2)=NC=CC=C1,C1(/N=N/C2=CC=CC=C2)=NC=CC=C1,C1(/N=N/C2=CC=CC=C2)=NC=CC=C1,2,10.1002/ejic.200500110,,M19,,120,4.47
C1(/N=N/C2=CC=CC=C2)=NC=CC=C1,C1(/N=N/C2=CC=CC=C2)=NC=CC=C1,C1(/N=N/C2=CC=CC=C2)=NC=CC=C1,2,10.1002/ejic.200500110,,MCF.7.5,,120,25.200
C1(/N=N/C2=CC=CC=C2)=NC=CC=C1,C1(/N=N/C2=CC=CC=C2)=NC=CC=C1,C1(/N=N/C2=CC=CC=C2)=NC=CC=C1,2,10.1002/ejic.200500110,,WIDR,,120,29.200
C1(C2=CC=CC=N2)=NC=CC=C1,C1(/N=N/C2=CC=CC=C2)=NC=CC=C1,C1(/N=N/C2=CC=CC=C2)=NC=CC=C1,2,10.1002/ejic.200500110,,A498,,120,89.8
C1(C2=CC=CC=N2)=NC=CC=C1,C1(/N=N/C2=CC=CC=C2)=NC=CC=C1,C1(/N=N/C2=CC=CC=C2)=NC=CC=C1,2,10.1002/ejic.200500110,,EVSTA-T,,120,14.60
C1(C2=CC=CC=N2)=NC=CC=C1,C1(/N=N/C2=CC=CC=C2)=NC=CC=C1,C1(/N=N/C2=CC=CC=C2)=NC=CC=C1,2,10.1002/ejic.200500110,,H226,,120,46.50
C1(C2=CC=CC=N2)=NC=CC=C1,C1(/N=N/C2=CC=CC=C2)=NC=CC=C1,C1(/N=N/C2=CC=CC=C2)=NC=CC=C1,2,10.1002/ejic.200500110,,IGROV,,120,62.6
C1(C2=CC=CC=N2)=NC=CC=C1,C1(/N=N/C2=CC=CC=C2)=NC=CC=C1,C1(/N=N/C2=CC=CC=C2)=NC=CC=C1,2,10.1002/ejic.200500110,,M19,,120,13.30
C1(C2=CC=CC=N2)=NC=CC=C1,C1(/N=N/C2=CC=CC=C2)=NC=CC=C1,C1(/N=N/C2=CC=CC=C2)=NC=CC=C1,2,10.1002/ejic.200500110,,MCF.7.5,,120,17.90
C1(C2=CC=CC=N2)=NC=CC=C1,C1(/N=N/C2=CC=CC=C2)=NC=CC=C1,C1(/N=N/C2=CC=CC=C2)=NC=CC=C1,2,10.1002/ejic.200500110,,WIDR,,120,23.200
C1(/N=N/C2=CC=CC=C2)=NC=CC=C1,C1(/N=N/C2=CC=CC=C2)=NC=CC=C1,C1(C2=CC=CC=N2)=NC=CC=C1,2,10.1002/ejic.200500110,,A498,,120,92.0
C1(/N=N/C2=CC=CC=C2)=NC=CC=C1,C1(/N=N/C2=CC=CC=C2)=NC=CC=C1,C1(C2=CC=CC=N2)=NC=CC=C1,2,10.1002/ejic.200500110,,EVSTA-T,,120,38.7
C1(/N=N/C2=CC=CC=C2)=NC=CC=C1,C1(/N=N/C2=CC=CC=C2)=NC=CC=C1,C1(C2=CC=CC=N2)=NC=CC=C1,2,10.1002/ejic.200500110,,H226,,120,65.2
C1(/N=N/C2=CC=CC=C2)=NC=CC=C1,C1(/N=N/C2=CC=CC=C2)=NC=CC=C1,C1(C2=CC=CC=N2)=NC=CC=C1,2,10.1002/ejic.200500110,,IGROV,,120,54.6
C1(/N=N/C2=CC=CC=C2)=NC=CC=C1,C1(/N=N/C2=CC=CC=C2)=NC=CC=C1,C1(C2=CC=CC=N2)=NC=CC=C1,2,10.1002/ejic.200500110,,M19,,120,19.50
C1(/N=N/C2=CC=CC=C2)=NC=CC=C1,C1(/N=N/C2=CC=CC=C2)=NC=CC=C1,C1(C2=CC=CC=N2)=NC=CC=C1,2,10.1002/ejic.200500110,,MCF.7.5,,120,52.4
C1(/N=N/C2=CC=CC=C2)=NC=CC=C1,C1(/N=N/C2=CC=CC=C2)=NC=CC=C1,C1(C2=CC=CC=N2)=NC=CC=C1,2,10.1002/ejic.200500110,,WIDR,,120,64.4
C1(/N=N/C2=CC=CC=C2)=NC=CC=C1,C1(C2=CC=CC=N2)=NC=CC=C1,C1(C2=CC=CC=N2)=NC=CC=C1,2,10.1002/ejic.200500110,,A498,,120,77.8
C1(/N=N/C2=CC=CC=C2)=NC=CC=C1,C1(C2=CC=CC=N2)=NC=CC=C1,C1(C2=CC=CC=N2)=NC=CC=C1,2,10.1002/ejic.200500110,,EVSTA-T,,120,20.70
C1(/N=N/C2=CC=CC=C2)=NC=CC=C1,C1(C2=CC=CC=N2)=NC=CC=C1,C1(C2=CC=CC=N2)=NC=CC=C1,2,10.1002/ejic.200500110,,H226,,120,17.70
C1(/N=N/C2=CC=CC=C2)=NC=CC=C1,C1(C2=CC=CC=N2)=NC=CC=C1,C1(C2=CC=CC=N2)=NC=CC=C1,2,10.1002/ejic.200500110,,IGROV,,120,63.8
C1(/N=N/C2=CC=CC=C2)=NC=CC=C1,C1(C2=CC=CC=N2)=NC=CC=C1,C1(C2=CC=CC=N2)=NC=CC=C1,2,10.1002/ejic.200500110,,M19,,120,25.90
C1(/N=N/C2=CC=CC=C2)=NC=CC=C1,C1(C2=CC=CC=N2)=NC=CC=C1,C1(C2=CC=CC=N2)=NC=CC=C1,2,10.1002/ejic.200500110,,MCF.7.5,,120,40.4
C1(/N=N/C2=CC=CC=C2)=NC=CC=C1,C1(C2=CC=CC=N2)=NC=CC=C1,C1(C2=CC=CC=N2)=NC=CC=C1,2,10.1002/ejic.200500110,,WIDR,,120,87.0
CC(C)(C)C1=CC(C2=CC(C(C)(C)C)=CC=N2)=NC=C1,CC(C)(C)C1=CC(C2=CC(C(C)(C)C)=CC=N2)=NC=C1,NC1=NC(NC2=CC=CC=C2)=NC(C3=CC=CC=N3)=N1,2,10.1021/ic061518s,,KB31,,48,52.3
CC(C)(C)C1=CC(C2=CC(C(C)(C)C)=CC=N2)=NC=C1,CC(C)(C)C1=CC(C2=CC(C(C)(C)C)=CC=N2)=NC=C1,NC1=NC(NC2=CC=CC=C2)=NC(C3=CC=CC=N3)=N1,2,10.1021/ic061518s,,KBV1,,48,199.00
CC(C)(C)C1=CC(C2=CC(C(C)(C)C)=CC=N2)=NC=C1,CC(C)(C)C1=CC(C2=CC(C(C)(C)C)=CC=N2)=NC=C1,NC1=NC(NC2=CC=CC=C2)=NC(C3=CC=CC=N3)=N1,2,10.1021/ic061518s,,HepG2,,48,30.20
CC(C)(C)C1=CC(C2=CC(C(C)(C)C)=CC=N2)=NC=C1,CC(C)(C)C1=CC(C2=CC(C(C)(C)C)=CC=N2)=NC=C1,NC1=NC(NC2=CC=CC=C2)=NC(C3=CC=CC=N3)=N1,2,10.1021/ic061518s,,HeLa,,48,59.7
CC(C)(C)C1=CC(C2=CC(C(C)(C)C)=CC=N2)=NC=C1,CC(C)(C)C1=CC(C2=CC(C(C)(C)C)=CC=N2)=NC=C1,NC1=NC(NC2=CC=CC=C2)=NC(C3=CC=CC=N3)=N1,2,10.1021/ic061518s,,CDD-19Lu,,48,151.00
C1(C2=CC=CC=N2)=NC=CC=C1,C1(C2=CC=CC=N2)=NC=CC=C1,C12=CC=CN=C1C3=NC=CC=C3C4=C2N=C(C(C=CC=N5)=C5C6=C7C=CC=N6)C7=N4,2,10.1002/cbic.201000782,-2.08,MCF.7.7,,24,53.00
C1(C2=CC=CC=N2)=NC=CC=C1,C1(C2=CC=CC=N2)=NC=CC=C1,C12=CC=CN=C1C3=NC=CC=C3C4=C2N=C(C(C=CC=N5)=C5C6=C7C=CC=N6)C7=N4,2,10.1002/cbic.201000782,-2.08,A2780,,24,36.00
C1(C2=CC=CC=N2)=NC=CC=C1,C1(C2=CC=CC=N2)=NC=CC=C1,C12=CC=CN=C1C3=NC=CC=C3C4=C2N=C(C(C=CC=N5)=C5C6=C7C=CC=N6)C7=N4,2,10.1002/cbic.201000782,-2.08,A2780-CP70,,24,47.00
C1(C2=NC=CC=C2C=C3)=C3C=CC=N1,C1(C2=NC=CC=C2C=C3)=C3C=CC=N1,C12=CC=CN=C1C3=NC=CC=C3C4=C2N=C(C(C=CC=N5)=C5C6=C7C=CC=N6)C7=N4,2,10.1002/cbic.201000782,-1.24,MCF.7.7,,24,36.00
C1(C2=NC=CC=C2C=C3)=C3C=CC=N1,C1(C2=NC=CC=C2C=C3)=C3C=CC=N1,C12=CC=CN=C1C3=NC=CC=C3C4=C2N=C(C(C=CC=N5)=C5C6=C7C=CC=N6)C7=N4,2,10.1002/cbic.201000782,-1.24,A2780,,24,11.00
C1(C2=NC=CC=C2C=C3)=C3C=CC=N1,C1(C2=NC=CC=C2C=C3)=C3C=CC=N1,C12=CC=CN=C1C3=NC=CC=C3C4=C2N=C(C(C=CC=N5)=C5C6=C7C=CC=N6)C7=N4,2,10.1002/cbic.201000782,-1.24,A2780-CP70,,24,20.00
C1(C2=CC=CC=N2)=NC=CC=C1,C1(C2=CC=CC=N2)=NC=CC=C1,C12=CC=CN=C1C3=NC=CC=C3C4=C2NC(C5=CNC6=C5C=CC=C6)=N4,2,10.1089/dna.2011.1307,,HL-60,,,18.36
C1(C2=CC=CC=N2)=NC=CC=C1,C1(C2=CC=CC=N2)=NC=CC=C1,C12=CC=CN=C1C3=NC=CC=C3C4=C2NC(C5=CNC6=C5C=CC=C6)=N4,2,10.1089/dna.2011.1307,,HepG2,,,20.45
C1(C2=CC=CC=N2)=NC=CC=C1,C1(C2=CC=CC=N2)=NC=CC=C1,O=C1C2=C(C=CC=C2)C(C3=C1C=CC(C4=NC5=C(N4)C6=CC=CN=C6C7=NC=CC=C75)=C3)=O,2,10.1007/s00775-011-0831-6,,HeLa,,48,22.50
C1(C2=CC=CC=N2)=NC=CC=C1,C1(C2=CC=CC=N2)=NC=CC=C1,O=C1C2=C(C=CC=C2)C(C3=C1C=CC(C4=NC5=C(N4)C6=CC=CN=C6C7=NC=CC=C75)=C3)=O,2,10.1007/s00775-011-0831-6,,BEL.7402,,48,58.0
C1(C2=CC=CC=N2)=NC=CC=C1,C1(C2=CC=CC=N2)=NC=CC=C1,O=C1C2=C(C=CC=C2)C(C3=C1C=CC(C4=NC5=C(N4)C6=CC=CN=C6C7=NC=CC=C75)=C3)=O,2,10.1007/s00775-011-0831-6,,MCF.7.7,,48,17.00
C1(C2=CC=CC=N2)=NC=CC=C1,C1(C2=CC=CC=N2)=NC=CC=C1,O=C1C2=C(C=CC=C2)C(C3=C1C=CC(C4=NC5=C(N4)C6=CC=CN=C6C7=NC=CC=C75)=C3)=O,2,10.1007/s00775-011-0831-6,,HepG2,,48,57.5
C1(C2=CC=CC=N2)=NC=CC=C1,C1(C2=CC=CC=N2)=NC=CC=C1,C12=CC=CN=C1C3=NC=CC=C3C4=C2NC(C5=CC6=C(C=CC=C6)O5)=N4,2,10.1016/j.ejmech.2011.01.019,,HeLa,,48,392.0
C1(C2=CC=CC=N2)=NC=CC=C1,C1(C2=CC=CC=N2)=NC=CC=C1,C12=CC=CN=C1C3=NC=CC=C3C4=C2NC(C5=CC6=C(C=CC=C6)O5)=N4,2,10.1016/j.ejmech.2011.01.019,,BEL.7402,,48,85.0
C1(C2=CC=CC=N2)=NC=CC=C1,C1(C2=CC=CC=N2)=NC=CC=C1,C12=CC=CN=C1C3=NC=CC=C3C4=C2NC(C5=CC6=C(C=CC=C6)O5)=N4,2,10.1016/j.ejmech.2011.01.019,,MCF.7.7,,48,515.0
C1(C2=NC=CC=C2C=C3)=C3C=CC=N1,C1(C2=NC=CC=C2C=C3)=C3C=CC=N1,C12=CC=CN=C1C3=NC=CC=C3C4=C2NC(C5=CC6=C(C=CC=C6)O5)=N4,2,10.1016/j.ejmech.2011.01.019,,HeLa,,48,174.0
C1(C2=NC=CC=C2C=C3)=C3C=CC=N1,C1(C2=NC=CC=C2C=C3)=C3C=CC=N1,C12=CC=CN=C1C3=NC=CC=C3C4=C2NC(C5=CC6=C(C=CC=C6)O5)=N4,2,10.1016/j.ejmech.2011.01.019,,BEL.7402,,48,44.0
C1(C2=NC=CC=C2C=C3)=C3C=CC=N1,C1(C2=NC=CC=C2C=C3)=C3C=CC=N1,C12=CC=CN=C1C3=NC=CC=C3C4=C2NC(C5=CC6=C(C=CC=C6)O5)=N4,2,10.1016/j.ejmech.2011.01.019,,MCF.7.7,,48,193.0
C1(C2=CC=CC=N2)=NC=CC=C1,C1(C2=CC=CC=N2)=NC=CC=C1,ClC(S1)=CC=C1C2=NC3=C(N2)C4=CC=CN=C4C5=NC=CC=C53,2,10.1016/j.jinorgbio.2013.09.015,,HeLa,,48,59.5
C1(C2=CC=CC=N2)=NC=CC=C1,C1(C2=CC=CC=N2)=NC=CC=C1,ClC(S1)=CC=C1C2=NC3=C(N2)C4=CC=CN=C4C5=NC=CC=C53,2,10.1016/j.jinorgbio.2013.09.015,,A549,,48,65.8
C1(C2=CC=CC=N2)=NC=CC=C1,C1(C2=CC=CC=N2)=NC=CC=C1,ClC(S1)=CC=C1C2=NC3=C(N2)C4=CC=CN=C4C5=NC=CC=C53,2,10.1016/j.jinorgbio.2013.09.015,,BEL.7402,,48,167.8
C1(C2=CC=CC=N2)=NC=CC=C1,C1(C2=CC=CC=N2)=NC=CC=C1,ClC(S1)=CC=C1C2=NC3=C(N2)C4=CC=CN=C4C5=NC=CC=C53,2,10.1016/j.jinorgbio.2013.09.015,,HepG2,,48,157.1
C1(C2=CC=CC=N2)=NC=CC=C1,C1(C2=CC=CC=N2)=NC=CC=C1,BrC(S1)=CC=C1C2=NC3=C(N2)C4=CC=CN=C4C5=NC=CC=C53,2,10.1016/j.jinorgbio.2013.09.015,,HeLa,,48,73.85
C1(C2=CC=CC=N2)=NC=CC=C1,C1(C2=CC=CC=N2)=NC=CC=C1,BrC(S1)=CC=C1C2=NC3=C(N2)C4=CC=CN=C4C5=NC=CC=C53,2,10.1016/j.jinorgbio.2013.09.015,,A549,,48,195.6
C1(C2=CC=CC=N2)=NC=CC=C1,C1(C2=CC=CC=N2)=NC=CC=C1,BrC(S1)=CC=C1C2=NC3=C(N2)C4=CC=CN=C4C5=NC=CC=C53,2,10.1016/j.jinorgbio.2013.09.015,,BEL.7402,,48,248.7
C1(C2=CC=CC=N2)=NC=CC=C1,C1(C2=CC=CC=N2)=NC=CC=C1,BrC(S1)=CC=C1C2=NC3=C(N2)C4=CC=CN=C4C5=NC=CC=C53,2,10.1016/j.jinorgbio.2013.09.015,,HepG2,,48,172.3
C1(C2=CC=CC=N2)=NC=CC=C1,C1(C2=CC=CC=N2)=NC=CC=C1,C12=CC=CN=C1C3=NC=CC=C3C4=C2NC(C5=CC=CS5)=N4,2,10.1007/s10534-013-9622-6,,HeLa,,48,22.100
C1(C2=CC=CC=N2)=NC=CC=C1,C1(C2=CC=CC=N2)=NC=CC=C1,C12=CC=CN=C1C3=NC=CC=C3C4=C2NC(C5=CC=CS5)=N4,2,10.1007/s10534-013-9622-6,,A375,,48,27.32
C1(C2=CC=CC=N2)=NC=CC=C1,C1(C2=CC=CC=N2)=NC=CC=C1,C12=CC=CN=C1C3=NC=CC=C3C4=C2NC(C5=CC=CS5)=N4,2,10.1007/s10534-013-9622-6,,MCF.7.7,,48,56.77
C1(C2=CC=CC=N2)=NC=CC=C1,C1(C2=CC=CC=N2)=NC=CC=C1,C12=CC=CN=C1C3=NC=CC=C3C4=C2NC(C5=CC=CS5)=N4,2,10.1007/s10534-013-9622-6,,CNE-2,,48,65.49
C1(C2=CC=CC=N2)=NC=CC=C1,C1(C2=CC=CC=N2)=NC=CC=C1,C12=CC=CN=C1C3=NC=CC=C3C4=C2NC(C5=CC=CS5)=N4,2,10.1007/s10534-013-9622-6,,ECV.304,,48,>100
C1(C2=NC=CC=C2C=C3)=C3C=CC=N1,C1(C2=NC=CC=C2C=C3)=C3C=CC=N1,C12=CC=CN=C1C3=NC=CC=C3C4=C2NC(C5=CC=CS5)=N4,2,10.1007/s10534-013-9622-6,,HeLa,,48,18.56
C1(C2=NC=CC=C2C=C3)=C3C=CC=N1,C1(C2=NC=CC=C2C=C3)=C3C=CC=N1,C12=CC=CN=C1C3=NC=CC=C3C4=C2NC(C5=CC=CS5)=N4,2,10.1007/s10534-013-9622-6,,A375,,48,34.18
C1(C2=NC=CC=C2C=C3)=C3C=CC=N1,C1(C2=NC=CC=C2C=C3)=C3C=CC=N1,C12=CC=CN=C1C3=NC=CC=C3C4=C2NC(C5=CC=CS5)=N4,2,10.1007/s10534-013-9622-6,,MCF.7.7,,48,45.67
C1(C2=NC=CC=C2C=C3)=C3C=CC=N1,C1(C2=NC=CC=C2C=C3)=C3C=CC=N1,C12=CC=CN=C1C3=NC=CC=C3C4=C2NC(C5=CC=CS5)=N4,2,10.1007/s10534-013-9622-6,,CNE-2,,48,60.02
C1(C2=NC=CC=C2C=C3)=C3C=CC=N1,C1(C2=NC=CC=C2C=C3)=C3C=CC=N1,C12=CC=CN=C1C3=NC=CC=C3C4=C2NC(C5=CC=CS5)=N4,2,10.1007/s10534-013-9622-6,,ECV.304,,48,>100
C1(C2=NC=CC=C2C=C3)=C3C=CC=N1,C1(C2=NC=CC=C2C=C3)=C3C=CC=N1,FC(C(C=C1)=CC=C1C(N2)=NC3=C2C4=CC=CN=C4C5=C3C=CC=N5)(F)F,2,10.1016/j.ejmech.2014.04.070,,MDA-MB-231,,72,16.30
C1(C2=NC=CC=C2C=C3)=C3C=CC=N1,C1(C2=NC=CC=C2C=C3)=C3C=CC=N1,FC(C(C=C1)=CC=C1C(N2)=NC3=C2C4=CC=CN=C4C5=C3C=CC=N5)(F)F,2,10.1016/j.ejmech.2014.04.070,,MCF.7.7,,72,74.5
C1(C2=NC=CC=C2C=C3)=C3C=CC=N1,C1(C2=NC=CC=C2C=C3)=C3C=CC=N1,FC(C(C=C1)=CC=C1C(N2)=NC3=C2C4=CC=CN=C4C5=C3C=CC=N5)(F)F,2,10.1016/j.ejmech.2014.04.070,,EC-1,,72,>100
C1(C2=NC=CC=C2C=C3)=C3C=CC=N1,C1(C2=NC=CC=C2C=C3)=C3C=CC=N1,FC(C(C=C1)=CC=C1C(N2)=NC3=C2C4=CC=CN=C4C5=C3C=CC=N5)(F)F,2,10.1016/j.ejmech.2014.04.070,,HaCat,,72,>100
C1(C2=CC=CC=N2)=NC=CC=C1,C1(C2=CC=CC=N2)=NC=CC=C1,FC(F)(F)C1=CC=C(C2=NC3=C(C4=CC=CN=C4C5=C3C=CC=N5)N2)C=C1,2,10.1016/j.ejmech.2014.04.070,,MDA-MB-231,,72,88.8
C1(C2=CC=CC=N2)=NC=CC=C1,C1(C2=CC=CC=N2)=NC=CC=C1,FC(F)(F)C1=CC=C(C2=NC3=C(C4=CC=CN=C4C5=C3C=CC=N5)N2)C=C1,2,10.1016/j.ejmech.2014.04.070,,MCF.7.7,,72,>100
C1(C2=CC=CC=N2)=NC=CC=C1,C1(C2=CC=CC=N2)=NC=CC=C1,FC(F)(F)C1=CC=C(C2=NC3=C(C4=CC=CN=C4C5=C3C=CC=N5)N2)C=C1,2,10.1016/j.ejmech.2014.04.070,,EC-1,,72,>100
C1(C2=CC=CC=N2)=NC=CC=C1,C1(C2=CC=CC=N2)=NC=CC=C1,FC(F)(F)C1=CC=C(C2=NC3=C(C4=CC=CN=C4C5=C3C=CC=N5)N2)C=C1,2,10.1016/j.ejmech.2014.04.070,,HaCat,,72,>100
C1(C2=NC=CC=C2C=C3)=C3C=CC=N1,C1(C2=NC=CC=C2C=C3)=C3C=CC=N1,ClC(C=C1[N+]([O-])=O)=CC=C1C(O2)=CC=C2C(N3)=NC4=C3C5=CC=CN=C5C6=NC=CC=C64,2,10.1016/j.ab.2015.06.015,,HeLa,,48,35.51
C1(C2=CC=CC=N2)=NC=CC=C1,C1(C2=CC=CC=N2)=NC=CC=C1,ClC(C=C1[N+]([O-])=O)=CC=C1C(O2)=CC=C2C(N3)=NC4=C3C5=CC=CN=C5C6=NC=CC=C64,2,10.1016/j.ab.2015.06.015,,HeLa,,48,36.74
CC1=CC(C2=NC=CC(C)=C2)=NC=C1,CC1=CC(C2=NC=CC(C)=C2)=NC=C1,ClC(C=C1[N+]([O-])=O)=CC=C1C(O2)=CC=C2C(N3)=NC4=C3C5=CC=CN=C5C6=NC=CC=C64,2,10.1016/j.ab.2015.06.015,,HeLa,,48,40.38
C1(C2=NC=CC=C2C=C3)=C3C=CC=N1,C1(C2=NC=CC=C2C=C3)=C3C=CC=N1,BrC(C=C1)=NC(C1=N2)=NC3=C2C4=CC=CN=C4C5=C3C=CC=N5,2,10.1016/j.jphotobiol.2016.03.061,,A549,nucleus,48,36.00
C1(C2=NC=CC=C2C=C3)=C3C=CC=N1,C1(C2=NC=CC=C2C=C3)=C3C=CC=N1,BrC(C=C1)=NC(C1=N2)=NC3=C2C4=CC=CN=C4C5=C3C=CC=N5,2,10.1016/j.jphotobiol.2016.03.061,,Du145,nucleus,48,43.00
C1(C2=NC=CC=C2C=C3)=C3C=CC=N1,C1(C2=NC=CC=C2C=C3)=C3C=CC=N1,BrC(C=C1)=NC(C1=N2)=NC3=C2C4=CC=CN=C4C5=C3C=CC=N5,2,10.1016/j.jphotobiol.2016.03.061,,HeLa,nucleus,48,32.00
C1(C2=NC=CC=C2C=C3)=C3C=CC=N1,C1(C2=NC=CC=C2C=C3)=C3C=CC=N1,BrC(C=C1)=CC(C1=N2)=NC3=C2C4=CC=CN=C4C5=C3C=CC=N5,2,10.1016/j.jphotobiol.2016.03.061,,A549,nucleus,48,46.00
C1(C2=NC=CC=C2C=C3)=C3C=CC=N1,C1(C2=NC=CC=C2C=C3)=C3C=CC=N1,BrC(C=C1)=CC(C1=N2)=NC3=C2C4=CC=CN=C4C5=C3C=CC=N5,2,10.1016/j.jphotobiol.2016.03.061,,Du145,nucleus,48,51.00
C1(C2=NC=CC=C2C=C3)=C3C=CC=N1,C1(C2=NC=CC=C2C=C3)=C3C=CC=N1,BrC(C=C1)=CC(C1=N2)=NC3=C2C4=CC=CN=C4C5=C3C=CC=N5,2,10.1016/j.jphotobiol.2016.03.061,,HeLa,nucleus,48,35.00
C1(C2=CC=CC=N2)=NC=CC=C1,C1(C2=CC=CC=N2)=NC=CC=C1,C12=NC=CC=C1C3=C(N=C(C=C(C=CC=C4)C4=C5)C5=N3)C6=C2N=CC=C6,2,10.1002/cmdc.200800039,,HT-29,,96,6.400
C1(C2=CC=CC=N2)=NC=CC=C1,C1(C2=CC=CC=N2)=NC=CC=C1,C12=NC=CC=C1C3=C(N=C(C=C(C=CC=C4)C4=C5)C5=N3)C6=C2N=CC=C6,2,10.1002/cmdc.200800039,,MCF.7.7,,96,3.300
C1(C2=CC=CC=N2)=NC=CC=C1,C1(C2=CC=CC=N2)=NC=CC=C1,C1(C2=CC=CC=N2)=NC=CC=C1,2,10.1002/cmdc.200800039,,HT-29,,96,32.3
C1(C2=CC=CC=N2)=NC=CC=C1,C1(C2=CC=CC=N2)=NC=CC=C1,C1(C2=CC=CC=N2)=NC=CC=C1,2,10.1002/cmdc.200800039,,MCF.7.7,,96,778.3
C1(C2=CC=CC=N2)=NC=CC=C1,C1(C2=CC=CC=N2)=NC=CC=C1,C1(C2=NC=CC=C2C=C3)=C3C=CC=N1,2,10.1002/cmdc.200800039,,HT-29,,96,119.4
C1(C2=CC=CC=N2)=NC=CC=C1,C1(C2=CC=CC=N2)=NC=CC=C1,C1(C2=NC=CC=C2C=C3)=C3C=CC=N1,2,10.1002/cmdc.200800039,,MCF.7.7,,96,122.5
C1(C2=CC=CC=N2)=NC=CC=C1,C1(C2=CC=CC=N2)=NC=CC=C1,C12=NC=CC=C1C3=C(N=CC=N3)C4=C2N=CC=C4,2,10.1002/cmdc.200800039,,HT-29,,96,62.1
C1(C2=CC=CC=N2)=NC=CC=C1,C1(C2=CC=CC=N2)=NC=CC=C1,C12=NC=CC=C1C3=C(N=CC=N3)C4=C2N=CC=C4,2,10.1002/cmdc.200800039,,MCF.7.7,,96,51.8
C1(C2=CC=CC=N2)=NC=CC=C1,C1(C2=CC=CC=N2)=NC=CC=C1,C12=NC=CC=C1C3=C(C4=C2N=CC=C4)N=C5C=CC=CC5=N3,2,10.1002/cmdc.200800039,,HT-29,,96,26.90
C1(C2=CC=CC=N2)=NC=CC=C1,C1(C2=CC=CC=N2)=NC=CC=C1,C12=NC=CC=C1C3=C(C4=C2N=CC=C4)N=C5C=CC=CC5=N3,2,10.1002/cmdc.200800039,,MCF.7.7,,96,90.2
C1(C2=CC=CC=N2)=NC=CC=C1,C1(C2=CC=CC=N2)=NC=CC=C1,C12=NC=CC=C1C3=C(N=C(C=CC=C4)C4=N3)C5=C2N=CC=C5,2,10.1021/ic900902f,,HeLa,,48,1120.0
C1(C2=CC=CC=N2)=NC=CC=C1,C1(C2=CC=CC=N2)=NC=CC=C1,C12=NC=CC=C1C3=C(N=C(C=CC=C4)C4=N3)C5=C2N=CC=C5,2,10.1021/ic900902f,,HepG2,,48,670.0
C1(C2=CC=CC=N2)=NC=CC=C1,C1(C2=CC=CC=N2)=NC=CC=C1,C12=NC=CC=C1C3=C(N=C(C=CC=C4)C4=N3)C5=C2N=CC=C5,2,10.1021/ic900902f,,BEL.7402,,48,1200.0
C1(C2=CC=CC=N2)=NC=CC=C1,C1(C2=CC=CC=N2)=NC=CC=C1,C12=NC=CC=C1C3=C(N=C(C=CC=C4)C4=N3)C5=C2N=CC=C5,2,10.1021/ic900902f,,MCF.7.7,,48,780.0
C1(C2=CC=CC=N2)=NC=CC=C1,C1(C2=CC=CC=N2)=NC=CC=C1,C12=NC=CC=C1C3=C(N=C(C4=C5C6=C7C=CC=C6C=CC5=CC=C4)C7=N3)C8=C2N=CC=C8,2,10.1021/ic900902f,,HeLa,,48,310.0
C1(C2=CC=CC=N2)=NC=CC=C1,C1(C2=CC=CC=N2)=NC=CC=C1,C12=NC=CC=C1C3=C(N=C(C4=C5C6=C7C=CC=C6C=CC5=CC=C4)C7=N3)C8=C2N=CC=C8,2,10.1021/ic900902f,,HepG2,,48,300.0
C1(C2=CC=CC=N2)=NC=CC=C1,C1(C2=CC=CC=N2)=NC=CC=C1,C12=NC=CC=C1C3=C(N=C(C4=C5C6=C7C=CC=C6C=CC5=CC=C4)C7=N3)C8=C2N=CC=C8,2,10.1021/ic900902f,,BEL.7402,,48,1470.0
C1(C2=CC=CC=N2)=NC=CC=C1,C1(C2=CC=CC=N2)=NC=CC=C1,C12=NC=CC=C1C3=C(N=C(C4=C5C6=C7C=CC=C6C=CC5=CC=C4)C7=N3)C8=C2N=CC=C8,2,10.1021/ic900902f,,MCF.7.7,,48,600.0
CC[N+](CC)(CC)CC(C=C1)=CN=C1C2=NC=C(C[N+](CC)(CC)CC)C=C2,CC[N+](CC)(CC)CC(C=C1)=CN=C1C2=NC=C(C[N+](CC)(CC)CC)C=C2,C12=NC=CC=C1C3=C(N=C(C=CC=C4)C4=N3)C5=C2N=CC=C5,6,10.1021/ic900902f,,HeLa,,48,180.0
CC[N+](CC)(CC)CC(C=C1)=CN=C1C2=NC=C(C[N+](CC)(CC)CC)C=C2,CC[N+](CC)(CC)CC(C=C1)=CN=C1C2=NC=C(C[N+](CC)(CC)CC)C=C2,C12=NC=CC=C1C3=C(N=C(C=CC=C4)C4=N3)C5=C2N=CC=C5,6,10.1021/ic900902f,,HepG2,,48,370.0
CC[N+](CC)(CC)CC(C=C1)=CN=C1C2=NC=C(C[N+](CC)(CC)CC)C=C2,CC[N+](CC)(CC)CC(C=C1)=CN=C1C2=NC=C(C[N+](CC)(CC)CC)C=C2,C12=NC=CC=C1C3=C(N=C(C=CC=C4)C4=N3)C5=C2N=CC=C5,6,10.1021/ic900902f,,BEL.7402,,48,380.0
CC[N+](CC)(CC)CC(C=C1)=CN=C1C2=NC=C(C[N+](CC)(CC)CC)C=C2,CC[N+](CC)(CC)CC(C=C1)=CN=C1C2=NC=C(C[N+](CC)(CC)CC)C=C2,C12=NC=CC=C1C3=C(N=C(C=CC=C4)C4=N3)C5=C2N=CC=C5,6,10.1021/ic900902f,,MCF.7.7,,48,440.0
CC[N+](CC)(CC)CC(C=C1)=CN=C1C2=NC=C(C[N+](CC)(CC)CC)C=C2,CC[N+](CC)(CC)CC(C=C1)=CN=C1C2=NC=C(C[N+](CC)(CC)CC)C=C2,C12=NC=CC=C1C3=C(N=C(C4=C5C6=C7C=CC=C6C=CC5=CC=C4)C7=N3)C8=C2N=CC=C8,6,10.1021/ic900902f,,HeLa,,48,490.0
CC[N+](CC)(CC)CC(C=C1)=CN=C1C2=NC=C(C[N+](CC)(CC)CC)C=C2,CC[N+](CC)(CC)CC(C=C1)=CN=C1C2=NC=C(C[N+](CC)(CC)CC)C=C2,C12=NC=CC=C1C3=C(N=C(C4=C5C6=C7C=CC=C6C=CC5=CC=C4)C7=N3)C8=C2N=CC=C8,6,10.1021/ic900902f,,HepG2,,48,340.0
CC[N+](CC)(CC)CC(C=C1)=CN=C1C2=NC=C(C[N+](CC)(CC)CC)C=C2,CC[N+](CC)(CC)CC(C=C1)=CN=C1C2=NC=C(C[N+](CC)(CC)CC)C=C2,C12=NC=CC=C1C3=C(N=C(C4=C5C6=C7C=CC=C6C=CC5=CC=C4)C7=N3)C8=C2N=CC=C8,6,10.1021/ic900902f,,BEL.7402,,48,380.0
CC[N+](CC)(CC)CC(C=C1)=CN=C1C2=NC=C(C[N+](CC)(CC)CC)C=C2,CC[N+](CC)(CC)CC(C=C1)=CN=C1C2=NC=C(C[N+](CC)(CC)CC)C=C2,C12=NC=CC=C1C3=C(N=C(C4=C5C6=C7C=CC=C6C=CC5=CC=C4)C7=N3)C8=C2N=CC=C8,6,10.1021/ic900902f,,MCF.7.7,,48,290.0
C1(C2=CC=CC=N2)=NC=CC=C1,C1(C2=CC=CC=N2)=NC=CC=C1,C1(C2=CC=CC=N2)=NC=CC=C1,2,10.1002/cbic.200900013,-1.21,A2780,,72,158.0
C1(C2=CC=CC=N2)=NC=CC=C1,C1(C2=CC=CC=N2)=NC=CC=C1,C1(C2=CC=CC=N2)=NC=CC=C1,2,10.1002/cbic.200900013,-1.21,A2780 cisR,,72,163.0
CC1=CC(C2=NC=CC(C)=C2)=NC=C1,CC1=CC(C2=NC=CC(C)=C2)=NC=C1,CC1=CC(C2=NC=CC(C)=C2)=NC=C1,2,10.1002/cbic.200900013,-0.99,A2780,,72,>200
CC1=CC(C2=NC=CC(C)=C2)=NC=C1,CC1=CC(C2=NC=CC(C)=C2)=NC=C1,CC1=CC(C2=NC=CC(C)=C2)=NC=C1,2,10.1002/cbic.200900013,-0.99,A2780 cisR,,72,>200
CCN(CC)C1=CC(C2=NC=CC(N(CC)CC)=C2)=NC=C1,CCN(CC)C1=CC(C2=NC=CC(N(CC)CC)=C2)=NC=C1,CCN(CC)C1=CC(C2=NC=CC(N(CC)CC)=C2)=NC=C1,2,10.1002/cbic.200900013,0.55,A2780,membrane,72,1.0
CCN(CC)C1=CC(C2=NC=CC(N(CC)CC)=C2)=NC=C1,CCN(CC)C1=CC(C2=NC=CC(N(CC)CC)=C2)=NC=C1,CCN(CC)C1=CC(C2=NC=CC(N(CC)CC)=C2)=NC=C1,2,10.1002/cbic.200900013,0.55,A2780 cisR,membrane,72,1.0
O=C(OCC)C1=CC(C2=NC=CC(C(OCC)=O)=C2)=NC=C1,O=C(OCC)C1=CC(C2=NC=CC(C(OCC)=O)=C2)=NC=C1,O=C(OCC)C1=CC(C2=NC=CC(C(OCC)=O)=C2)=NC=C1,2,10.1002/cbic.200900013,-0.28,A2780,cytoplasm,72,100.0
O=C(OCC)C1=CC(C2=NC=CC(C(OCC)=O)=C2)=NC=C1,O=C(OCC)C1=CC(C2=NC=CC(C(OCC)=O)=C2)=NC=C1,O=C(OCC)C1=CC(C2=NC=CC(C(OCC)=O)=C2)=NC=C1,2,10.1002/cbic.200900013,-0.28,A2780 cisR,cytoplasm,72,121.0
COC1=CC(C2=NC=CC(OC)=C2)=NC=C1,COC1=CC(C2=NC=CC(OC)=C2)=NC=C1,COC1=CC(C2=NC=CC(OC)=C2)=NC=C1,2,10.1002/cbic.200900013,-0.37,A2780,cytoplasm,72,85.0
COC1=CC(C2=NC=CC(OC)=C2)=NC=C1,COC1=CC(C2=NC=CC(OC)=C2)=NC=C1,COC1=CC(C2=NC=CC(OC)=C2)=NC=C1,2,10.1002/cbic.200900013,-0.37,A2780 cisR,cytoplasm,72,88.0
CC(C)(C)C1=CC(C2=NC=CC(C(C)(C)C)=C2)=NC=C1,CC(C)(C)C1=CC(C2=NC=CC(C(C)(C)C)=C2)=NC=C1,[O-]C1=CC=CC=C1C2=NCCO2,1,10.1039/C0DT00034E,,HeLa,cytoplasm,3,1.300
C12=NC=CC(C3=CC=CC=C3)=C1C=CC4=C(C5=CC=CC=C5)C=CN=C24,C12=NC=CC(C3=CC=CC=C3)=C1C=CC4=C(C5=CC=CC=C5)C=CN=C24,C1(C2=C3C(C(C=CC=C4)=C4N3)=CC=N2)=NC=CC=C1,2,10.1021/jm1009296,3.39,HepG2,cytoplasm,48,3.500
C12=NC=CC(C3=CC=CC=C3)=C1C=CC4=C(C5=CC=CC=C5)C=CN=C24,C12=NC=CC(C3=CC=CC=C3)=C1C=CC4=C(C5=CC=CC=C5)C=CN=C24,C1(C2=C3C(C(C=CC=C4)=C4N3)=CC=N2)=NC=CC=C1,2,10.1021/jm1009296,3.39,HeLa,cytoplasm,48,1.900
C12=NC=CC(C3=CC=CC=C3)=C1C=CC4=C(C5=CC=CC=C5)C=CN=C24,C12=NC=CC(C3=CC=CC=C3)=C1C=CC4=C(C5=CC=CC=C5)C=CN=C24,C1(C2=C3C(C(C=CC=C4)=C4N3)=CC=N2)=NC=CC=C1,2,10.1021/jm1009296,3.39,MCF.7.7,cytoplasm,48,5.900
C12=NC=CC(C3=CC=CC=C3)=C1C=CC4=C(C5=CC=CC=C5)C=CN=C24,C12=NC=CC(C3=CC=CC=C3)=C1C=CC4=C(C5=CC=CC=C5)C=CN=C24,C1(C2=C3C(C(C=CC=C4)=C4N3)=CC=N2)=NC=CC=C1,2,10.1021/jm1009296,3.39,MCF.7.10,cytoplasm,48,40.60
C12=NC=CC(C3=CC=CC=C3)=C1C=CC4=C(C5=CC=CC=C5)C=CN=C24,C12=NC=CC(C3=CC=CC=C3)=C1C=CC4=C(C5=CC=CC=C5)C=CN=C24,C1(C2=C3C(C(C=CC=C4)=C4N3)=CC=N2)=NC=CC=C1,2,10.1021/jm1009296,3.39,HepG2,nucleus,48,3.500
C12=NC=CC(C3=CC=CC=C3)=C1C=CC4=C(C5=CC=CC=C5)C=CN=C24,C12=NC=CC(C3=CC=CC=C3)=C1C=CC4=C(C5=CC=CC=C5)C=CN=C24,C1(C2=C3C(C(C=CC=C4)=C4N3)=CC=N2)=NC=CC=C1,2,10.1021/jm1009296,3.39,HeLa,nucleus,48,1.900
C12=NC=CC(C3=CC=CC=C3)=C1C=CC4=C(C5=CC=CC=C5)C=CN=C24,C12=NC=CC(C3=CC=CC=C3)=C1C=CC4=C(C5=CC=CC=C5)C=CN=C24,C1(C2=C3C(C(C=CC=C4)=C4N3)=CC=N2)=NC=CC=C1,2,10.1021/jm1009296,3.39,MCF.7.7,nucleus,48,5.900
C12=NC=CC(C3=CC=CC=C3)=C1C=CC4=C(C5=CC=CC=C5)C=CN=C24,C12=NC=CC(C3=CC=CC=C3)=C1C=CC4=C(C5=CC=CC=C5)C=CN=C24,C1(C2=C3C(C(C=CC=C4)=C4N3)=CC=N2)=NC=CC=C1,2,10.1021/jm1009296,3.39,MCF.7.10,nucleus,48,40.60
C1(C2=CC=CC=N2)=NC=CC=C1,C1(C2=CC=CC=N2)=NC=CC=C1,C1(C2=NC=CC3=C2NC4=CC=CC=C34)=NC=CC=C1,2,10.1021/jm1009296,0.52,HepG2,,48,86.2
C1(C2=CC=CC=N2)=NC=CC=C1,C1(C2=CC=CC=N2)=NC=CC=C1,C1(C2=NC=CC3=C2NC4=CC=CC=C34)=NC=CC=C1,2,10.1021/jm1009296,0.52,HeLa,,48,61.2
C1(C2=CC=CC=N2)=NC=CC=C1,C1(C2=CC=CC=N2)=NC=CC=C1,C1(C2=NC=CC3=C2NC4=CC=CC=C34)=NC=CC=C1,2,10.1021/jm1009296,0.52,MCF.7.7,,48,102.5
C1(C2=CC=CC=N2)=NC=CC=C1,C1(C2=CC=CC=N2)=NC=CC=C1,C1(C2=NC=CC3=C2NC4=CC=CC=C34)=NC=CC=C1,2,10.1021/jm1009296,0.52,MCF.7.10,,48,205.2
C1(C2=NC=CC=C2C=C3)=C3C=CC=N1,C1(C2=NC=CC=C2C=C3)=C3C=CC=N1,C1(C2=NC=CC3=C2NC4=CC=CC=C34)=NC=CC=C1,2,10.1021/jm1009296,1.43,HepG2,cytoplasm,48,50.3
C1(C2=NC=CC=C2C=C3)=C3C=CC=N1,C1(C2=NC=CC=C2C=C3)=C3C=CC=N1,C1(C2=NC=CC3=C2NC4=CC=CC=C34)=NC=CC=C1,2,10.1021/jm1009296,1.42,HeLa,cytoplasm,48,20.200
C1(C2=NC=CC=C2C=C3)=C3C=CC=N1,C1(C2=NC=CC=C2C=C3)=C3C=CC=N1,C1(C2=NC=CC3=C2NC4=CC=CC=C34)=NC=CC=C1,2,10.1021/jm1009296,1.43,MCF.7.7,cytoplasm,48,56.7
C1(C2=NC=CC=C2C=C3)=C3C=CC=N1,C1(C2=NC=CC=C2C=C3)=C3C=CC=N1,C1(C2=NC=CC3=C2NC4=CC=CC=C34)=NC=CC=C1,2,10.1021/jm1009296,1.42,MCF.7.10,cytoplasm,48,133.6
C1(C2=NC=CC=C2C=C3)=C3C=CC=N1,C1(C2=NC=CC=C2C=C3)=C3C=CC=N1,C1(C2=NC=CC3=C2NC4=CC=CC=C34)=NC=CC=C1,2,10.1021/jm1009296,1.43,HepG2,nucleus,48,50.3
C1(C2=NC=CC=C2C=C3)=C3C=CC=N1,C1(C2=NC=CC=C2C=C3)=C3C=CC=N1,C1(C2=NC=CC3=C2NC4=CC=CC=C34)=NC=CC=C1,2,10.1021/jm1009296,1.42,HeLa,nucleus,48,20.200
C1(C2=NC=CC=C2C=C3)=C3C=CC=N1,C1(C2=NC=CC=C2C=C3)=C3C=CC=N1,C1(C2=NC=CC3=C2NC4=CC=CC=C34)=NC=CC=C1,2,10.1021/jm1009296,1.43,MCF.7.7,nucleus,48,56.7
C1(C2=NC=CC=C2C=C3)=C3C=CC=N1,C1(C2=NC=CC=C2C=C3)=C3C=CC=N1,C1(C2=NC=CC3=C2NC4=CC=CC=C34)=NC=CC=C1,2,10.1021/jm1009296,1.42,MCF.7.10,nucleus,48,133.6
C1(C2=NC=CC=C2C=C3)=C3C=CC=N1,C1(C2=NC=CC=C2C=C3)=C3C=CC=N1,C1(C(N=CC=C2)=C2C3=C4N=C5C(C=CC=C5)=N3)=C4C=CC=N1,2,10.1021/jm1009296,,HepG2,cytoplasm,48,170.2
C1(C2=NC=CC=C2C=C3)=C3C=CC=N1,C1(C2=NC=CC=C2C=C3)=C3C=CC=N1,C1(C(N=CC=C2)=C2C3=C4N=C5C(C=CC=C5)=N3)=C4C=CC=N1,2,10.1021/jm1009296,,HeLa,cytoplasm,48,152.1
C1(C2=NC=CC=C2C=C3)=C3C=CC=N1,C1(C2=NC=CC=C2C=C3)=C3C=CC=N1,C1(C(N=CC=C2)=C2C3=C4N=C5C(C=CC=C5)=N3)=C4C=CC=N1,2,10.1021/jm1009296,,MCF.7.7,cytoplasm,48,260.3
C1(C2=NC=CC=C2C=C3)=C3C=CC=N1,C1(C2=NC=CC=C2C=C3)=C3C=CC=N1,C1(C(N=CC=C2)=C2C3=C4N=C5C(C=CC=C5)=N3)=C4C=CC=N1,2,10.1021/jm1009296,,MCF.7.10,cytoplasm,48,286.4
C1(C2=NC=CC=C2C=C3)=C3C=CC=N1,C1(C2=NC=CC=C2C=C3)=C3C=CC=N1,NC1=CC2=NC3=C(N=C2C=C1)C4=CC=CN=C4C5=NC=CC=C53,2,10.1016/j.jphotobiol.2013.09.009,,BEL.7402,cytoplasm,48,23.50
C1(C2=NC=CC=C2C=C3)=C3C=CC=N1,C1(C2=NC=CC=C2C=C3)=C3C=CC=N1,NC1=CC2=NC3=C(N=C2C=C1)C4=CC=CN=C4C5=NC=CC=C53,2,10.1016/j.jphotobiol.2013.09.009,,A549,cytoplasm,48,16.70
C1(C2=NC=CC=C2C=C3)=C3C=CC=N1,C1(C2=NC=CC=C2C=C3)=C3C=CC=N1,NC1=CC2=NC3=C(N=C2C=C1)C4=CC=CN=C4C5=NC=CC=C53,2,10.1016/j.jphotobiol.2013.09.009,,MG63,cytoplasm,48,40.30
C1(C2=NC=CC=C2C=C3)=C3C=CC=N1,C1(C2=NC=CC=C2C=C3)=C3C=CC=N1,NC1=CC2=NC3=C(N=C2C=C1)C4=CC=CN=C4C5=NC=CC=C53,2,10.1016/j.jphotobiol.2013.09.009,,SKBR3,cytoplasm,48,81.0
C1(C2=NC=CC=C2C=C3)=C3C=CC=N1,C1(C2=NC=CC=C2C=C3)=C3C=CC=N1,NC1=CC2=NC3=C(N=C2C=C1)C4=CC=CN=C4C5=NC=CC=C53,2,10.1016/j.jphotobiol.2013.09.009,,BEL.7402,nucleus,48,23.50
C1(C2=NC=CC=C2C=C3)=C3C=CC=N1,C1(C2=NC=CC=C2C=C3)=C3C=CC=N1,NC1=CC2=NC3=C(N=C2C=C1)C4=CC=CN=C4C5=NC=CC=C53,2,10.1016/j.jphotobiol.2013.09.009,,A549,nucleus,48,16.70
C1(C2=NC=CC=C2C=C3)=C3C=CC=N1,C1(C2=NC=CC=C2C=C3)=C3C=CC=N1,NC1=CC2=NC3=C(N=C2C=C1)C4=CC=CN=C4C5=NC=CC=C53,2,10.1016/j.jphotobiol.2013.09.009,,MG63,nucleus,48,40.30
C1(C2=NC=CC=C2C=C3)=C3C=CC=N1,C1(C2=NC=CC=C2C=C3)=C3C=CC=N1,NC1=CC2=NC3=C(N=C2C=C1)C4=CC=CN=C4C5=NC=CC=C53,2,10.1016/j.jphotobiol.2013.09.009,,SKBR3,nucleus,48,81.0
C12=NC=CC(C3=CC=CC=C3)=C1C=CC4=C(C5=CC=CC=C5)C=CN=C24,C12=NC=CC(C3=CC=CC=C3)=C1C=CC4=C(C5=CC=CC=C5)C=CN=C24,NC1=CC2=NC3=C(N=C2C=C1)C4=CC=CN=C4C5=NC=CC=C53,2,10.1016/j.jphotobiol.2013.09.009,,BEL.7402,cytoplasm,48,12.70
C12=NC=CC(C3=CC=CC=C3)=C1C=CC4=C(C5=CC=CC=C5)C=CN=C24,C12=NC=CC(C3=CC=CC=C3)=C1C=CC4=C(C5=CC=CC=C5)C=CN=C24,NC1=CC2=NC3=C(N=C2C=C1)C4=CC=CN=C4C5=NC=CC=C53,2,10.1016/j.jphotobiol.2013.09.009,,A549,cytoplasm,48,30.20
C12=NC=CC(C3=CC=CC=C3)=C1C=CC4=C(C5=CC=CC=C5)C=CN=C24,C12=NC=CC(C3=CC=CC=C3)=C1C=CC4=C(C5=CC=CC=C5)C=CN=C24,NC1=CC2=NC3=C(N=C2C=C1)C4=CC=CN=C4C5=NC=CC=C53,2,10.1016/j.jphotobiol.2013.09.009,,MG63,cytoplasm,48,15.90
C12=NC=CC(C3=CC=CC=C3)=C1C=CC4=C(C5=CC=CC=C5)C=CN=C24,C12=NC=CC(C3=CC=CC=C3)=C1C=CC4=C(C5=CC=CC=C5)C=CN=C24,NC1=CC2=NC3=C(N=C2C=C1)C4=CC=CN=C4C5=NC=CC=C53,2,10.1016/j.jphotobiol.2013.09.009,,SKBR3,cytoplasm,48,21.20
C12=NC=CC(C3=CC=CC=C3)=C1C=CC4=C(C5=CC=CC=C5)C=CN=C24,C12=NC=CC(C3=CC=CC=C3)=C1C=CC4=C(C5=CC=CC=C5)C=CN=C24,NC1=CC2=NC3=C(N=C2C=C1)C4=CC=CN=C4C5=NC=CC=C53,2,10.1016/j.jphotobiol.2013.09.009,,BEL.7402,nucleus,48,12.70
C12=NC=CC(C3=CC=CC=C3)=C1C=CC4=C(C5=CC=CC=C5)C=CN=C24,C12=NC=CC(C3=CC=CC=C3)=C1C=CC4=C(C5=CC=CC=C5)C=CN=C24,NC1=CC2=NC3=C(N=C2C=C1)C4=CC=CN=C4C5=NC=CC=C53,2,10.1016/j.jphotobiol.2013.09.009,,A549,nucleus,48,30.20
C12=NC=CC(C3=CC=CC=C3)=C1C=CC4=C(C5=CC=CC=C5)C=CN=C24,C12=NC=CC(C3=CC=CC=C3)=C1C=CC4=C(C5=CC=CC=C5)C=CN=C24,NC1=CC2=NC3=C(N=C2C=C1)C4=CC=CN=C4C5=NC=CC=C53,2,10.1016/j.jphotobiol.2013.09.009,,MG63,nucleus,48,15.90
C12=NC=CC(C3=CC=CC=C3)=C1C=CC4=C(C5=CC=CC=C5)C=CN=C24,C12=NC=CC(C3=CC=CC=C3)=C1C=CC4=C(C5=CC=CC=C5)C=CN=C24,NC1=CC2=NC3=C(N=C2C=C1)C4=CC=CN=C4C5=NC=CC=C53,2,10.1016/j.jphotobiol.2013.09.009,,SKBR3,nucleus,48,21.20
C1(C2=CC=CC=N2)=NC=CC=C1,C1(C2=CC=CC=N2)=NC=CC=C1,O=C1C2=C(C=CC=C2)C(C3=C1C(N4)=C(C=C3)N=C4C5=NC=CC=C5)=O,2,10.1039/c3mt20270d,,HeLa,,48,50.2
C1(C2=CC=CC=N2)=NC=CC=C1,C1(C2=CC=CC=N2)=NC=CC=C1,O=C1C2=C(C=CC=C2)C(C3=C1C(N4)=C(C=C3)N=C4C5=NC=CC=C5)=O,2,10.1039/c3mt20270d,,A549,,48,121.7
C1(C2=CC=CC=N2)=NC=CC=C1,C1(C2=CC=CC=N2)=NC=CC=C1,O=C1C2=C(C=CC=C2)C(C3=C1C(N4)=C(C=C3)N=C4C5=NC=CC=C5)=O,2,10.1039/c3mt20270d,,BEL.7402,,48,103.4
C1(C2=CC=CC=N2)=NC=CC=C1,C1(C2=CC=CC=N2)=NC=CC=C1,O=C1C2=C(C=CC=C2)C(C3=C1C(N4)=C(C=C3)N=C4C5=NC=CC=C5)=O,2,10.1039/c3mt20270d,,HepG2,,48,76.3
C1(C2=CC=CC=N2)=NC=CC=C1,C1(C2=CC=CC=N2)=NC=CC=C1,O=C1C2=C(C=CC=C2)C(C3=C1C(N4)=C(C=C3)N=C4C5=NC=CC=C5)=O,2,10.1039/c3mt20270d,,LO2,,48,184.8
C1(C2=NC=CC=C2C=C3)=C3C=CC=N1,C1(C2=NC=CC=C2C=C3)=C3C=CC=N1,O=C1C2=C(C=CC=C2)C(C3=C1C(N4)=C(C=C3)N=C4C5=NC=CC=C5)=O,2,10.1039/c3mt20270d,,HeLa,,48,31.9
C1(C2=NC=CC=C2C=C3)=C3C=CC=N1,C1(C2=NC=CC=C2C=C3)=C3C=CC=N1,O=C1C2=C(C=CC=C2)C(C3=C1C(N4)=C(C=C3)N=C4C5=NC=CC=C5)=O,2,10.1039/c3mt20270d,,A549,,48,56.6
C1(C2=NC=CC=C2C=C3)=C3C=CC=N1,C1(C2=NC=CC=C2C=C3)=C3C=CC=N1,O=C1C2=C(C=CC=C2)C(C3=C1C(N4)=C(C=C3)N=C4C5=NC=CC=C5)=O,2,10.1039/c3mt20270d,,BEL.7402,,48,90.2
C1(C2=NC=CC=C2C=C3)=C3C=CC=N1,C1(C2=NC=CC=C2C=C3)=C3C=CC=N1,O=C1C2=C(C=CC=C2)C(C3=C1C(N4)=C(C=C3)N=C4C5=NC=CC=C5)=O,2,10.1039/c3mt20270d,,HepG2,,48,57.5
C1(C2=NC=CC=C2C=C3)=C3C=CC=N1,C1(C2=NC=CC=C2C=C3)=C3C=CC=N1,O=C1C2=C(C=CC=C2)C(C3=C1C(N4)=C(C=C3)N=C4C5=NC=CC=C5)=O,2,10.1039/c3mt20270d,,LO2,,48,135.7
CC1=C(C=CC2=C(C)C=CN=C32)C3=NC=C1,CC1=C(C=CC2=C(C)C=CN=C32)C3=NC=C1,O=C1C2=C(C=CC=C2)C(C3=C1C(N4)=C(C=C3)N=C4C5=NC=CC=C5)=O,2,10.1039/c3mt20270d,,HeLa,,48,12.100
CC1=C(C=CC2=C(C)C=CN=C32)C3=NC=C1,CC1=C(C=CC2=C(C)C=CN=C32)C3=NC=C1,O=C1C2=C(C=CC=C2)C(C3=C1C(N4)=C(C=C3)N=C4C5=NC=CC=C5)=O,2,10.1039/c3mt20270d,,A549,,48,32.0
CC1=C(C=CC2=C(C)C=CN=C32)C3=NC=C1,CC1=C(C=CC2=C(C)C=CN=C32)C3=NC=C1,O=C1C2=C(C=CC=C2)C(C3=C1C(N4)=C(C=C3)N=C4C5=NC=CC=C5)=O,2,10.1039/c3mt20270d,,BEL.7402,,48,19.50
CC1=C(C=CC2=C(C)C=CN=C32)C3=NC=C1,CC1=C(C=CC2=C(C)C=CN=C32)C3=NC=C1,O=C1C2=C(C=CC=C2)C(C3=C1C(N4)=C(C=C3)N=C4C5=NC=CC=C5)=O,2,10.1039/c3mt20270d,,HepG2,,48,25.40
CC1=C(C=CC2=C(C)C=CN=C32)C3=NC=C1,CC1=C(C=CC2=C(C)C=CN=C32)C3=NC=C1,O=C1C2=C(C=CC=C2)C(C3=C1C(N4)=C(C=C3)N=C4C5=NC=CC=C5)=O,2,10.1039/c3mt20270d,,LO2,,48,99.2
C12=NC=CC(C3=CC=CC=C3)=C1C=CC4=C(C5=CC=CC=C5)C=CN=C24,C12=NC=CC(C3=CC=CC=C3)=C1C=CC4=C(C5=CC=CC=C5)C=CN=C24,O=C1C2=C(C=CC=C2)C(C3=C1C(N4)=C(C=C3)N=C4C5=NC=CC=C5)=O,2,10.1039/c3mt20270d,,HeLa,mitochondria,48,>100
C12=NC=CC(C3=CC=CC=C3)=C1C=CC4=C(C5=CC=CC=C5)C=CN=C24,C12=NC=CC(C3=CC=CC=C3)=C1C=CC4=C(C5=CC=CC=C5)C=CN=C24,O=C1C2=C(C=CC=C2)C(C3=C1C(N4)=C(C=C3)N=C4C5=NC=CC=C5)=O,2,10.1039/c3mt20270d,,A549,mitochondria,48,>100
C12=NC=CC(C3=CC=CC=C3)=C1C=CC4=C(C5=CC=CC=C5)C=CN=C24,C12=NC=CC(C3=CC=CC=C3)=C1C=CC4=C(C5=CC=CC=C5)C=CN=C24,O=C1C2=C(C=CC=C2)C(C3=C1C(N4)=C(C=C3)N=C4C5=NC=CC=C5)=O,2,10.1039/c3mt20270d,,BEL.7402,mitochondria,48,57.7
C12=NC=CC(C3=CC=CC=C3)=C1C=CC4=C(C5=CC=CC=C5)C=CN=C24,C12=NC=CC(C3=CC=CC=C3)=C1C=CC4=C(C5=CC=CC=C5)C=CN=C24,O=C1C2=C(C=CC=C2)C(C3=C1C(N4)=C(C=C3)N=C4C5=NC=CC=C5)=O,2,10.1039/c3mt20270d,,HepG2,mitochondria,48,>100
C12=NC=CC(C3=CC=CC=C3)=C1C=CC4=C(C5=CC=CC=C5)C=CN=C24,C12=NC=CC(C3=CC=CC=C3)=C1C=CC4=C(C5=CC=CC=C5)C=CN=C24,O=C1C2=C(C=CC=C2)C(C3=C1C(N4)=C(C=C3)N=C4C5=NC=CC=C5)=O,2,10.1039/c3mt20270d,,HeLa,nucleus,48,>100
C12=NC=CC(C3=CC=CC=C3)=C1C=CC4=C(C5=CC=CC=C5)C=CN=C24,C12=NC=CC(C3=CC=CC=C3)=C1C=CC4=C(C5=CC=CC=C5)C=CN=C24,O=C1C2=C(C=CC=C2)C(C3=C1C(N4)=C(C=C3)N=C4C5=NC=CC=C5)=O,2,10.1039/c3mt20270d,,A549,nucleus,48,>100
C12=NC=CC(C3=CC=CC=C3)=C1C=CC4=C(C5=CC=CC=C5)C=CN=C24,C12=NC=CC(C3=CC=CC=C3)=C1C=CC4=C(C5=CC=CC=C5)C=CN=C24,O=C1C2=C(C=CC=C2)C(C3=C1C(N4)=C(C=C3)N=C4C5=NC=CC=C5)=O,2,10.1039/c3mt20270d,,BEL.7402,nucleus,48,57.7
C12=NC=CC(C3=CC=CC=C3)=C1C=CC4=C(C5=CC=CC=C5)C=CN=C24,C12=NC=CC(C3=CC=CC=C3)=C1C=CC4=C(C5=CC=CC=C5)C=CN=C24,O=C1C2=C(C=CC=C2)C(C3=C1C(N4)=C(C=C3)N=C4C5=NC=CC=C5)=O,2,10.1039/c3mt20270d,,HepG2,nucleus,48,>100
C1(C2=CC=CC=N2)=NC=CC=C1,C1(C2=CC=CC=N2)=NC=CC=C1,OC(C([N+]([O-])=O)=C1)=CC=C1C2=NC3=C(N2)C4=CC=CN=C4C5=NC=CC=C53,2,10.1071/CH12564,,BEL.7402,nucleus,48,>100
C1(C2=CC=CC=N2)=NC=CC=C1,C1(C2=CC=CC=N2)=NC=CC=C1,OC(C([N+]([O-])=O)=C1)=CC=C1C2=NC3=C(N2)C4=CC=CN=C4C5=NC=CC=C53,2,10.1071/CH12564,,HeLa,nucleus,48,>100
C1(C2=CC=CC=N2)=NC=CC=C1,C1(C2=CC=CC=N2)=NC=CC=C1,OC(C([N+]([O-])=O)=C1)=CC=C1C2=NC3=C(N2)C4=CC=CN=C4C5=NC=CC=C53,2,10.1071/CH12564,,MCF.7.7,nucleus,48,57.7
C1(C2=CC=CC=N2)=NC=CC=C1,C1(C2=CC=CC=N2)=NC=CC=C1,OC(C([N+]([O-])=O)=C1)=CC=C1C2=NC3=C(N2)C4=CC=CN=C4C5=NC=CC=C53,2,10.1071/CH12564,,MG63,nucleus,48,>100
C1(C2=CC=CC=N2)=NC=CC=C1,C1(C2=CC=CC=N2)=NC=CC=C1,OC(C([N+]([O-])=O)=C1)=CC=C1C2=NC3=C(N2)C4=CC=CN=C4C5=NC=CC=C53,2,10.1071/CH12564,,BEL.7402,cytoplasm,48,>100
C1(C2=CC=CC=N2)=NC=CC=C1,C1(C2=CC=CC=N2)=NC=CC=C1,OC(C([N+]([O-])=O)=C1)=CC=C1C2=NC3=C(N2)C4=CC=CN=C4C5=NC=CC=C53,2,10.1071/CH12564,,HeLa,cytoplasm,48,>100
C1(C2=CC=CC=N2)=NC=CC=C1,C1(C2=CC=CC=N2)=NC=CC=C1,OC(C([N+]([O-])=O)=C1)=CC=C1C2=NC3=C(N2)C4=CC=CN=C4C5=NC=CC=C53,2,10.1071/CH12564,,MCF.7.7,cytoplasm,48,57.7
C1(C2=CC=CC=N2)=NC=CC=C1,C1(C2=CC=CC=N2)=NC=CC=C1,OC(C([N+]([O-])=O)=C1)=CC=C1C2=NC3=C(N2)C4=CC=CN=C4C5=NC=CC=C53,2,10.1071/CH12564,,MG63,cytoplasm,48,>100
C1(C2=NC=CC=C2C=C3)=C3C=CC=N1,C1(C2=NC=CC=C2C=C3)=C3C=CC=N1,OC(C([N+]([O-])=O)=C1)=CC=C1C(N2)=NC3=C2C4=CC=CN=C4C5=NC=CC=C35,2,10.1071/CH12564,,BEL.7402,nucleus,48,43.9
C1(C2=NC=CC=C2C=C3)=C3C=CC=N1,C1(C2=NC=CC=C2C=C3)=C3C=CC=N1,OC(C([N+]([O-])=O)=C1)=CC=C1C(N2)=NC3=C2C4=CC=CN=C4C5=NC=CC=C35,2,10.1071/CH12564,,HeLa,nucleus,48,78.7
C1(C2=NC=CC=C2C=C3)=C3C=CC=N1,C1(C2=NC=CC=C2C=C3)=C3C=CC=N1,OC(C([N+]([O-])=O)=C1)=CC=C1C(N2)=NC3=C2C4=CC=CN=C4C5=NC=CC=C35,2,10.1071/CH12564,,MCF.7.7,nucleus,48,46.3
C1(C2=NC=CC=C2C=C3)=C3C=CC=N1,C1(C2=NC=CC=C2C=C3)=C3C=CC=N1,OC(C([N+]([O-])=O)=C1)=CC=C1C(N2)=NC3=C2C4=CC=CN=C4C5=NC=CC=C35,2,10.1071/CH12564,,MG63,nucleus,48,67.7
C1(C2=NC=CC=C2C=C3)=C3C=CC=N1,C1(C2=NC=CC=C2C=C3)=C3C=CC=N1,OC(C([N+]([O-])=O)=C1)=CC=C1C(N2)=NC3=C2C4=CC=CN=C4C5=NC=CC=C35,2,10.1071/CH12564,,BEL.7402,cytoplasm,48,43.9
C1(C2=NC=CC=C2C=C3)=C3C=CC=N1,C1(C2=NC=CC=C2C=C3)=C3C=CC=N1,OC(C([N+]([O-])=O)=C1)=CC=C1C(N2)=NC3=C2C4=CC=CN=C4C5=NC=CC=C35,2,10.1071/CH12564,,HeLa,cytoplasm,48,78.7
C1(C2=NC=CC=C2C=C3)=C3C=CC=N1,C1(C2=NC=CC=C2C=C3)=C3C=CC=N1,OC(C([N+]([O-])=O)=C1)=CC=C1C(N2)=NC3=C2C4=CC=CN=C4C5=NC=CC=C35,2,10.1071/CH12564,,MCF.7.7,cytoplasm,48,46.3
C1(C2=NC=CC=C2C=C3)=C3C=CC=N1,C1(C2=NC=CC=C2C=C3)=C3C=CC=N1,OC(C([N+]([O-])=O)=C1)=CC=C1C(N2)=NC3=C2C4=CC=CN=C4C5=NC=CC=C35,2,10.1071/CH12564,,MG63,cytoplasm,48,67.7
C1(C2=CC=CC=N2)=NC=CC=C1,C1(C2=CC=CC=N2)=NC=CC=C1,OC(C(N)=C1)=CC=C1C2=NC3=C(N2)C4=CC=CN=C4C5=NC=CC=C53,2,10.1071/CH12564,,BEL.7402,nucleus,48,44.5
C1(C2=CC=CC=N2)=NC=CC=C1,C1(C2=CC=CC=N2)=NC=CC=C1,OC(C(N)=C1)=CC=C1C2=NC3=C(N2)C4=CC=CN=C4C5=NC=CC=C53,2,10.1071/CH12564,,HeLa,nucleus,48,82.3
C1(C2=CC=CC=N2)=NC=CC=C1,C1(C2=CC=CC=N2)=NC=CC=C1,OC(C(N)=C1)=CC=C1C2=NC3=C(N2)C4=CC=CN=C4C5=NC=CC=C53,2,10.1071/CH12564,,MCF.7.7,nucleus,48,18.90
C1(C2=CC=CC=N2)=NC=CC=C1,C1(C2=CC=CC=N2)=NC=CC=C1,OC(C(N)=C1)=CC=C1C2=NC3=C(N2)C4=CC=CN=C4C5=NC=CC=C53,2,10.1071/CH12564,,MG63,nucleus,48,65.6
C1(C2=CC=CC=N2)=NC=CC=C1,C1(C2=CC=CC=N2)=NC=CC=C1,OC(C(N)=C1)=CC=C1C2=NC3=C(N2)C4=CC=CN=C4C5=NC=CC=C53,2,10.1071/CH12564,,BEL.7402,cytoplasm,48,44.5
C1(C2=CC=CC=N2)=NC=CC=C1,C1(C2=CC=CC=N2)=NC=CC=C1,OC(C(N)=C1)=CC=C1C2=NC3=C(N2)C4=CC=CN=C4C5=NC=CC=C53,2,10.1071/CH12564,,HeLa,cytoplasm,48,82.3
C1(C2=CC=CC=N2)=NC=CC=C1,C1(C2=CC=CC=N2)=NC=CC=C1,OC(C(N)=C1)=CC=C1C2=NC3=C(N2)C4=CC=CN=C4C5=NC=CC=C53,2,10.1071/CH12564,,MCF.7.7,cytoplasm,48,18.90
C1(C2=CC=CC=N2)=NC=CC=C1,C1(C2=CC=CC=N2)=NC=CC=C1,OC(C(N)=C1)=CC=C1C2=NC3=C(N2)C4=CC=CN=C4C5=NC=CC=C53,2,10.1071/CH12564,,MG63,cytoplasm,48,65.6
C1(C2=NC=CC=C2C=C3)=C3C=CC=N1,C1(C2=NC=CC=C2C=C3)=C3C=CC=N1,OC(C(N)=C1)=CC=C1C(N2)=NC3=C2C4=CC=CN=C4C5=NC=CC=C35,2,10.1071/CH12564,,BEL.7402,nucleus,48,13.60
C1(C2=NC=CC=C2C=C3)=C3C=CC=N1,C1(C2=NC=CC=C2C=C3)=C3C=CC=N1,OC(C(N)=C1)=CC=C1C(N2)=NC3=C2C4=CC=CN=C4C5=NC=CC=C35,2,10.1071/CH12564,,HeLa,nucleus,48,18.60
C1(C2=NC=CC=C2C=C3)=C3C=CC=N1,C1(C2=NC=CC=C2C=C3)=C3C=CC=N1,OC(C(N)=C1)=CC=C1C(N2)=NC3=C2C4=CC=CN=C4C5=NC=CC=C35,2,10.1071/CH12564,,MCF.7.7,nucleus,48,24.70
C1(C2=NC=CC=C2C=C3)=C3C=CC=N1,C1(C2=NC=CC=C2C=C3)=C3C=CC=N1,OC(C(N)=C1)=CC=C1C(N2)=NC3=C2C4=CC=CN=C4C5=NC=CC=C35,2,10.1071/CH12564,,MG63,nucleus,48,34.30
C1(C2=NC=CC=C2C=C3)=C3C=CC=N1,C1(C2=NC=CC=C2C=C3)=C3C=CC=N1,OC(C(N)=C1)=CC=C1C(N2)=NC3=C2C4=CC=CN=C4C5=NC=CC=C35,2,10.1071/CH12564,,BEL.7402,cytoplasm,48,13.60
C1(C2=NC=CC=C2C=C3)=C3C=CC=N1,C1(C2=NC=CC=C2C=C3)=C3C=CC=N1,OC(C(N)=C1)=CC=C1C(N2)=NC3=C2C4=CC=CN=C4C5=NC=CC=C35,2,10.1071/CH12564,,HeLa,cytoplasm,48,18.60
C1(C2=NC=CC=C2C=C3)=C3C=CC=N1,C1(C2=NC=CC=C2C=C3)=C3C=CC=N1,OC(C(N)=C1)=CC=C1C(N2)=NC3=C2C4=CC=CN=C4C5=NC=CC=C35,2,10.1071/CH12564,,MCF.7.7,cytoplasm,48,24.70
C1(C2=NC=CC=C2C=C3)=C3C=CC=N1,C1(C2=NC=CC=C2C=C3)=C3C=CC=N1,OC(C(N)=C1)=CC=C1C(N2)=NC3=C2C4=CC=CN=C4C5=NC=CC=C35,2,10.1071/CH12564,,MG63,cytoplasm,48,34.30
CC1=CC=C(C=CC2=CC=C(C)N=C32)C3=N1,CC1=CC=C(C=CC2=CC=C(C)N=C32)C3=N1,OC(C([N+]([O-])=O)=C1)=CC=C1C(N2)=NC3=C2C4=CC=CN=C4C5=NC=CC=C35,2,10.1016/j.ica.2013.06.002,,BEL.7402,,48,12.40
CC1=CC=C(C=CC2=CC=C(C)N=C32)C3=N1,CC1=CC=C(C=CC2=CC=C(C)N=C32)C3=N1,OC(C([N+]([O-])=O)=C1)=CC=C1C(N2)=NC3=C2C4=CC=CN=C4C5=NC=CC=C35,2,10.1016/j.ica.2013.06.002,,HeLa,,48,16.90
CC1=CC=C(C=CC2=CC=C(C)N=C32)C3=N1,CC1=CC=C(C=CC2=CC=C(C)N=C32)C3=N1,OC(C([N+]([O-])=O)=C1)=CC=C1C(N2)=NC3=C2C4=CC=CN=C4C5=NC=CC=C35,2,10.1016/j.ica.2013.06.002,,MCF.7.7,,48,18.50
CC1=CC=C(C=CC2=CC=C(C)N=C32)C3=N1,CC1=CC=C(C=CC2=CC=C(C)N=C32)C3=N1,OC(C([N+]([O-])=O)=C1)=CC=C1C(N2)=NC3=C2C4=CC=CN=C4C5=NC=CC=C35,2,10.1016/j.ica.2013.06.002,,MG63,,48,15.50
CC1=CC=C(C=CC2=CC=C(C)N=C32)C3=N1,CC1=CC=C(C=CC2=CC=C(C)N=C32)C3=N1,OC(C(N)=C1)=CC=C1C(N2)=NC3=C2C4=CC=CN=C4C5=NC=CC=C35,2,10.1016/j.ica.2013.06.002,,BEL.7402,,48,5.40
CC1=CC=C(C=CC2=CC=C(C)N=C32)C3=N1,CC1=CC=C(C=CC2=CC=C(C)N=C32)C3=N1,OC(C(N)=C1)=CC=C1C(N2)=NC3=C2C4=CC=CN=C4C5=NC=CC=C35,2,10.1016/j.ica.2013.06.002,,HeLa,,48,6.80
CC1=CC=C(C=CC2=CC=C(C)N=C32)C3=N1,CC1=CC=C(C=CC2=CC=C(C)N=C32)C3=N1,OC(C(N)=C1)=CC=C1C(N2)=NC3=C2C4=CC=CN=C4C5=NC=CC=C35,2,10.1016/j.ica.2013.06.002,,MCF.7.7,,48,5.100
CC1=CC=C(C=CC2=CC=C(C)N=C32)C3=N1,CC1=CC=C(C=CC2=CC=C(C)N=C32)C3=N1,OC(C(N)=C1)=CC=C1C(N2)=NC3=C2C4=CC=CN=C4C5=NC=CC=C35,2,10.1016/j.ica.2013.06.002,,MG63,,48,6.50
C1(C2=NC=CC=C2C=C3)=C3C=CC=N1,C1(C2=NC=CC=C2C=C3)=C3C=CC=N1,FC(C(C=C1)=CC=C1C2=NC3=C(N2)C4=CC=CN=C4C5=NC=CC=C53)(F)F,2,10.1002/cmdc.201300379,,MG63,mitochondria,72,13.0
C1(C2=NC=CC=C2C=C3)=C3C=CC=N1,C1(C2=NC=CC=C2C=C3)=C3C=CC=N1,FC(C(C=C1)=CC=C1C2=NC3=C(N2)C4=CC=CN=C4C5=NC=CC=C53)(F)F,2,10.1002/cmdc.201300379,,MCF.7.7,mitochondria,72,32.0
C1(C2=NC=CC=C2C=C3)=C3C=CC=N1,C1(C2=NC=CC=C2C=C3)=C3C=CC=N1,FC(C(C=C1)=CC=C1C2=NC3=C(N2)C4=CC=CN=C4C5=NC=CC=C53)(F)F,2,10.1002/cmdc.201300379,,A549,mitochondria,72,20.0
C1(C2=NC=CC=C2C=C3)=C3C=CC=N1,C1(C2=NC=CC=C2C=C3)=C3C=CC=N1,FC(C(C=C1)=CC=C1C2=NC3=C(N2)C4=CC=CN=C4C5=NC=CC=C53)(F)F,2,10.1002/cmdc.201300379,,HK2,mitochondria,72,80.0
C1(C2=NC=CC=C2C=C3)=C3C=CC=N1,C1(C2=NC=CC=C2C=C3)=C3C=CC=N1,COC1=CC=C(OC)C(C1=N2)=NC3=C2C4=CC=CN=C4C5=NC=CC=C35,2,10.1016/j.jinorgbio.2014.09.001,,HepG2,nucleus,4,>200
C1(C2=NC=CC=C2C=C3)=C3C=CC=N1,C1(C2=NC=CC=C2C=C3)=C3C=CC=N1,COC1=CC=C(OC)C(C1=N2)=NC3=C2C4=CC=CN=C4C5=NC=CC=C35,2,10.1016/j.jinorgbio.2014.09.001,,HeLa,nucleus,4,60.4
C1(C2=NC=CC=C2C=C3)=C3C=CC=N1,C1(C2=NC=CC=C2C=C3)=C3C=CC=N1,COC1=CC=C(OC)C(C1=N2)=NC3=C2C4=CC=CN=C4C5=NC=CC=C35,2,10.1016/j.jinorgbio.2014.09.001,,MG63,nucleus,4,18.80
C1(C2=NC=CC=C2C=C3)=C3C=CC=N1,C1(C2=NC=CC=C2C=C3)=C3C=CC=N1,COC1=CC=C(OC)C(C1=N2)=NC3=C2C4=CC=CN=C4C5=NC=CC=C35,2,10.1016/j.jinorgbio.2014.09.001,,A549,nucleus,4,>100
C1(C2=NC=CC=C2C=C3)=C3C=CC=N1,C1(C2=NC=CC=C2C=C3)=C3C=CC=N1,COC1=CC=C(OC)C(C1=N2)=NC3=C2C4=CC=CN=C4C5=NC=CC=C35,2,10.1016/j.jinorgbio.2014.09.001,,BEL.7402,nucleus,4,18.00
CC1=CC(C2=NC=CC(C)=C2)=NC=C1,CC1=CC(C2=NC=CC(C)=C2)=NC=C1,OC1=C(C(C)(C)C)C=C(C(C)(C)C)C=C1C(N2)=NC3=C2C4=C(C5=C3C=CC=N5)N=CC=C4,2,10.1039/c4ra07102f,,BEL.7402,cytoplasm,48,13.60
CC1=CC(C2=NC=CC(C)=C2)=NC=C1,CC1=CC(C2=NC=CC(C)=C2)=NC=C1,OC1=C(C(C)(C)C)C=C(C(C)(C)C)C=C1C(N2)=NC3=C2C4=C(C5=C3C=CC=N5)N=CC=C4,2,10.1039/c4ra07102f,,A549,cytoplasm,48,8.60
CC1=CC(C2=NC=CC(C)=C2)=NC=C1,CC1=CC(C2=NC=CC(C)=C2)=NC=C1,OC1=C(C(C)(C)C)C=C(C(C)(C)C)C=C1C(N2)=NC3=C2C4=C(C5=C3C=CC=N5)N=CC=C4,2,10.1039/c4ra07102f,,MG63,cytoplasm,48,21.70
CC1=CC(C2=NC=CC(C)=C2)=NC=C1,CC1=CC(C2=NC=CC(C)=C2)=NC=C1,OC1=C(C(C)(C)C)C=C(C(C)(C)C)C=C1C(N2)=NC3=C2C4=C(C5=C3C=CC=N5)N=CC=C4,2,10.1039/c4ra07102f,,SKBR3,cytoplasm,48,16.80
CC1=CC(C2=NC=CC(C)=C2)=NC=C1,CC1=CC(C2=NC=CC(C)=C2)=NC=C1,OC1=C(C(C)(C)C)C=C(C(C)(C)C)C=C1C(N2)=NC3=C2C4=C(C5=C3C=CC=N5)N=CC=C4,2,10.1039/c4ra07102f,,BEL.7402,nucleus,48,13.60
CC1=CC(C2=NC=CC(C)=C2)=NC=C1,CC1=CC(C2=NC=CC(C)=C2)=NC=C1,OC1=C(C(C)(C)C)C=C(C(C)(C)C)C=C1C(N2)=NC3=C2C4=C(C5=C3C=CC=N5)N=CC=C4,2,10.1039/c4ra07102f,,A549,nucleus,48,8.60
CC1=CC(C2=NC=CC(C)=C2)=NC=C1,CC1=CC(C2=NC=CC(C)=C2)=NC=C1,OC1=C(C(C)(C)C)C=C(C(C)(C)C)C=C1C(N2)=NC3=C2C4=C(C5=C3C=CC=N5)N=CC=C4,2,10.1039/c4ra07102f,,MG63,nucleus,48,21.70
CC1=CC(C2=NC=CC(C)=C2)=NC=C1,CC1=CC(C2=NC=CC(C)=C2)=NC=C1,OC1=C(C(C)(C)C)C=C(C(C)(C)C)C=C1C(N2)=NC3=C2C4=C(C5=C3C=CC=N5)N=CC=C4,2,10.1039/c4ra07102f,,SKBR3,nucleus,48,16.80
C1(C2=CC=CC=N2)=NC=CC=C1,C1(C2=CC=CC=N2)=NC=CC=C1,OC1=C(C(C)(C)C)C=C(C(C)(C)C)C=C1C(N2)=NC3=C2C4=C(C5=C3C=CC=N5)N=CC=C4,2,10.1039/c4ra07102f,,BEL.7402,cytoplasm,48,20.80
C1(C2=CC=CC=N2)=NC=CC=C1,C1(C2=CC=CC=N2)=NC=CC=C1,OC1=C(C(C)(C)C)C=C(C(C)(C)C)C=C1C(N2)=NC3=C2C4=C(C5=C3C=CC=N5)N=CC=C4,2,10.1039/c4ra07102f,,A549,cytoplasm,48,13.30
C1(C2=CC=CC=N2)=NC=CC=C1,C1(C2=CC=CC=N2)=NC=CC=C1,OC1=C(C(C)(C)C)C=C(C(C)(C)C)C=C1C(N2)=NC3=C2C4=C(C5=C3C=CC=N5)N=CC=C4,2,10.1039/c4ra07102f,,MG63,cytoplasm,48,14.90
C1(C2=CC=CC=N2)=NC=CC=C1,C1(C2=CC=CC=N2)=NC=CC=C1,OC1=C(C(C)(C)C)C=C(C(C)(C)C)C=C1C(N2)=NC3=C2C4=C(C5=C3C=CC=N5)N=CC=C4,2,10.1039/c4ra07102f,,SKBR3,cytoplasm,48,13.20
C1(C2=CC=CC=N2)=NC=CC=C1,C1(C2=CC=CC=N2)=NC=CC=C1,OC1=C(C(C)(C)C)C=C(C(C)(C)C)C=C1C(N2)=NC3=C2C4=C(C5=C3C=CC=N5)N=CC=C4,2,10.1039/c4ra07102f,,BEL.7402,nucleus,48,20.80
C1(C2=CC=CC=N2)=NC=CC=C1,C1(C2=CC=CC=N2)=NC=CC=C1,OC1=C(C(C)(C)C)C=C(C(C)(C)C)C=C1C(N2)=NC3=C2C4=C(C5=C3C=CC=N5)N=CC=C4,2,10.1039/c4ra07102f,,A549,nucleus,48,13.30
C1(C2=CC=CC=N2)=NC=CC=C1,C1(C2=CC=CC=N2)=NC=CC=C1,OC1=C(C(C)(C)C)C=C(C(C)(C)C)C=C1C(N2)=NC3=C2C4=C(C5=C3C=CC=N5)N=CC=C4,2,10.1039/c4ra07102f,,MG63,nucleus,48,14.90
C1(C2=CC=CC=N2)=NC=CC=C1,C1(C2=CC=CC=N2)=NC=CC=C1,OC1=C(C(C)(C)C)C=C(C(C)(C)C)C=C1C(N2)=NC3=C2C4=C(C5=C3C=CC=N5)N=CC=C4,2,10.1039/c4ra07102f,,SKBR3,nucleus,48,13.20
C1(C2=NC=CC=C2C=C3)=C3C=CC=N1,C1(C2=NC=CC=C2C=C3)=C3C=CC=N1,OC1=C(C(C)(C)C)C=C(C(C)(C)C)C=C1C(N2)=NC3=C2C4=C(C5=C3C=CC=N5)N=CC=C4,2,10.1039/c4ra07102f,,BEL.7402,cytoplasm,48,13.80
C1(C2=NC=CC=C2C=C3)=C3C=CC=N1,C1(C2=NC=CC=C2C=C3)=C3C=CC=N1,OC1=C(C(C)(C)C)C=C(C(C)(C)C)C=C1C(N2)=NC3=C2C4=C(C5=C3C=CC=N5)N=CC=C4,2,10.1039/c4ra07102f,,A549,cytoplasm,48,7.30
C1(C2=NC=CC=C2C=C3)=C3C=CC=N1,C1(C2=NC=CC=C2C=C3)=C3C=CC=N1,OC1=C(C(C)(C)C)C=C(C(C)(C)C)C=C1C(N2)=NC3=C2C4=C(C5=C3C=CC=N5)N=CC=C4,2,10.1039/c4ra07102f,,MG63,cytoplasm,48,15.100
C1(C2=NC=CC=C2C=C3)=C3C=CC=N1,C1(C2=NC=CC=C2C=C3)=C3C=CC=N1,OC1=C(C(C)(C)C)C=C(C(C)(C)C)C=C1C(N2)=NC3=C2C4=C(C5=C3C=CC=N5)N=CC=C4,2,10.1039/c4ra07102f,,SKBR3,cytoplasm,48,13.100
C1(C2=NC=CC=C2C=C3)=C3C=CC=N1,C1(C2=NC=CC=C2C=C3)=C3C=CC=N1,OC1=C(C(C)(C)C)C=C(C(C)(C)C)C=C1C(N2)=NC3=C2C4=C(C5=C3C=CC=N5)N=CC=C4,2,10.1039/c4ra07102f,,BEL.7402,nucleus,48,13.80
C1(C2=NC=CC=C2C=C3)=C3C=CC=N1,C1(C2=NC=CC=C2C=C3)=C3C=CC=N1,OC1=C(C(C)(C)C)C=C(C(C)(C)C)C=C1C(N2)=NC3=C2C4=C(C5=C3C=CC=N5)N=CC=C4,2,10.1039/c4ra07102f,,A549,nucleus,48,7.30
C1(C2=NC=CC=C2C=C3)=C3C=CC=N1,C1(C2=NC=CC=C2C=C3)=C3C=CC=N1,OC1=C(C(C)(C)C)C=C(C(C)(C)C)C=C1C(N2)=NC3=C2C4=C(C5=C3C=CC=N5)N=CC=C4,2,10.1039/c4ra07102f,,MG63,nucleus,48,15.100
C1(C2=NC=CC=C2C=C3)=C3C=CC=N1,C1(C2=NC=CC=C2C=C3)=C3C=CC=N1,OC1=C(C(C)(C)C)C=C(C(C)(C)C)C=C1C(N2)=NC3=C2C4=C(C5=C3C=CC=N5)N=CC=C4,2,10.1039/c4ra07102f,,SKBR3,nucleus,48,13.100
C1(C2=CC=CC=N2)=NC=CC=C1,C1(C2=CC=CC=N2)=NC=CC=C1,FC(C(C=C1)=CC=C1C(N2)=NC3=C2C4=C(C5=C3C=CC=N5)N=CC=C4)(F)F,2,10.1002/cmdc.201300379,,MG63,mitochondria,72,43.0
C1(C2=CC=CC=N2)=NC=CC=C1,C1(C2=CC=CC=N2)=NC=CC=C1,FC(C(C=C1)=CC=C1C(N2)=NC3=C2C4=C(C5=C3C=CC=N5)N=CC=C4)(F)F,2,10.1002/cmdc.201300379,,MCF.7.7,mitochondria,72,>200
C1(C2=CC=CC=N2)=NC=CC=C1,C1(C2=CC=CC=N2)=NC=CC=C1,FC(C(C=C1)=CC=C1C(N2)=NC3=C2C4=C(C5=C3C=CC=N5)N=CC=C4)(F)F,2,10.1002/cmdc.201300379,,A549,mitochondria,72,140.0
C1(C2=CC=CC=N2)=NC=CC=C1,C1(C2=CC=CC=N2)=NC=CC=C1,FC(C(C=C1)=CC=C1C(N2)=NC3=C2C4=C(C5=C3C=CC=N5)N=CC=C4)(F)F,2,10.1002/cmdc.201300379,,HK2,mitochondria,72,>200
C1(C2=CC=CC=N2)=NC=CC=C1,C1(C2=CC=CC=N2)=NC=CC=C1,FC(C1=CC=CC=C1C(N2)=NC3=C2C4=C(C5=C3C=CC=N5)N=CC=C4)(F)F,2,10.1002/cmdc.201300379,,MG63,mitochondria,72,70.0
C1(C2=CC=CC=N2)=NC=CC=C1,C1(C2=CC=CC=N2)=NC=CC=C1,FC(C1=CC=CC=C1C(N2)=NC3=C2C4=C(C5=C3C=CC=N5)N=CC=C4)(F)F,2,10.1002/cmdc.201300379,,MCF.7.7,mitochondria,72,115.0
C1(C2=CC=CC=N2)=NC=CC=C1,C1(C2=CC=CC=N2)=NC=CC=C1,FC(C1=CC=CC=C1C(N2)=NC3=C2C4=C(C5=C3C=CC=N5)N=CC=C4)(F)F,2,10.1002/cmdc.201300379,,A549,mitochondria,72,87.0
C1(C2=CC=CC=N2)=NC=CC=C1,C1(C2=CC=CC=N2)=NC=CC=C1,FC(C1=CC=CC=C1C(N2)=NC3=C2C4=C(C5=C3C=CC=N5)N=CC=C4)(F)F,2,10.1002/cmdc.201300379,,HK2,mitochondria,72,78.0
C1(C2=NC=CC=C2C=C3)=C3C=CC=N1,C1(C2=NC=CC=C2C=C3)=C3C=CC=N1,FC(C1=CC=CC=C1C(N2)=NC3=C2C4=C(C5=C3C=CC=N5)N=CC=C4)(F)F,2,10.1002/cmdc.201300379,,MG63,mitochondria,72,21.0
C1(C2=NC=CC=C2C=C3)=C3C=CC=N1,C1(C2=NC=CC=C2C=C3)=C3C=CC=N1,FC(C1=CC=CC=C1C(N2)=NC3=C2C4=C(C5=C3C=CC=N5)N=CC=C4)(F)F,2,10.1002/cmdc.201300379,,MCF.7.7,mitochondria,72,>200
C1(C2=NC=CC=C2C=C3)=C3C=CC=N1,C1(C2=NC=CC=C2C=C3)=C3C=CC=N1,FC(C1=CC=CC=C1C(N2)=NC3=C2C4=C(C5=C3C=CC=N5)N=CC=C4)(F)F,2,10.1002/cmdc.201300379,,A549,mitochondria,72,102.0
C1(C2=NC=CC=C2C=C3)=C3C=CC=N1,C1(C2=NC=CC=C2C=C3)=C3C=CC=N1,FC(C1=CC=CC=C1C(N2)=NC3=C2C4=C(C5=C3C=CC=N5)N=CC=C4)(F)F,2,10.1002/cmdc.201300379,,HK2,mitochondria,72,>200
C1(C2=CC=CC=N2)=NC=CC=C1,C1(C2=CC=CC=N2)=NC=CC=C1,COC1=CC=C(OC)C(C1=N2)=NC3=C2C4=CC=CN=C4C5=NC=CC=C35,2,10.1016/j.jinorgbio.2014.09.001,,HepG2,nucleus,48,>200
C1(C2=CC=CC=N2)=NC=CC=C1,C1(C2=CC=CC=N2)=NC=CC=C1,COC1=CC=C(OC)C(C1=N2)=NC3=C2C4=CC=CN=C4C5=NC=CC=C35,2,10.1016/j.jinorgbio.2014.09.001,,HeLa,nucleus,48,>100
C1(C2=CC=CC=N2)=NC=CC=C1,C1(C2=CC=CC=N2)=NC=CC=C1,COC1=CC=C(OC)C(C1=N2)=NC3=C2C4=CC=CN=C4C5=NC=CC=C35,2,10.1016/j.jinorgbio.2014.09.001,,MG63,nucleus,48,>100
C1(C2=CC=CC=N2)=NC=CC=C1,C1(C2=CC=CC=N2)=NC=CC=C1,COC1=CC=C(OC)C(C1=N2)=NC3=C2C4=CC=CN=C4C5=NC=CC=C35,2,10.1016/j.jinorgbio.2014.09.001,,A549,nucleus,48,>100
C1(C2=CC=CC=N2)=NC=CC=C1,C1(C2=CC=CC=N2)=NC=CC=C1,COC1=CC=C(OC)C(C1=N2)=NC3=C2C4=CC=CN=C4C5=NC=CC=C35,2,10.1016/j.jinorgbio.2014.09.001,,BEL.7402,nucleus,48,16.80
CC1=CC(C2=NC=CC(C)=C2)=NC=C1,CC1=CC(C2=NC=CC(C)=C2)=NC=C1,COC1=CC=C(OC)C(C1=N2)=NC3=C2C4=CC=CN=C4C5=NC=CC=C35,2,10.1016/j.jinorgbio.2014.09.001,,HepG2,nucleus,48,>100
CC1=CC(C2=NC=CC(C)=C2)=NC=C1,CC1=CC(C2=NC=CC(C)=C2)=NC=C1,COC1=CC=C(OC)C(C1=N2)=NC3=C2C4=CC=CN=C4C5=NC=CC=C35,2,10.1016/j.jinorgbio.2014.09.001,,HeLa,nucleus,48,95.2
CC1=CC(C2=NC=CC(C)=C2)=NC=C1,CC1=CC(C2=NC=CC(C)=C2)=NC=C1,COC1=CC=C(OC)C(C1=N2)=NC3=C2C4=CC=CN=C4C5=NC=CC=C35,2,10.1016/j.jinorgbio.2014.09.001,,MG63,nucleus,48,19.70
CC1=CC(C2=NC=CC(C)=C2)=NC=C1,CC1=CC(C2=NC=CC(C)=C2)=NC=C1,COC1=CC=C(OC)C(C1=N2)=NC3=C2C4=CC=CN=C4C5=NC=CC=C35,2,10.1016/j.jinorgbio.2014.09.001,,A549,nucleus,48,93.9
CC1=CC(C2=NC=CC(C)=C2)=NC=C1,CC1=CC(C2=NC=CC(C)=C2)=NC=C1,COC1=CC=C(OC)C(C1=N2)=NC3=C2C4=CC=CN=C4C5=NC=CC=C35,2,10.1016/j.jinorgbio.2014.09.001,,BEL.7402,nucleus,48,14.60
CC1=CC=C(C=CC2=CC=C(C)N=C32)C3=N1,CC1=CC=C(C=CC2=CC=C(C)N=C32)C3=N1,COC1=CC=C(OC)C(C1=N2)=NC3=C2C4=CC=CN=C4C5=NC=CC=C35,2,10.1016/j.jinorgbio.2014.09.001,,HepG2,nucleus,48,44.30
CC1=CC=C(C=CC2=CC=C(C)N=C32)C3=N1,CC1=CC=C(C=CC2=CC=C(C)N=C32)C3=N1,COC1=CC=C(OC)C(C1=N2)=NC3=C2C4=CC=CN=C4C5=NC=CC=C35,2,10.1016/j.jinorgbio.2014.09.001,,HeLa,nucleus,48,14.30
CC1=CC=C(C=CC2=CC=C(C)N=C32)C3=N1,CC1=CC=C(C=CC2=CC=C(C)N=C32)C3=N1,COC1=CC=C(OC)C(C1=N2)=NC3=C2C4=CC=CN=C4C5=NC=CC=C35,2,10.1016/j.jinorgbio.2014.09.001,,MG63,nucleus,48,24.80
CC1=CC=C(C=CC2=CC=C(C)N=C32)C3=N1,CC1=CC=C(C=CC2=CC=C(C)N=C32)C3=N1,COC1=CC=C(OC)C(C1=N2)=NC3=C2C4=CC=CN=C4C5=NC=CC=C35,2,10.1016/j.jinorgbio.2014.09.001,,A549,nucleus,48,21.100
CC1=CC=C(C=CC2=CC=C(C)N=C32)C3=N1,CC1=CC=C(C=CC2=CC=C(C)N=C32)C3=N1,COC1=CC=C(OC)C(C1=N2)=NC3=C2C4=CC=CN=C4C5=NC=CC=C35,2,10.1016/j.jinorgbio.2014.09.001,,BEL.7402,nucleus,48,16.70
C1(C2=NC=CC=C2C=C3)=C3C=CC=N1,C1(C2=NC=CC=C2C=C3)=C3C=CC=N1,C12=NC=CC=C1C3=C(N=C(C=C(N=C(C4=CC=CC5=CC=CC6=C45)C6=N7)C7=C8)C8=N3)C9=CC=CN=C29,2,10.1039/C3NJ01467C,,BEL.7402,,48,3.90
C1(C2=NC=CC=C2C=C3)=C3C=CC=N1,C1(C2=NC=CC=C2C=C3)=C3C=CC=N1,C12=NC=CC=C1C3=C(N=C(C=C(N=C(C4=CC=CC5=CC=CC6=C45)C6=N7)C7=C8)C8=N3)C9=CC=CN=C29,2,10.1039/C3NJ01467C,,HeLa,,48,9.00
C1(C2=NC=CC=C2C=C3)=C3C=CC=N1,C1(C2=NC=CC=C2C=C3)=C3C=CC=N1,C12=NC=CC=C1C3=C(N=C(C=C(N=C(C4=CC=CC5=CC=CC6=C45)C6=N7)C7=C8)C8=N3)C9=CC=CN=C29,2,10.1039/C3NJ01467C,,MG63,,48,6.60
C1(C2=NC=CC=C2C=C3)=C3C=CC=N1,C1(C2=NC=CC=C2C=C3)=C3C=CC=N1,C12=NC=CC=C1C3=C(N=C(C=C(N=C(C4=CC=CC5=CC=CC6=C45)C6=N7)C7=C8)C8=N3)C9=CC=CN=C29,2,10.1039/C3NJ01467C,,SKBR3,,48,5.100
C1(C2=CC=CC=N2)=NC=CC=C1,C1(C2=CC=CC=N2)=NC=CC=C1,C12=NC=CC=C1C3=C(NC(C4=CC(C=CN5)=C5C=C4)=N3)C6=CC=CN=C26,2,10.1016/j.ejmech.2014.05.040,,HeLa,cytoplasm,,35.8
C1(C2=CC=CC=N2)=NC=CC=C1,C1(C2=CC=CC=N2)=NC=CC=C1,C12=NC=CC=C1C3=C(NC(C4=CC(C=CN5)=C5C=C4)=N3)C6=CC=CN=C26,2,10.1016/j.ejmech.2014.05.040,,Hep2,cytoplasm,,158.0
C1(C2=CC=CC=N2)=NC=CC=C1,C1(C2=CC=CC=N2)=NC=CC=C1,C12=NC=CC=C1C3=C(NC(C4=CC(C=CN5)=C5C=C4)=N3)C6=CC=CN=C26,2,10.1016/j.ejmech.2014.05.040,,A375,cytoplasm,,51.8
C1(C2=CC=CC=N2)=NC=CC=C1,C1(C2=CC=CC=N2)=NC=CC=C1,C12=NC=CC=C1C3=C(NC(C4=CC(C=CN5)=C5C=C4)=N3)C6=CC=CN=C26,2,10.1016/j.ejmech.2014.05.040,,A549,cytoplasm,,67.3
C1(C2=CC=CC=N2)=NC=CC=C1,C1(C2=CC=CC=N2)=NC=CC=C1,C12=NC=CC=C1C3=C(NC(C4=CC(C=CN5)=C5C=C4)=N3)C6=CC=CN=C26,2,10.1016/j.ejmech.2014.05.040,,HepG2,cytoplasm,,114.2
C1(C2=CC=CC=N2)=NC=CC=C1,C1(C2=CC=CC=N2)=NC=CC=C1,C12=NC=CC=C1C3=C(NC(C4=CC(C=CN5)=C5C=C4)=N3)C6=CC=CN=C26,2,10.1016/j.ejmech.2014.05.040,,NIH/3T3,cytoplasm,,175.2
C1(C2=NC=CC=C2C=C3)=C3C=CC=N1,C1(C2=NC=CC=C2C=C3)=C3C=CC=N1,C12=NC=CC=C1C3=C(NC(C4=CC(C=CN5)=C5C=C4)=N3)C6=CC=CN=C26,2,10.1016/j.ejmech.2014.05.040,,HeLa,cytoplasm,,11.70
C1(C2=NC=CC=C2C=C3)=C3C=CC=N1,C1(C2=NC=CC=C2C=C3)=C3C=CC=N1,C12=NC=CC=C1C3=C(NC(C4=CC(C=CN5)=C5C=C4)=N3)C6=CC=CN=C26,2,10.1016/j.ejmech.2014.05.040,,Hep2,cytoplasm,,34.6
C1(C2=NC=CC=C2C=C3)=C3C=CC=N1,C1(C2=NC=CC=C2C=C3)=C3C=CC=N1,C12=NC=CC=C1C3=C(NC(C4=CC(C=CN5)=C5C=C4)=N3)C6=CC=CN=C26,2,10.1016/j.ejmech.2014.05.040,,A375,cytoplasm,,36.7
C1(C2=NC=CC=C2C=C3)=C3C=CC=N1,C1(C2=NC=CC=C2C=C3)=C3C=CC=N1,C12=NC=CC=C1C3=C(NC(C4=CC(C=CN5)=C5C=C4)=N3)C6=CC=CN=C26,2,10.1016/j.ejmech.2014.05.040,,A549,cytoplasm,,29.50
C1(C2=NC=CC=C2C=C3)=C3C=CC=N1,C1(C2=NC=CC=C2C=C3)=C3C=CC=N1,C12=NC=CC=C1C3=C(NC(C4=CC(C=CN5)=C5C=C4)=N3)C6=CC=CN=C26,2,10.1016/j.ejmech.2014.05.040,,HepG2,cytoplasm,,72.40
C1(C2=NC=CC=C2C=C3)=C3C=CC=N1,C1(C2=NC=CC=C2C=C3)=C3C=CC=N1,C12=NC=CC=C1C3=C(NC(C4=CC(C=CN5)=C5C=C4)=N3)C6=CC=CN=C26,2,10.1016/j.ejmech.2014.05.040,,NIH/3T3,cytoplasm,,146.5
C1(C2=NC=CC=C2C=C3)=C3C=CC=N1,C1(C2=NC=CC=C2C=C3)=C3C=CC=N1,C12=NC=CC=C1C3=C(NC(C4=CC(C=CN5)=C5C=C4)=N3)C6=CC=CN=C26,2,10.1016/j.ejmech.2014.05.040,,HeLa,lysosom,,11.70
C1(C2=NC=CC=C2C=C3)=C3C=CC=N1,C1(C2=NC=CC=C2C=C3)=C3C=CC=N1,C12=NC=CC=C1C3=C(NC(C4=CC(C=CN5)=C5C=C4)=N3)C6=CC=CN=C26,2,10.1016/j.ejmech.2014.05.040,,Hep2,lysosom,,34.6
C1(C2=NC=CC=C2C=C3)=C3C=CC=N1,C1(C2=NC=CC=C2C=C3)=C3C=CC=N1,C12=NC=CC=C1C3=C(NC(C4=CC(C=CN5)=C5C=C4)=N3)C6=CC=CN=C26,2,10.1016/j.ejmech.2014.05.040,,A375,lysosom,,36.7
C1(C2=NC=CC=C2C=C3)=C3C=CC=N1,C1(C2=NC=CC=C2C=C3)=C3C=CC=N1,C12=NC=CC=C1C3=C(NC(C4=CC(C=CN5)=C5C=C4)=N3)C6=CC=CN=C26,2,10.1016/j.ejmech.2014.05.040,,A549,lysosom,,29.50
C1(C2=NC=CC=C2C=C3)=C3C=CC=N1,C1(C2=NC=CC=C2C=C3)=C3C=CC=N1,C12=NC=CC=C1C3=C(NC(C4=CC(C=CN5)=C5C=C4)=N3)C6=CC=CN=C26,2,10.1016/j.ejmech.2014.05.040,,HepG2,lysosom,,72.40
C1(C2=NC=CC=C2C=C3)=C3C=CC=N1,C1(C2=NC=CC=C2C=C3)=C3C=CC=N1,C12=NC=CC=C1C3=C(NC(C4=CC(C=CN5)=C5C=C4)=N3)C6=CC=CN=C26,2,10.1016/j.ejmech.2014.05.040,,NIH/3T3,lysosom,,146.5
C12=NC=CC(C3=CC=CC=C3)=C1C=CC4=C(C5=CC=CC=C5)C=CN=C24,C12=NC=CC(C3=CC=CC=C3)=C1C=CC4=C(C5=CC=CC=C5)C=CN=C24,O=[N+](C1=NC=CN1CCCC2=CC(C3=NC=CC=C3)=NC=C2)[O-],2,10.1016/j.jinorgbio.2014.02.001,,CT-26,cytoplasm,4,13.0
CC1=CC=C(C=CC2=CC=C(C)N=C32)C3=N1,CC1=CC=C(C=CC2=CC=C(C)N=C32)C3=N1,C12=NC=CC=C1C3=C(C4=CC=CN=C24)N=C5C=C6N=C7C(C(C=CC=C8)=C8C9=C7C=CC=C9)=NC6=CC5=N3,2,10.1016/j.jinorgbio.2015.08.012,,BEL.7402,nucleus,48,1.60
CC1=CC=C(C=CC2=CC=C(C)N=C32)C3=N1,CC1=CC=C(C=CC2=CC=C(C)N=C32)C3=N1,C12=NC=CC=C1C3=C(C4=CC=CN=C24)N=C5C=C6N=C7C(C(C=CC=C8)=C8C9=C7C=CC=C9)=NC6=CC5=N3,2,10.1016/j.jinorgbio.2015.08.012,,HeLa,nucleus,48,9.0
CC1=CC=C(C=CC2=CC=C(C)N=C32)C3=N1,CC1=CC=C(C=CC2=CC=C(C)N=C32)C3=N1,C12=NC=CC=C1C3=C(C4=CC=CN=C24)N=C5C=C6N=C7C(C(C=CC=C8)=C8C9=C7C=CC=C9)=NC6=CC5=N3,2,10.1016/j.jinorgbio.2015.08.012,,MG63,nucleus,48,1.50
CC1=CC=C(C=CC2=CC=C(C)N=C32)C3=N1,CC1=CC=C(C=CC2=CC=C(C)N=C32)C3=N1,C12=NC=CC=C1C3=C(C4=CC=CN=C24)N=C5C=C6N=C7C(C(C=CC=C8)=C8C9=C7C=CC=C9)=NC6=CC5=N3,2,10.1016/j.jinorgbio.2015.08.012,,A549,nucleus,48,1.50
CC1=CC(C2=NC=CC(C)=C2)=NC=C1,CC1=CC(C2=NC=CC(C)=C2)=NC=C1,C12=NC=CC=C1C3=C(C4=CC=CN=C24)N=C5C=CC(C6=CC=C(NC=CN7)C7=C6)=CC5=N3,2,10.1016/j.jinorgbio.2016.01.003,,BEL.7402,cytoplasm,48,31.80
CC1=CC(C2=NC=CC(C)=C2)=NC=C1,CC1=CC(C2=NC=CC(C)=C2)=NC=C1,C12=NC=CC=C1C3=C(C4=CC=CN=C24)N=C5C=CC(C6=CC=C(NC=CN7)C7=C6)=CC5=N3,2,10.1016/j.jinorgbio.2016.01.003,,A549,cytoplasm,48,15.90
CC1=CC(C2=NC=CC(C)=C2)=NC=C1,CC1=CC(C2=NC=CC(C)=C2)=NC=C1,C12=NC=CC=C1C3=C(C4=CC=CN=C24)N=C5C=CC(C6=CC=C(NC=CN7)C7=C6)=CC5=N3,2,10.1016/j.jinorgbio.2016.01.003,,HeLa,cytoplasm,48,>100
CC1=CC(C2=NC=CC(C)=C2)=NC=C1,CC1=CC(C2=NC=CC(C)=C2)=NC=C1,C12=NC=CC=C1C3=C(C4=CC=CN=C24)N=C5C=CC(C6=CC=C(NC=CN7)C7=C6)=CC5=N3,2,10.1016/j.jinorgbio.2016.01.003,,HepG2,cytoplasm,48,>200
CC1=CC(C2=NC=CC(C)=C2)=NC=C1,CC1=CC(C2=NC=CC(C)=C2)=NC=C1,C12=NC=CC=C1C3=C(C4=CC=CN=C24)N=C5C=CC(C6=CC=C(NC=CN7)C7=C6)=CC5=N3,2,10.1016/j.jinorgbio.2016.01.003,,MG63,cytoplasm,48,>200
C1(C2=CC=CC=N2)=NC=CC=C1,C1(C2=CC=CC=N2)=NC=CC=C1,C12=NC=CC=C1C3=C(C4=CC=CN=C24)N=C5C=CC(C6=CC=C(NC=CN7)C7=C6)=CC5=N3,2,10.1016/j.jinorgbio.2016.01.003,,BEL.7402,cytoplasm,48,35.8
C1(C2=CC=CC=N2)=NC=CC=C1,C1(C2=CC=CC=N2)=NC=CC=C1,C12=NC=CC=C1C3=C(C4=CC=CN=C24)N=C5C=CC(C6=CC=C(NC=CN7)C7=C6)=CC5=N3,2,10.1016/j.jinorgbio.2016.01.003,,A549,cytoplasm,48,41.8
C1(C2=CC=CC=N2)=NC=CC=C1,C1(C2=CC=CC=N2)=NC=CC=C1,C12=NC=CC=C1C3=C(C4=CC=CN=C24)N=C5C=CC(C6=CC=C(NC=CN7)C7=C6)=CC5=N3,2,10.1016/j.jinorgbio.2016.01.003,,HeLa,cytoplasm,48,>200
C1(C2=CC=CC=N2)=NC=CC=C1,C1(C2=CC=CC=N2)=NC=CC=C1,C12=NC=CC=C1C3=C(C4=CC=CN=C24)N=C5C=CC(C6=CC=C(NC=CN7)C7=C6)=CC5=N3,2,10.1016/j.jinorgbio.2016.01.003,,HepG2,cytoplasm,48,71.0
C1(C2=CC=CC=N2)=NC=CC=C1,C1(C2=CC=CC=N2)=NC=CC=C1,C12=NC=CC=C1C3=C(C4=CC=CN=C24)N=C5C=CC(C6=CC=C(NC=CN7)C7=C6)=CC5=N3,2,10.1016/j.jinorgbio.2016.01.003,,MG63,cytoplasm,48,51.4
C1(C2=NC=CC=C2C=C3)=C3C=CC=N1,C1(C2=NC=CC=C2C=C3)=C3C=CC=N1,C12=NC=CC=C1C3=C(C4=CC=CN=C24)N=C5C=CC(C6=CC=C(NC=CN7)C7=C6)=CC5=N3,2,10.1016/j.jinorgbio.2016.01.003,,BEL.7402,cytoplasm,48,29.0
C1(C2=NC=CC=C2C=C3)=C3C=CC=N1,C1(C2=NC=CC=C2C=C3)=C3C=CC=N1,C12=NC=CC=C1C3=C(C4=CC=CN=C24)N=C5C=CC(C6=CC=C(NC=CN7)C7=C6)=CC5=N3,2,10.1016/j.jinorgbio.2016.01.003,,A549,cytoplasm,48,16.40
C1(C2=NC=CC=C2C=C3)=C3C=CC=N1,C1(C2=NC=CC=C2C=C3)=C3C=CC=N1,C12=NC=CC=C1C3=C(C4=CC=CN=C24)N=C5C=CC(C6=CC=C(NC=CN7)C7=C6)=CC5=N3,2,10.1016/j.jinorgbio.2016.01.003,,HeLa,cytoplasm,48,>100
C1(C2=NC=CC=C2C=C3)=C3C=CC=N1,C1(C2=NC=CC=C2C=C3)=C3C=CC=N1,C12=NC=CC=C1C3=C(C4=CC=CN=C24)N=C5C=CC(C6=CC=C(NC=CN7)C7=C6)=CC5=N3,2,10.1016/j.jinorgbio.2016.01.003,,HepG2,cytoplasm,48,>200
C1(C2=NC=CC=C2C=C3)=C3C=CC=N1,C1(C2=NC=CC=C2C=C3)=C3C=CC=N1,C12=NC=CC=C1C3=C(C4=CC=CN=C24)N=C5C=CC(C6=CC=C(NC=CN7)C7=C6)=CC5=N3,2,10.1016/j.jinorgbio.2016.01.003,,MG63,cytoplasm,48,>100
CC1=CC=C(C=CC2=CC=C(C)N=C32)C3=N1,CC1=CC=C(C=CC2=CC=C(C)N=C32)C3=N1,C12=NC=CC=C1C3=C(C4=CC=CN=C24)N=C5C=CC(C6=CC=C(NC=CN7)C7=C6)=CC5=N3,2,10.1016/j.jinorgbio.2016.01.003,,BEL.7402,cytoplasm,48,25.0
CC1=CC=C(C=CC2=CC=C(C)N=C32)C3=N1,CC1=CC=C(C=CC2=CC=C(C)N=C32)C3=N1,C12=NC=CC=C1C3=C(C4=CC=CN=C24)N=C5C=CC(C6=CC=C(NC=CN7)C7=C6)=CC5=N3,2,10.1016/j.jinorgbio.2016.01.003,,A549,cytoplasm,48,96.6
CC1=CC=C(C=CC2=CC=C(C)N=C32)C3=N1,CC1=CC=C(C=CC2=CC=C(C)N=C32)C3=N1,C12=NC=CC=C1C3=C(C4=CC=CN=C24)N=C5C=CC(C6=CC=C(NC=CN7)C7=C6)=CC5=N3,2,10.1016/j.jinorgbio.2016.01.003,,HeLa,cytoplasm,48,>200
CC1=CC=C(C=CC2=CC=C(C)N=C32)C3=N1,CC1=CC=C(C=CC2=CC=C(C)N=C32)C3=N1,C12=NC=CC=C1C3=C(C4=CC=CN=C24)N=C5C=CC(C6=CC=C(NC=CN7)C7=C6)=CC5=N3,2,10.1016/j.jinorgbio.2016.01.003,,HepG2,cytoplasm,48,>200
CC1=CC=C(C=CC2=CC=C(C)N=C32)C3=N1,CC1=CC=C(C=CC2=CC=C(C)N=C32)C3=N1,C12=NC=CC=C1C3=C(C4=CC=CN=C24)N=C5C=CC(C6=CC=C(NC=CN7)C7=C6)=CC5=N3,2,10.1016/j.jinorgbio.2016.01.003,,MG63,cytoplasm,48,>200
CC1=CC(C2=NC=CC(C)=C2)=NC=C1,CC1=CC(C2=NC=CC(C)=C2)=NC=C1,O=[N+](C(C=C(OCO1)C1=C2)=C2C3=NC4=C(N3)C5=CC=CN=C5C6=NC=CC=C64)[O-],2,10.1016/j.saa.2016.02.036,,A549,,48,>100
CC1=CC(C2=NC=CC(C)=C2)=NC=C1,CC1=CC(C2=NC=CC(C)=C2)=NC=C1,O=[N+](C(C=C(OCO1)C1=C2)=C2C3=NC4=C(N3)C5=CC=CN=C5C6=NC=CC=C64)[O-],2,10.1016/j.saa.2016.02.036,,BEL.7402,,48,53.90
CC1=CC(C2=NC=CC(C)=C2)=NC=C1,CC1=CC(C2=NC=CC(C)=C2)=NC=C1,O=[N+](C(C=C(OCO1)C1=C2)=C2C3=NC4=C(N3)C5=CC=CN=C5C6=NC=CC=C64)[O-],2,10.1016/j.saa.2016.02.036,,HeLa,,48,>100
CC1=CC(C2=NC=CC(C)=C2)=NC=C1,CC1=CC(C2=NC=CC(C)=C2)=NC=C1,O=[N+](C(C=C(OCO1)C1=C2)=C2C3=NC4=C(N3)C5=CC=CN=C5C6=NC=CC=C64)[O-],2,10.1016/j.saa.2016.02.036,,PC-12,,48,85.2
CC1=CC(C2=NC=CC(C)=C2)=NC=C1,CC1=CC(C2=NC=CC(C)=C2)=NC=C1,O=[N+](C(C=C(OCO1)C1=C2)=C2C3=NC4=C(N3)C5=CC=CN=C5C6=NC=CC=C64)[O-],2,10.1016/j.saa.2016.02.036,,SGC-7901,,48,>100
CC1=CC(C2=NC=CC(C)=C2)=NC=C1,CC1=CC(C2=NC=CC(C)=C2)=NC=C1,O=[N+](C(C=C(OCO1)C1=C2)=C2C3=NC4=C(N3)C5=CC=CN=C5C6=NC=CC=C64)[O-],2,10.1016/j.saa.2016.02.036,,SiHa,,48,>100
C1(C2=NC=CC=C2C=C3)=C3C=CC=N1,C1(C2=NC=CC=C2C=C3)=C3C=CC=N1,O=[N+](C(C=C(OCO1)C1=C2)=C2C3=NC4=C(N3)C5=CC=CN=C5C6=NC=CC=C64)[O-],2,10.1016/j.saa.2016.02.036,,A549,,48,74.1
C1(C2=NC=CC=C2C=C3)=C3C=CC=N1,C1(C2=NC=CC=C2C=C3)=C3C=CC=N1,O=[N+](C(C=C(OCO1)C1=C2)=C2C3=NC4=C(N3)C5=CC=CN=C5C6=NC=CC=C64)[O-],2,10.1016/j.saa.2016.02.036,,BEL.7402,,48,39.3
C1(C2=NC=CC=C2C=C3)=C3C=CC=N1,C1(C2=NC=CC=C2C=C3)=C3C=CC=N1,O=[N+](C(C=C(OCO1)C1=C2)=C2C3=NC4=C(N3)C5=CC=CN=C5C6=NC=CC=C64)[O-],2,10.1016/j.saa.2016.02.036,,HeLa,,48,21.90
C1(C2=NC=CC=C2C=C3)=C3C=CC=N1,C1(C2=NC=CC=C2C=C3)=C3C=CC=N1,O=[N+](C(C=C(OCO1)C1=C2)=C2C3=NC4=C(N3)C5=CC=CN=C5C6=NC=CC=C64)[O-],2,10.1016/j.saa.2016.02.036,,PC-12,,48,>100
C1(C2=NC=CC=C2C=C3)=C3C=CC=N1,C1(C2=NC=CC=C2C=C3)=C3C=CC=N1,O=[N+](C(C=C(OCO1)C1=C2)=C2C3=NC4=C(N3)C5=CC=CN=C5C6=NC=CC=C64)[O-],2,10.1016/j.saa.2016.02.036,,SGC-7901,,48,>100
C1(C2=NC=CC=C2C=C3)=C3C=CC=N1,C1(C2=NC=CC=C2C=C3)=C3C=CC=N1,O=[N+](C(C=C(OCO1)C1=C2)=C2C3=NC4=C(N3)C5=CC=CN=C5C6=NC=CC=C64)[O-],2,10.1016/j.saa.2016.02.036,,SiHa,,48,>100
CC1=CC(C2=NC=CC(C)=C2)=NC=C1,CC1=CC(C2=NC=CC(C)=C2)=NC=C1,C12=NC=CC=C1C3=C(C4=CC=CN=C24)N=C5C=C6C(N=C(C7=CC=CC=C7)C(C8=CC=CC=C8)=N6)=CC5=N3,2,10.1016/j.ejmech.2016.06.020,,HepG2,cytoplasm,48,25.30
CC1=CC(C2=NC=CC(C)=C2)=NC=C1,CC1=CC(C2=NC=CC(C)=C2)=NC=C1,C12=NC=CC=C1C3=C(C4=CC=CN=C24)N=C5C=C6C(N=C(C7=CC=CC=C7)C(C8=CC=CC=C8)=N6)=CC5=N3,2,10.1016/j.ejmech.2016.06.020,,HeLa,cytoplasm,48,21.50
CC1=CC(C2=NC=CC(C)=C2)=NC=C1,CC1=CC(C2=NC=CC(C)=C2)=NC=C1,C12=NC=CC=C1C3=C(C4=CC=CN=C24)N=C5C=C6C(N=C(C7=CC=CC=C7)C(C8=CC=CC=C8)=N6)=CC5=N3,2,10.1016/j.ejmech.2016.06.020,,MG63,cytoplasm,48,18.40
CC1=CC(C2=NC=CC(C)=C2)=NC=C1,CC1=CC(C2=NC=CC(C)=C2)=NC=C1,C12=NC=CC=C1C3=C(C4=CC=CN=C24)N=C5C=C6C(N=C(C7=CC=CC=C7)C(C8=CC=CC=C8)=N6)=CC5=N3,2,10.1016/j.ejmech.2016.06.020,,A549,cytoplasm,48,18.90
CC1=CC(C2=NC=CC(C)=C2)=NC=C1,CC1=CC(C2=NC=CC(C)=C2)=NC=C1,C12=NC=CC=C1C3=C(C4=CC=CN=C24)N=C5C=C6C(N=C(C7=CC=CC=C7)C(C8=CC=CC=C8)=N6)=CC5=N3,2,10.1016/j.ejmech.2016.06.020,,HepG2,nucleus,48,25.30
CC1=CC(C2=NC=CC(C)=C2)=NC=C1,CC1=CC(C2=NC=CC(C)=C2)=NC=C1,C12=NC=CC=C1C3=C(C4=CC=CN=C24)N=C5C=C6C(N=C(C7=CC=CC=C7)C(C8=CC=CC=C8)=N6)=CC5=N3,2,10.1016/j.ejmech.2016.06.020,,HeLa,nucleus,48,21.50
CC1=CC(C2=NC=CC(C)=C2)=NC=C1,CC1=CC(C2=NC=CC(C)=C2)=NC=C1,C12=NC=CC=C1C3=C(C4=CC=CN=C24)N=C5C=C6C(N=C(C7=CC=CC=C7)C(C8=CC=CC=C8)=N6)=CC5=N3,2,10.1016/j.ejmech.2016.06.020,,MG63,nucleus,48,18.40
CC1=CC(C2=NC=CC(C)=C2)=NC=C1,CC1=CC(C2=NC=CC(C)=C2)=NC=C1,C12=NC=CC=C1C3=C(C4=CC=CN=C24)N=C5C=C6C(N=C(C7=CC=CC=C7)C(C8=CC=CC=C8)=N6)=CC5=N3,2,10.1016/j.ejmech.2016.06.020,,A549,nucleus,48,18.90
C1(C2=CC=CC=N2)=NC=CC=C1,C1(C2=CC=CC=N2)=NC=CC=C1,C12=NC=CC=C1C3=C(C4=CC=CN=C24)N=C5C=C6C(N=C(C7=CC=CC=C7)C(C8=CC=CC=C8)=N6)=CC5=N3,2,10.1016/j.ejmech.2016.06.020,,HepG2,cytoplasm,48,18.90
C1(C2=CC=CC=N2)=NC=CC=C1,C1(C2=CC=CC=N2)=NC=CC=C1,C12=NC=CC=C1C3=C(C4=CC=CN=C24)N=C5C=C6C(N=C(C7=CC=CC=C7)C(C8=CC=CC=C8)=N6)=CC5=N3,2,10.1016/j.ejmech.2016.06.020,,HeLa,cytoplasm,48,39.70
C1(C2=CC=CC=N2)=NC=CC=C1,C1(C2=CC=CC=N2)=NC=CC=C1,C12=NC=CC=C1C3=C(C4=CC=CN=C24)N=C5C=C6C(N=C(C7=CC=CC=C7)C(C8=CC=CC=C8)=N6)=CC5=N3,2,10.1016/j.ejmech.2016.06.020,,MG63,cytoplasm,48,28.100
C1(C2=CC=CC=N2)=NC=CC=C1,C1(C2=CC=CC=N2)=NC=CC=C1,C12=NC=CC=C1C3=C(C4=CC=CN=C24)N=C5C=C6C(N=C(C7=CC=CC=C7)C(C8=CC=CC=C8)=N6)=CC5=N3,2,10.1016/j.ejmech.2016.06.020,,A549,cytoplasm,48,19.90
C1(C2=CC=CC=N2)=NC=CC=C1,C1(C2=CC=CC=N2)=NC=CC=C1,C12=NC=CC=C1C3=C(C4=CC=CN=C24)N=C5C=C6C(N=C(C7=CC=CC=C7)C(C8=CC=CC=C8)=N6)=CC5=N3,2,10.1016/j.ejmech.2016.06.020,,HepG2,nucleus,48,18.90
C1(C2=CC=CC=N2)=NC=CC=C1,C1(C2=CC=CC=N2)=NC=CC=C1,C12=NC=CC=C1C3=C(C4=CC=CN=C24)N=C5C=C6C(N=C(C7=CC=CC=C7)C(C8=CC=CC=C8)=N6)=CC5=N3,2,10.1016/j.ejmech.2016.06.020,,HeLa,nucleus,48,39.70
C1(C2=CC=CC=N2)=NC=CC=C1,C1(C2=CC=CC=N2)=NC=CC=C1,C12=NC=CC=C1C3=C(C4=CC=CN=C24)N=C5C=C6C(N=C(C7=CC=CC=C7)C(C8=CC=CC=C8)=N6)=CC5=N3,2,10.1016/j.ejmech.2016.06.020,,MG63,nucleus,48,28.100
C1(C2=CC=CC=N2)=NC=CC=C1,C1(C2=CC=CC=N2)=NC=CC=C1,C12=NC=CC=C1C3=C(C4=CC=CN=C24)N=C5C=C6C(N=C(C7=CC=CC=C7)C(C8=CC=CC=C8)=N6)=CC5=N3,2,10.1016/j.ejmech.2016.06.020,,A549,nucleus,48,19.90
C1(C2=NC=CC=C2C=C3)=C3C=CC=N1,C1(C2=NC=CC=C2C=C3)=C3C=CC=N1,C12=NC=CC=C1C3=C(C4=CC=CN=C24)N=C5C=C6C(N=C(C7=CC=CC=C7)C(C8=CC=CC=C8)=N6)=CC5=N3,2,10.1016/j.ejmech.2016.06.020,,HepG2,cytoplasm,48,21.40
C1(C2=NC=CC=C2C=C3)=C3C=CC=N1,C1(C2=NC=CC=C2C=C3)=C3C=CC=N1,C12=NC=CC=C1C3=C(C4=CC=CN=C24)N=C5C=C6C(N=C(C7=CC=CC=C7)C(C8=CC=CC=C8)=N6)=CC5=N3,2,10.1016/j.ejmech.2016.06.020,,HeLa,cytoplasm,48,45.1
C1(C2=NC=CC=C2C=C3)=C3C=CC=N1,C1(C2=NC=CC=C2C=C3)=C3C=CC=N1,C12=NC=CC=C1C3=C(C4=CC=CN=C24)N=C5C=C6C(N=C(C7=CC=CC=C7)C(C8=CC=CC=C8)=N6)=CC5=N3,2,10.1016/j.ejmech.2016.06.020,,MG63,cytoplasm,48,18.90
C1(C2=NC=CC=C2C=C3)=C3C=CC=N1,C1(C2=NC=CC=C2C=C3)=C3C=CC=N1,C12=NC=CC=C1C3=C(C4=CC=CN=C24)N=C5C=C6C(N=C(C7=CC=CC=C7)C(C8=CC=CC=C8)=N6)=CC5=N3,2,10.1016/j.ejmech.2016.06.020,,A549,cytoplasm,48,19.30
C1(C2=NC=CC=C2C=C3)=C3C=CC=N1,C1(C2=NC=CC=C2C=C3)=C3C=CC=N1,C12=NC=CC=C1C3=C(C4=CC=CN=C24)N=C5C=C6C(N=C(C7=CC=CC=C7)C(C8=CC=CC=C8)=N6)=CC5=N3,2,10.1016/j.ejmech.2016.06.020,,HepG2,nucleus,48,21.40
C1(C2=NC=CC=C2C=C3)=C3C=CC=N1,C1(C2=NC=CC=C2C=C3)=C3C=CC=N1,C12=NC=CC=C1C3=C(C4=CC=CN=C24)N=C5C=C6C(N=C(C7=CC=CC=C7)C(C8=CC=CC=C8)=N6)=CC5=N3,2,10.1016/j.ejmech.2016.06.020,,HeLa,nucleus,48,45.1
C1(C2=NC=CC=C2C=C3)=C3C=CC=N1,C1(C2=NC=CC=C2C=C3)=C3C=CC=N1,C12=NC=CC=C1C3=C(C4=CC=CN=C24)N=C5C=C6C(N=C(C7=CC=CC=C7)C(C8=CC=CC=C8)=N6)=CC5=N3,2,10.1016/j.ejmech.2016.06.020,,MG63,nucleus,48,18.90
C1(C2=NC=CC=C2C=C3)=C3C=CC=N1,C1(C2=NC=CC=C2C=C3)=C3C=CC=N1,C12=NC=CC=C1C3=C(C4=CC=CN=C24)N=C5C=C6C(N=C(C7=CC=CC=C7)C(C8=CC=CC=C8)=N6)=CC5=N3,2,10.1016/j.ejmech.2016.06.020,,A549,nucleus,48,19.30
CC1=CC=C(C=CC2=CC=C(C)N=C32)C3=N1,CC1=CC=C(C=CC2=CC=C(C)N=C32)C3=N1,C12=NC=CC=C1C3=C(C4=CC=CN=C24)N=C5C=C6C(N=C(C7=CC=CC=C7)C(C8=CC=CC=C8)=N6)=CC5=N3,2,10.1016/j.ejmech.2016.06.020,,HepG2,cytoplasm,48,17.70
CC1=CC=C(C=CC2=CC=C(C)N=C32)C3=N1,CC1=CC=C(C=CC2=CC=C(C)N=C32)C3=N1,C12=NC=CC=C1C3=C(C4=CC=CN=C24)N=C5C=C6C(N=C(C7=CC=CC=C7)C(C8=CC=CC=C8)=N6)=CC5=N3,2,10.1016/j.ejmech.2016.06.020,,HeLa,cytoplasm,48,19.60
CC1=CC=C(C=CC2=CC=C(C)N=C32)C3=N1,CC1=CC=C(C=CC2=CC=C(C)N=C32)C3=N1,C12=NC=CC=C1C3=C(C4=CC=CN=C24)N=C5C=C6C(N=C(C7=CC=CC=C7)C(C8=CC=CC=C8)=N6)=CC5=N3,2,10.1016/j.ejmech.2016.06.020,,MG63,cytoplasm,48,19.30
CC1=CC=C(C=CC2=CC=C(C)N=C32)C3=N1,CC1=CC=C(C=CC2=CC=C(C)N=C32)C3=N1,C12=NC=CC=C1C3=C(C4=CC=CN=C24)N=C5C=C6C(N=C(C7=CC=CC=C7)C(C8=CC=CC=C8)=N6)=CC5=N3,2,10.1016/j.ejmech.2016.06.020,,A549,cytoplasm,48,20.100
CC1=CC=C(C=CC2=CC=C(C)N=C32)C3=N1,CC1=CC=C(C=CC2=CC=C(C)N=C32)C3=N1,C12=NC=CC=C1C3=C(C4=CC=CN=C24)N=C5C=C6C(N=C(C7=CC=CC=C7)C(C8=CC=CC=C8)=N6)=CC5=N3,2,10.1016/j.ejmech.2016.06.020,,HepG2,nucleus,48,17.70
CC1=CC=C(C=CC2=CC=C(C)N=C32)C3=N1,CC1=CC=C(C=CC2=CC=C(C)N=C32)C3=N1,C12=NC=CC=C1C3=C(C4=CC=CN=C24)N=C5C=C6C(N=C(C7=CC=CC=C7)C(C8=CC=CC=C8)=N6)=CC5=N3,2,10.1016/j.ejmech.2016.06.020,,HeLa,nucleus,48,19.60
CC1=CC=C(C=CC2=CC=C(C)N=C32)C3=N1,CC1=CC=C(C=CC2=CC=C(C)N=C32)C3=N1,C12=NC=CC=C1C3=C(C4=CC=CN=C24)N=C5C=C6C(N=C(C7=CC=CC=C7)C(C8=CC=CC=C8)=N6)=CC5=N3,2,10.1016/j.ejmech.2016.06.020,,MG63,nucleus,48,19.30
CC1=CC=C(C=CC2=CC=C(C)N=C32)C3=N1,CC1=CC=C(C=CC2=CC=C(C)N=C32)C3=N1,C12=NC=CC=C1C3=C(C4=CC=CN=C24)N=C5C=C6C(N=C(C7=CC=CC=C7)C(C8=CC=CC=C8)=N6)=CC5=N3,2,10.1016/j.ejmech.2016.06.020,,A549,nucleus,48,20.100
CC1=CC(C2=NC=CC(C)=C2)=NC=C1,CC1=CC(C2=NC=CC(C)=C2)=NC=C1,C12=NC=CC=C1C3=C(C4=CC=CN=C24)N=C5C=CC6=C(N=C(C7=CC=CC=C7)C(C8=CC=CC=C8)=N6)C5=N3,2,10.1016/j.jphotobiol.2016.06.004,,BEL.7402,cytoplasm,48,7.60
CC1=CC(C2=NC=CC(C)=C2)=NC=C1,CC1=CC(C2=NC=CC(C)=C2)=NC=C1,C12=NC=CC=C1C3=C(C4=CC=CN=C24)N=C5C=CC6=C(N=C(C7=CC=CC=C7)C(C8=CC=CC=C8)=N6)C5=N3,2,10.1016/j.jphotobiol.2016.06.004,,HeLa,cytoplasm,48,10.100
CC1=CC(C2=NC=CC(C)=C2)=NC=C1,CC1=CC(C2=NC=CC(C)=C2)=NC=C1,C12=NC=CC=C1C3=C(C4=CC=CN=C24)N=C5C=CC6=C(N=C(C7=CC=CC=C7)C(C8=CC=CC=C8)=N6)C5=N3,2,10.1016/j.jphotobiol.2016.06.004,,MG63,cytoplasm,48,10.80
CC1=CC(C2=NC=CC(C)=C2)=NC=C1,CC1=CC(C2=NC=CC(C)=C2)=NC=C1,C12=NC=CC=C1C3=C(C4=CC=CN=C24)N=C5C=CC6=C(N=C(C7=CC=CC=C7)C(C8=CC=CC=C8)=N6)C5=N3,2,10.1016/j.jphotobiol.2016.06.004,,A549,cytoplasm,48,13.30
CC1=CC(C2=NC=CC(C)=C2)=NC=C1,CC1=CC(C2=NC=CC(C)=C2)=NC=C1,C12=NC=CC=C1C3=C(C4=CC=CN=C24)N=C5C=CC6=C(N=C(C7=CC=CC=C7)C(C8=CC=CC=C8)=N6)C5=N3,2,10.1016/j.jphotobiol.2016.06.004,,BEL.7402,nucleus,48,7.60
CC1=CC(C2=NC=CC(C)=C2)=NC=C1,CC1=CC(C2=NC=CC(C)=C2)=NC=C1,C12=NC=CC=C1C3=C(C4=CC=CN=C24)N=C5C=CC6=C(N=C(C7=CC=CC=C7)C(C8=CC=CC=C8)=N6)C5=N3,2,10.1016/j.jphotobiol.2016.06.004,,HeLa,nucleus,48,10.100
CC1=CC(C2=NC=CC(C)=C2)=NC=C1,CC1=CC(C2=NC=CC(C)=C2)=NC=C1,C12=NC=CC=C1C3=C(C4=CC=CN=C24)N=C5C=CC6=C(N=C(C7=CC=CC=C7)C(C8=CC=CC=C8)=N6)C5=N3,2,10.1016/j.jphotobiol.2016.06.004,,MG63,nucleus,48,10.80
CC1=CC(C2=NC=CC(C)=C2)=NC=C1,CC1=CC(C2=NC=CC(C)=C2)=NC=C1,C12=NC=CC=C1C3=C(C4=CC=CN=C24)N=C5C=CC6=C(N=C(C7=CC=CC=C7)C(C8=CC=CC=C8)=N6)C5=N3,2,10.1016/j.jphotobiol.2016.06.004,,A549,nucleus,48,13.30
C1(C2=CC=CC=N2)=NC=CC=C1,C1(C2=CC=CC=N2)=NC=CC=C1,C12=NC=CC=C1C3=C(C4=CC=CN=C24)N=C5C=CC6=C(N=C(C7=CC=CC=C7)C(C8=CC=CC=C8)=N6)C5=N3,2,10.1016/j.jphotobiol.2016.06.004,,BEL.7402,cytoplasm,48,8.200
C1(C2=CC=CC=N2)=NC=CC=C1,C1(C2=CC=CC=N2)=NC=CC=C1,C12=NC=CC=C1C3=C(C4=CC=CN=C24)N=C5C=CC6=C(N=C(C7=CC=CC=C7)C(C8=CC=CC=C8)=N6)C5=N3,2,10.1016/j.jphotobiol.2016.06.004,,HeLa,cytoplasm,48,13.20
C1(C2=CC=CC=N2)=NC=CC=C1,C1(C2=CC=CC=N2)=NC=CC=C1,C12=NC=CC=C1C3=C(C4=CC=CN=C24)N=C5C=CC6=C(N=C(C7=CC=CC=C7)C(C8=CC=CC=C8)=N6)C5=N3,2,10.1016/j.jphotobiol.2016.06.004,,MG63,cytoplasm,48,12.800
C1(C2=CC=CC=N2)=NC=CC=C1,C1(C2=CC=CC=N2)=NC=CC=C1,C12=NC=CC=C1C3=C(C4=CC=CN=C24)N=C5C=CC6=C(N=C(C7=CC=CC=C7)C(C8=CC=CC=C8)=N6)C5=N3,2,10.1016/j.jphotobiol.2016.06.004,,A549,cytoplasm,48,9.60
C1(C2=CC=CC=N2)=NC=CC=C1,C1(C2=CC=CC=N2)=NC=CC=C1,C12=NC=CC=C1C3=C(C4=CC=CN=C24)N=C5C=CC6=C(N=C(C7=CC=CC=C7)C(C8=CC=CC=C8)=N6)C5=N3,2,10.1016/j.jphotobiol.2016.06.004,,BEL.7402,nucleus,48,8.200
C1(C2=CC=CC=N2)=NC=CC=C1,C1(C2=CC=CC=N2)=NC=CC=C1,C12=NC=CC=C1C3=C(C4=CC=CN=C24)N=C5C=CC6=C(N=C(C7=CC=CC=C7)C(C8=CC=CC=C8)=N6)C5=N3,2,10.1016/j.jphotobiol.2016.06.004,,HeLa,nucleus,48,13.20
C1(C2=CC=CC=N2)=NC=CC=C1,C1(C2=CC=CC=N2)=NC=CC=C1,C12=NC=CC=C1C3=C(C4=CC=CN=C24)N=C5C=CC6=C(N=C(C7=CC=CC=C7)C(C8=CC=CC=C8)=N6)C5=N3,2,10.1016/j.jphotobiol.2016.06.004,,MG63,nucleus,48,12.800
C1(C2=CC=CC=N2)=NC=CC=C1,C1(C2=CC=CC=N2)=NC=CC=C1,C12=NC=CC=C1C3=C(C4=CC=CN=C24)N=C5C=CC6=C(N=C(C7=CC=CC=C7)C(C8=CC=CC=C8)=N6)C5=N3,2,10.1016/j.jphotobiol.2016.06.004,,A549,nucleus,48,9.60
C1(C2=NC=CC=C2C=C3)=C3C=CC=N1,C1(C2=NC=CC=C2C=C3)=C3C=CC=N1,C12=NC=CC=C1C3=C(C4=CC=CN=C24)N=C5C=CC6=C(N=C(C7=CC=CC=C7)C(C8=CC=CC=C8)=N6)C5=N3,2,10.1016/j.jphotobiol.2016.06.004,,BEL.7402,cytoplasm,48,8.60
C1(C2=NC=CC=C2C=C3)=C3C=CC=N1,C1(C2=NC=CC=C2C=C3)=C3C=CC=N1,C12=NC=CC=C1C3=C(C4=CC=CN=C24)N=C5C=CC6=C(N=C(C7=CC=CC=C7)C(C8=CC=CC=C8)=N6)C5=N3,2,10.1016/j.jphotobiol.2016.06.004,,HeLa,cytoplasm,48,15.70
C1(C2=NC=CC=C2C=C3)=C3C=CC=N1,C1(C2=NC=CC=C2C=C3)=C3C=CC=N1,C12=NC=CC=C1C3=C(C4=CC=CN=C24)N=C5C=CC6=C(N=C(C7=CC=CC=C7)C(C8=CC=CC=C8)=N6)C5=N3,2,10.1016/j.jphotobiol.2016.06.004,,MG63,cytoplasm,48,13.20
C1(C2=NC=CC=C2C=C3)=C3C=CC=N1,C1(C2=NC=CC=C2C=C3)=C3C=CC=N1,C12=NC=CC=C1C3=C(C4=CC=CN=C24)N=C5C=CC6=C(N=C(C7=CC=CC=C7)C(C8=CC=CC=C8)=N6)C5=N3,2,10.1016/j.jphotobiol.2016.06.004,,A549,cytoplasm,48,8.90
C1(C2=NC=CC=C2C=C3)=C3C=CC=N1,C1(C2=NC=CC=C2C=C3)=C3C=CC=N1,C12=NC=CC=C1C3=C(C4=CC=CN=C24)N=C5C=CC6=C(N=C(C7=CC=CC=C7)C(C8=CC=CC=C8)=N6)C5=N3,2,10.1016/j.jphotobiol.2016.06.004,,BEL.7402,nucleus,48,8.60
C1(C2=NC=CC=C2C=C3)=C3C=CC=N1,C1(C2=NC=CC=C2C=C3)=C3C=CC=N1,C12=NC=CC=C1C3=C(C4=CC=CN=C24)N=C5C=CC6=C(N=C(C7=CC=CC=C7)C(C8=CC=CC=C8)=N6)C5=N3,2,10.1016/j.jphotobiol.2016.06.004,,HeLa,nucleus,48,15.70
C1(C2=NC=CC=C2C=C3)=C3C=CC=N1,C1(C2=NC=CC=C2C=C3)=C3C=CC=N1,C12=NC=CC=C1C3=C(C4=CC=CN=C24)N=C5C=CC6=C(N=C(C7=CC=CC=C7)C(C8=CC=CC=C8)=N6)C5=N3,2,10.1016/j.jphotobiol.2016.06.004,,MG63,nucleus,48,13.20
C1(C2=NC=CC=C2C=C3)=C3C=CC=N1,C1(C2=NC=CC=C2C=C3)=C3C=CC=N1,C12=NC=CC=C1C3=C(C4=CC=CN=C24)N=C5C=CC6=C(N=C(C7=CC=CC=C7)C(C8=CC=CC=C8)=N6)C5=N3,2,10.1016/j.jphotobiol.2016.06.004,,A549,nucleus,48,8.90
CC1=CC=C(C=CC2=CC=C(C)N=C32)C3=N1,CC1=CC=C(C=CC2=CC=C(C)N=C32)C3=N1,C12=NC=CC=C1C3=C(C4=CC=CN=C24)N=C5C=CC6=C(N=C(C7=CC=CC=C7)C(C8=CC=CC=C8)=N6)C5=N3,2,10.1016/j.jphotobiol.2016.06.004,,BEL.7402,cytoplasm,48,9.100
CC1=CC=C(C=CC2=CC=C(C)N=C32)C3=N1,CC1=CC=C(C=CC2=CC=C(C)N=C32)C3=N1,C12=NC=CC=C1C3=C(C4=CC=CN=C24)N=C5C=CC6=C(N=C(C7=CC=CC=C7)C(C8=CC=CC=C8)=N6)C5=N3,2,10.1016/j.jphotobiol.2016.06.004,,HeLa,cytoplasm,48,11.80
CC1=CC=C(C=CC2=CC=C(C)N=C32)C3=N1,CC1=CC=C(C=CC2=CC=C(C)N=C32)C3=N1,C12=NC=CC=C1C3=C(C4=CC=CN=C24)N=C5C=CC6=C(N=C(C7=CC=CC=C7)C(C8=CC=CC=C8)=N6)C5=N3,2,10.1016/j.jphotobiol.2016.06.004,,MG63,cytoplasm,48,9.90
CC1=CC=C(C=CC2=CC=C(C)N=C32)C3=N1,CC1=CC=C(C=CC2=CC=C(C)N=C32)C3=N1,C12=NC=CC=C1C3=C(C4=CC=CN=C24)N=C5C=CC6=C(N=C(C7=CC=CC=C7)C(C8=CC=CC=C8)=N6)C5=N3,2,10.1016/j.jphotobiol.2016.06.004,,A549,cytoplasm,48,5.30
CC1=CC=C(C=CC2=CC=C(C)N=C32)C3=N1,CC1=CC=C(C=CC2=CC=C(C)N=C32)C3=N1,C12=NC=CC=C1C3=C(C4=CC=CN=C24)N=C5C=CC6=C(N=C(C7=CC=CC=C7)C(C8=CC=CC=C8)=N6)C5=N3,2,10.1016/j.jphotobiol.2016.06.004,,BEL.7402,nucleus,48,9.100
CC1=CC=C(C=CC2=CC=C(C)N=C32)C3=N1,CC1=CC=C(C=CC2=CC=C(C)N=C32)C3=N1,C12=NC=CC=C1C3=C(C4=CC=CN=C24)N=C5C=CC6=C(N=C(C7=CC=CC=C7)C(C8=CC=CC=C8)=N6)C5=N3,2,10.1016/j.jphotobiol.2016.06.004,,HeLa,nucleus,48,11.80
CC1=CC=C(C=CC2=CC=C(C)N=C32)C3=N1,CC1=CC=C(C=CC2=CC=C(C)N=C32)C3=N1,C12=NC=CC=C1C3=C(C4=CC=CN=C24)N=C5C=CC6=C(N=C(C7=CC=CC=C7)C(C8=CC=CC=C8)=N6)C5=N3,2,10.1016/j.jphotobiol.2016.06.004,,MG63,nucleus,48,9.90
CC1=CC=C(C=CC2=CC=C(C)N=C32)C3=N1,CC1=CC=C(C=CC2=CC=C(C)N=C32)C3=N1,C12=NC=CC=C1C3=C(C4=CC=CN=C24)N=C5C=CC6=C(N=C(C7=CC=CC=C7)C(C8=CC=CC=C8)=N6)C5=N3,2,10.1016/j.jphotobiol.2016.06.004,,A549,nucleus,48,5.30
C1(C2=CC=CC=N2)=NC=CC=C1,C1(C2=CC=CC=N2)=NC=CC=C1,FC(C=C(C=CC=C1)C1=C2)=C2OC(C=CC3=N4)=CC3=NC5=C4C6=CC=CN=C6C7=NC=CC=C57,2,10.1016/j.jphotobiol.2016.10.038,,HeLa,,48,26.30
C1(C2=CC=CC=N2)=NC=CC=C1,C1(C2=CC=CC=N2)=NC=CC=C1,FC(C=C(C=CC=C1)C1=C2)=C2OC(C=CC3=N4)=CC3=NC5=C4C6=CC=CN=C6C7=NC=CC=C57,2,10.1016/j.jphotobiol.2016.10.038,,BEL.7402,,48,13.60
C1(C2=CC=CC=N2)=NC=CC=C1,C1(C2=CC=CC=N2)=NC=CC=C1,FC(C=C(C=CC=C1)C1=C2)=C2OC(C=CC3=N4)=CC3=NC5=C4C6=CC=CN=C6C7=NC=CC=C57,2,10.1016/j.jphotobiol.2016.10.038,,A549,,48,19.100
C1(C2=CC=CC=N2)=NC=CC=C1,C1(C2=CC=CC=N2)=NC=CC=C1,FC(C=C(C=CC=C1)C1=C2)=C2OC(C=CC3=N4)=CC3=NC5=C4C6=CC=CN=C6C7=NC=CC=C57,2,10.1016/j.jphotobiol.2016.10.038,,HepG2,,48,10.40
C1(C2=CC=CC=N2)=NC=CC=C1,C1(C2=CC=CC=N2)=NC=CC=C1,FC(C=C(C=CC=C1)C1=C2)=C2OC(C=CC3=N4)=CC3=NC5=C4C6=CC=CN=C6C7=NC=CC=C57,2,10.1016/j.jphotobiol.2016.10.038,,HOS,,48,19.60
C1(C2=NC=CC=C2C=C3)=C3C=CC=N1,C1(C2=NC=CC=C2C=C3)=C3C=CC=N1,FC(C=C(C=CC=C1)C1=C2)=C2OC(C=CC3=N4)=CC3=NC5=C4C6=CC=CN=C6C7=NC=CC=C57,2,10.1016/j.jphotobiol.2016.10.038,,HeLa,,48,21.70
C1(C2=NC=CC=C2C=C3)=C3C=CC=N1,C1(C2=NC=CC=C2C=C3)=C3C=CC=N1,FC(C=C(C=CC=C1)C1=C2)=C2OC(C=CC3=N4)=CC3=NC5=C4C6=CC=CN=C6C7=NC=CC=C57,2,10.1016/j.jphotobiol.2016.10.038,,BEL.7402,,48,6.80
C1(C2=NC=CC=C2C=C3)=C3C=CC=N1,C1(C2=NC=CC=C2C=C3)=C3C=CC=N1,FC(C=C(C=CC=C1)C1=C2)=C2OC(C=CC3=N4)=CC3=NC5=C4C6=CC=CN=C6C7=NC=CC=C57,2,10.1016/j.jphotobiol.2016.10.038,,A549,,48,8.0
C1(C2=NC=CC=C2C=C3)=C3C=CC=N1,C1(C2=NC=CC=C2C=C3)=C3C=CC=N1,FC(C=C(C=CC=C1)C1=C2)=C2OC(C=CC3=N4)=CC3=NC5=C4C6=CC=CN=C6C7=NC=CC=C57,2,10.1016/j.jphotobiol.2016.10.038,,HepG2,,48,9.30
C1(C2=NC=CC=C2C=C3)=C3C=CC=N1,C1(C2=NC=CC=C2C=C3)=C3C=CC=N1,FC(C=C(C=CC=C1)C1=C2)=C2OC(C=CC3=N4)=CC3=NC5=C4C6=CC=CN=C6C7=NC=CC=C57,2,10.1016/j.jphotobiol.2016.10.038,,HOS,,48,14.40
C1(C2=CC=CC=N2)=NC=CC=C1,C1(C2=CC=CC=N2)=NC=CC=C1,C12=NC=CC=C1C3=C(C4=CC=CN=C24)N=C5C=C(OC6=CC=CC=C6)C=CC5=N3,2,10.1016/j.jphotobiol.2016.10.038,,HeLa,,48,37.40
C1(C2=CC=CC=N2)=NC=CC=C1,C1(C2=CC=CC=N2)=NC=CC=C1,C12=NC=CC=C1C3=C(C4=CC=CN=C24)N=C5C=C(OC6=CC=CC=C6)C=CC5=N3,2,10.1016/j.jphotobiol.2016.10.038,,BEL.7402,,48,49.2
C1(C2=CC=CC=N2)=NC=CC=C1,C1(C2=CC=CC=N2)=NC=CC=C1,C12=NC=CC=C1C3=C(C4=CC=CN=C24)N=C5C=C(OC6=CC=CC=C6)C=CC5=N3,2,10.1016/j.jphotobiol.2016.10.038,,A549,,48,46.00
C1(C2=CC=CC=N2)=NC=CC=C1,C1(C2=CC=CC=N2)=NC=CC=C1,C12=NC=CC=C1C3=C(C4=CC=CN=C24)N=C5C=C(OC6=CC=CC=C6)C=CC5=N3,2,10.1016/j.jphotobiol.2016.10.038,,HepG2,,48,29.100
C1(C2=CC=CC=N2)=NC=CC=C1,C1(C2=CC=CC=N2)=NC=CC=C1,C12=NC=CC=C1C3=C(C4=CC=CN=C24)N=C5C=C(OC6=CC=CC=C6)C=CC5=N3,2,10.1016/j.jphotobiol.2016.10.038,,HOS,,48,8.30
C1(C2=NC=CC=C2C=C3)=C3C=CC=N1,C1(C2=NC=CC=C2C=C3)=C3C=CC=N1,C12=NC=CC=C1C3=C(C4=CC=CN=C24)N=C5C=C(OC6=CC=CC=C6)C=CC5=N3,2,10.1016/j.jphotobiol.2016.10.038,,HeLa,,48,14.0
C1(C2=NC=CC=C2C=C3)=C3C=CC=N1,C1(C2=NC=CC=C2C=C3)=C3C=CC=N1,C12=NC=CC=C1C3=C(C4=CC=CN=C24)N=C5C=C(OC6=CC=CC=C6)C=CC5=N3,2,10.1016/j.jphotobiol.2016.10.038,,BEL.7402,,48,11.60
C1(C2=NC=CC=C2C=C3)=C3C=CC=N1,C1(C2=NC=CC=C2C=C3)=C3C=CC=N1,C12=NC=CC=C1C3=C(C4=CC=CN=C24)N=C5C=C(OC6=CC=CC=C6)C=CC5=N3,2,10.1016/j.jphotobiol.2016.10.038,,A549,,48,15.100
C1(C2=NC=CC=C2C=C3)=C3C=CC=N1,C1(C2=NC=CC=C2C=C3)=C3C=CC=N1,C12=NC=CC=C1C3=C(C4=CC=CN=C24)N=C5C=C(OC6=CC=CC=C6)C=CC5=N3,2,10.1016/j.jphotobiol.2016.10.038,,HepG2,,48,5.60
C1(C2=NC=CC=C2C=C3)=C3C=CC=N1,C1(C2=NC=CC=C2C=C3)=C3C=CC=N1,C12=NC=CC=C1C3=C(C4=CC=CN=C24)N=C5C=C(OC6=CC=CC=C6)C=CC5=N3,2,10.1016/j.jphotobiol.2016.10.038,,HOS,,48,39.20
CC1=CC(C2=NC=CC(C)=C2)=NC=C1,CC1=CC(C2=NC=CC(C)=C2)=NC=C1,C12=NC=CC=C1C3=C(C4=CC=CN=C24)N=C5C=C(OC6=CC=CC=C6)C=CC5=N3,2,10.1016/j.jinorgbio.2017.04.026,,HeLa,mitochondria,48,13.90
CC1=CC(C2=NC=CC(C)=C2)=NC=C1,CC1=CC(C2=NC=CC(C)=C2)=NC=C1,C12=NC=CC=C1C3=C(C4=CC=CN=C24)N=C5C=C(OC6=CC=CC=C6)C=CC5=N3,2,10.1016/j.jinorgbio.2017.04.026,,BEL.7402,mitochondria,24,70.6
CC1=CC(C2=NC=CC(C)=C2)=NC=C1,CC1=CC(C2=NC=CC(C)=C2)=NC=C1,C12=NC=CC=C1C3=C(C4=CC=CN=C24)N=C5C=C(OC6=CC=CC=C6)C=CC5=N3,2,10.1016/j.jinorgbio.2017.04.026,,BEL.7402,mitochondria,48,19.80
CC1=CC(C2=NC=CC(C)=C2)=NC=C1,CC1=CC(C2=NC=CC(C)=C2)=NC=C1,C12=NC=CC=C1C3=C(C4=CC=CN=C24)N=C5C=C(OC6=CC=CC=C6)C=CC5=N3,2,10.1016/j.jinorgbio.2017.04.026,,A549,mitochondria,48,16.80
CC1=CC(C2=NC=CC(C)=C2)=NC=C1,CC1=CC(C2=NC=CC(C)=C2)=NC=C1,C12=NC=CC=C1C3=C(C4=CC=CN=C24)N=C5C=C(OC6=CC=CC=C6)C=CC5=N3,2,10.1016/j.jinorgbio.2017.04.026,,HepG2,mitochondria,48,23.100
CC1=CC(C2=NC=CC(C)=C2)=NC=C1,CC1=CC(C2=NC=CC(C)=C2)=NC=C1,C12=NC=CC=C1C3=C(C4=CC=CN=C24)N=C5C=C(OC6=CC=CC=C6)C=CC5=N3,2,10.1016/j.jinorgbio.2017.04.026,,HOS,mitochondria,48,11.0
CC1=CC(C2=NC=CC(C)=C2)=NC=C1,CC1=CC(C2=NC=CC(C)=C2)=NC=C1,C12=NC=CC=C1C3=C(C4=CC=CN=C24)N=C5C=C(OC6=CC=CC=C6)C=CC5=N3,2,10.1016/j.jinorgbio.2017.04.026,,LO2,mitochondria,48,27.100
CC1=CC=C(C=CC2=CC=C(C)N=C32)C3=N1,CC1=CC=C(C=CC2=CC=C(C)N=C32)C3=N1,C12=NC=CC=C1C3=C(C4=CC=CN=C24)N=C5C=C(OC6=CC=CC=C6)C=CC5=N3,2,10.1016/j.jinorgbio.2017.04.026,,HeLa,mitochondria,48,4.100
CC1=CC=C(C=CC2=CC=C(C)N=C32)C3=N1,CC1=CC=C(C=CC2=CC=C(C)N=C32)C3=N1,C12=NC=CC=C1C3=C(C4=CC=CN=C24)N=C5C=C(OC6=CC=CC=C6)C=CC5=N3,2,10.1016/j.jinorgbio.2017.04.026,,BEL.7402,mitochondria,24,78.2
CC1=CC=C(C=CC2=CC=C(C)N=C32)C3=N1,CC1=CC=C(C=CC2=CC=C(C)N=C32)C3=N1,C12=NC=CC=C1C3=C(C4=CC=CN=C24)N=C5C=C(OC6=CC=CC=C6)C=CC5=N3,2,10.1016/j.jinorgbio.2017.04.026,,BEL.7402,mitochondria,48,2.200
CC1=CC=C(C=CC2=CC=C(C)N=C32)C3=N1,CC1=CC=C(C=CC2=CC=C(C)N=C32)C3=N1,C12=NC=CC=C1C3=C(C4=CC=CN=C24)N=C5C=C(OC6=CC=CC=C6)C=CC5=N3,2,10.1016/j.jinorgbio.2017.04.026,,A549,mitochondria,48,24.80
CC1=CC=C(C=CC2=CC=C(C)N=C32)C3=N1,CC1=CC=C(C=CC2=CC=C(C)N=C32)C3=N1,C12=NC=CC=C1C3=C(C4=CC=CN=C24)N=C5C=C(OC6=CC=CC=C6)C=CC5=N3,2,10.1016/j.jinorgbio.2017.04.026,,HepG2,mitochondria,48,2.0
CC1=CC=C(C=CC2=CC=C(C)N=C32)C3=N1,CC1=CC=C(C=CC2=CC=C(C)N=C32)C3=N1,C12=NC=CC=C1C3=C(C4=CC=CN=C24)N=C5C=C(OC6=CC=CC=C6)C=CC5=N3,2,10.1016/j.jinorgbio.2017.04.026,,HOS,mitochondria,48,19.90
CC1=CC=C(C=CC2=CC=C(C)N=C32)C3=N1,CC1=CC=C(C=CC2=CC=C(C)N=C32)C3=N1,C12=NC=CC=C1C3=C(C4=CC=CN=C24)N=C5C=C(OC6=CC=CC=C6)C=CC5=N3,2,10.1016/j.jinorgbio.2017.04.026,,LO2,mitochondria,48,29.90
CC(C)(C)C1=CC(C2=NC=CC(C(C)(C)C)=C2)=NC=C1,CC(C)(C)C1=CC(C2=NC=CC(C(C)(C)C)=C2)=NC=C1,C12=NC=CC=C1C3=C(C4=CC=CN=C24)N=C5C=C(OC6=CC=CC=C6)C=CC5=N3,2,10.1016/j.jinorgbio.2017.04.026,,HeLa,mitochondria,48,6.30
CC(C)(C)C1=CC(C2=NC=CC(C(C)(C)C)=C2)=NC=C1,CC(C)(C)C1=CC(C2=NC=CC(C(C)(C)C)=C2)=NC=C1,C12=NC=CC=C1C3=C(C4=CC=CN=C24)N=C5C=C(OC6=CC=CC=C6)C=CC5=N3,2,10.1016/j.jinorgbio.2017.04.026,,BEL.7402,mitochondria,24,14.40
CC(C)(C)C1=CC(C2=NC=CC(C(C)(C)C)=C2)=NC=C1,CC(C)(C)C1=CC(C2=NC=CC(C(C)(C)C)=C2)=NC=C1,C12=NC=CC=C1C3=C(C4=CC=CN=C24)N=C5C=C(OC6=CC=CC=C6)C=CC5=N3,2,10.1016/j.jinorgbio.2017.04.026,,BEL.7402,mitochondria,48,1.50
CC(C)(C)C1=CC(C2=NC=CC(C(C)(C)C)=C2)=NC=C1,CC(C)(C)C1=CC(C2=NC=CC(C(C)(C)C)=C2)=NC=C1,C12=NC=CC=C1C3=C(C4=CC=CN=C24)N=C5C=C(OC6=CC=CC=C6)C=CC5=N3,2,10.1016/j.jinorgbio.2017.04.026,,A549,mitochondria,48,15.80
CC(C)(C)C1=CC(C2=NC=CC(C(C)(C)C)=C2)=NC=C1,CC(C)(C)C1=CC(C2=NC=CC(C(C)(C)C)=C2)=NC=C1,C12=NC=CC=C1C3=C(C4=CC=CN=C24)N=C5C=C(OC6=CC=CC=C6)C=CC5=N3,2,10.1016/j.jinorgbio.2017.04.026,,HepG2,mitochondria,48,11.60
CC(C)(C)C1=CC(C2=NC=CC(C(C)(C)C)=C2)=NC=C1,CC(C)(C)C1=CC(C2=NC=CC(C(C)(C)C)=C2)=NC=C1,C12=NC=CC=C1C3=C(C4=CC=CN=C24)N=C5C=C(OC6=CC=CC=C6)C=CC5=N3,2,10.1016/j.jinorgbio.2017.04.026,,HOS,mitochondria,48,4.90
CC(C)(C)C1=CC(C2=NC=CC(C(C)(C)C)=C2)=NC=C1,CC(C)(C)C1=CC(C2=NC=CC(C(C)(C)C)=C2)=NC=C1,C12=NC=CC=C1C3=C(C4=CC=CN=C24)N=C5C=C(OC6=CC=CC=C6)C=CC5=N3,2,10.1016/j.jinorgbio.2017.04.026,,LO2,mitochondria,48,7.60
CC1=CC(C2=NC=CC(C)=C2)=NC=C1,CC1=CC(C2=NC=CC(C)=C2)=NC=C1,FC(C=C(C=CC=C1)C1=C2)=C2OC(C=CC3=N4)=CC3=NC5=C4C6=CC=CN=C6C7=NC=CC=C57,2,10.1016/j.jinorgbio.2017.04.026,,HeLa,mitochondria,48,55.90
CC1=CC(C2=NC=CC(C)=C2)=NC=C1,CC1=CC(C2=NC=CC(C)=C2)=NC=C1,FC(C=C(C=CC=C1)C1=C2)=C2OC(C=CC3=N4)=CC3=NC5=C4C6=CC=CN=C6C7=NC=CC=C57,2,10.1016/j.jinorgbio.2017.04.026,,BEL.7402,mitochondria,24,127.0
CC1=CC(C2=NC=CC(C)=C2)=NC=C1,CC1=CC(C2=NC=CC(C)=C2)=NC=C1,FC(C=C(C=CC=C1)C1=C2)=C2OC(C=CC3=N4)=CC3=NC5=C4C6=CC=CN=C6C7=NC=CC=C57,2,10.1016/j.jinorgbio.2017.04.026,,BEL.7402,mitochondria,48,11.90
CC1=CC(C2=NC=CC(C)=C2)=NC=C1,CC1=CC(C2=NC=CC(C)=C2)=NC=C1,FC(C=C(C=CC=C1)C1=C2)=C2OC(C=CC3=N4)=CC3=NC5=C4C6=CC=CN=C6C7=NC=CC=C57,2,10.1016/j.jinorgbio.2017.04.026,,A549,mitochondria,48,26.0
CC1=CC(C2=NC=CC(C)=C2)=NC=C1,CC1=CC(C2=NC=CC(C)=C2)=NC=C1,FC(C=C(C=CC=C1)C1=C2)=C2OC(C=CC3=N4)=CC3=NC5=C4C6=CC=CN=C6C7=NC=CC=C57,2,10.1016/j.jinorgbio.2017.04.026,,HepG2,mitochondria,48,9.80
CC1=CC(C2=NC=CC(C)=C2)=NC=C1,CC1=CC(C2=NC=CC(C)=C2)=NC=C1,FC(C=C(C=CC=C1)C1=C2)=C2OC(C=CC3=N4)=CC3=NC5=C4C6=CC=CN=C6C7=NC=CC=C57,2,10.1016/j.jinorgbio.2017.04.026,,HOS,mitochondria,48,20.70
CC1=CC(C2=NC=CC(C)=C2)=NC=C1,CC1=CC(C2=NC=CC(C)=C2)=NC=C1,FC(C=C(C=CC=C1)C1=C2)=C2OC(C=CC3=N4)=CC3=NC5=C4C6=CC=CN=C6C7=NC=CC=C57,2,10.1016/j.jinorgbio.2017.04.026,,LO2,mitochondria,48,52.9
CC1=CC=C(C=CC2=CC=C(C)N=C32)C3=N1,CC1=CC=C(C=CC2=CC=C(C)N=C32)C3=N1,FC(C=C(C=CC=C1)C1=C2)=C2OC(C=CC3=N4)=CC3=NC5=C4C6=CC=CN=C6C7=NC=CC=C57,2,10.1016/j.jinorgbio.2017.04.026,,HeLa,mitochondria,48,10.0
CC1=CC=C(C=CC2=CC=C(C)N=C32)C3=N1,CC1=CC=C(C=CC2=CC=C(C)N=C32)C3=N1,FC(C=C(C=CC=C1)C1=C2)=C2OC(C=CC3=N4)=CC3=NC5=C4C6=CC=CN=C6C7=NC=CC=C57,2,10.1016/j.jinorgbio.2017.04.026,,BEL.7402,mitochondria,24,35.6
CC1=CC=C(C=CC2=CC=C(C)N=C32)C3=N1,CC1=CC=C(C=CC2=CC=C(C)N=C32)C3=N1,FC(C=C(C=CC=C1)C1=C2)=C2OC(C=CC3=N4)=CC3=NC5=C4C6=CC=CN=C6C7=NC=CC=C57,2,10.1016/j.jinorgbio.2017.04.026,,BEL.7402,mitochondria,48,6.100
CC1=CC=C(C=CC2=CC=C(C)N=C32)C3=N1,CC1=CC=C(C=CC2=CC=C(C)N=C32)C3=N1,FC(C=C(C=CC=C1)C1=C2)=C2OC(C=CC3=N4)=CC3=NC5=C4C6=CC=CN=C6C7=NC=CC=C57,2,10.1016/j.jinorgbio.2017.04.026,,A549,mitochondria,48,2.50
CC1=CC=C(C=CC2=CC=C(C)N=C32)C3=N1,CC1=CC=C(C=CC2=CC=C(C)N=C32)C3=N1,FC(C=C(C=CC=C1)C1=C2)=C2OC(C=CC3=N4)=CC3=NC5=C4C6=CC=CN=C6C7=NC=CC=C57,2,10.1016/j.jinorgbio.2017.04.026,,HepG2,mitochondria,48,3.70
CC1=CC=C(C=CC2=CC=C(C)N=C32)C3=N1,CC1=CC=C(C=CC2=CC=C(C)N=C32)C3=N1,FC(C=C(C=CC=C1)C1=C2)=C2OC(C=CC3=N4)=CC3=NC5=C4C6=CC=CN=C6C7=NC=CC=C57,2,10.1016/j.jinorgbio.2017.04.026,,HOS,mitochondria,48,2.60
CC1=CC=C(C=CC2=CC=C(C)N=C32)C3=N1,CC1=CC=C(C=CC2=CC=C(C)N=C32)C3=N1,FC(C=C(C=CC=C1)C1=C2)=C2OC(C=CC3=N4)=CC3=NC5=C4C6=CC=CN=C6C7=NC=CC=C57,2,10.1016/j.jinorgbio.2017.04.026,,LO2,mitochondria,48,12.90
CC(C)(C)C1=CC(C2=NC=CC(C(C)(C)C)=C2)=NC=C1,CC(C)(C)C1=CC(C2=NC=CC(C(C)(C)C)=C2)=NC=C1,FC(C=C(C=CC=C1)C1=C2)=C2OC(C=CC3=N4)=CC3=NC5=C4C6=CC=CN=C6C7=NC=CC=C57,2,10.1016/j.jinorgbio.2017.04.026,,HeLa,mitochondria,48,6.70
CC(C)(C)C1=CC(C2=NC=CC(C(C)(C)C)=C2)=NC=C1,CC(C)(C)C1=CC(C2=NC=CC(C(C)(C)C)=C2)=NC=C1,FC(C=C(C=CC=C1)C1=C2)=C2OC(C=CC3=N4)=CC3=NC5=C4C6=CC=CN=C6C7=NC=CC=C57,2,10.1016/j.jinorgbio.2017.04.026,,BEL.7402,mitochondria,24,12.80
CC(C)(C)C1=CC(C2=NC=CC(C(C)(C)C)=C2)=NC=C1,CC(C)(C)C1=CC(C2=NC=CC(C(C)(C)C)=C2)=NC=C1,FC(C=C(C=CC=C1)C1=C2)=C2OC(C=CC3=N4)=CC3=NC5=C4C6=CC=CN=C6C7=NC=CC=C57,2,10.1016/j.jinorgbio.2017.04.026,,BEL.7402,mitochondria,48,3.20
CC(C)(C)C1=CC(C2=NC=CC(C(C)(C)C)=C2)=NC=C1,CC(C)(C)C1=CC(C2=NC=CC(C(C)(C)C)=C2)=NC=C1,FC(C=C(C=CC=C1)C1=C2)=C2OC(C=CC3=N4)=CC3=NC5=C4C6=CC=CN=C6C7=NC=CC=C57,2,10.1016/j.jinorgbio.2017.04.026,,A549,mitochondria,48,8.20
CC(C)(C)C1=CC(C2=NC=CC(C(C)(C)C)=C2)=NC=C1,CC(C)(C)C1=CC(C2=NC=CC(C(C)(C)C)=C2)=NC=C1,FC(C=C(C=CC=C1)C1=C2)=C2OC(C=CC3=N4)=CC3=NC5=C4C6=CC=CN=C6C7=NC=CC=C57,2,10.1016/j.jinorgbio.2017.04.026,,HepG2,mitochondria,48,5.60
CC(C)(C)C1=CC(C2=NC=CC(C(C)(C)C)=C2)=NC=C1,CC(C)(C)C1=CC(C2=NC=CC(C(C)(C)C)=C2)=NC=C1,FC(C=C(C=CC=C1)C1=C2)=C2OC(C=CC3=N4)=CC3=NC5=C4C6=CC=CN=C6C7=NC=CC=C57,2,10.1016/j.jinorgbio.2017.04.026,,HOS,mitochondria,48,4.90
CC(C)(C)C1=CC(C2=NC=CC(C(C)(C)C)=C2)=NC=C1,CC(C)(C)C1=CC(C2=NC=CC(C(C)(C)C)=C2)=NC=C1,FC(C=C(C=CC=C1)C1=C2)=C2OC(C=CC3=N4)=CC3=NC5=C4C6=CC=CN=C6C7=NC=CC=C57,2,10.1016/j.jinorgbio.2017.04.026,,LO2,mitochondria,48,2.100
C1(C2=CC=CC=N2)=NC=CC=C1,C1(C2=CC=CC=N2)=NC=CC=C1,C1(C2=CC=CC=N2)=NC=CC=C1,2,10.1039/c4mt00044g,-0.41,A375,,48,183.1
C1(C2=CC=CC=N2)=NC=CC=C1,C1(C2=CC=CC=N2)=NC=CC=C1,C1(C2=CC=CC=N2)=NC=CC=C1,2,10.1039/c4mt00044g,-0.41,MCF.7.7,,48,341.5
C1(C2=CC=CC=N2)=NC=CC=C1,C1(C2=CC=CC=N2)=NC=CC=C1,C1(C2=CC=CC=N2)=NC=CC=C1,2,10.1039/c4mt00044g,-0.41,PC-12,,48,>400
C1(C2=CC=CC=N2)=NC=CC=C1,C1(C2=CC=CC=N2)=NC=CC=C1,C1(C2=CC=CC=N2)=NC=CC=C1,2,10.1039/c4mt00044g,-0.41,HepG2,,48,388.4
C1(C2=CC=CC=N2)=NC=CC=C1,C1(C2=CC=CC=N2)=NC=CC=C1,C1(C2=CC=CC=N2)=NC=CC=C1,2,10.1039/c4mt00044g,-0.41,A549,,48,179.4
C1(C2=NC=CC=C2C=C3)=C3C=CC=N1,C1(C2=NC=CC=C2C=C3)=C3C=CC=N1,C1(C2=NC=CC=C2C=C3)=C3C=CC=N1,2,10.1039/c4mt00044g,-0.33,A375,,48,153.9
C1(C2=NC=CC=C2C=C3)=C3C=CC=N1,C1(C2=NC=CC=C2C=C3)=C3C=CC=N1,C1(C2=NC=CC=C2C=C3)=C3C=CC=N1,2,10.1039/c4mt00044g,-0.33,MCF.7.7,,48,268.0
C1(C2=NC=CC=C2C=C3)=C3C=CC=N1,C1(C2=NC=CC=C2C=C3)=C3C=CC=N1,C1(C2=NC=CC=C2C=C3)=C3C=CC=N1,2,10.1039/c4mt00044g,-0.33,PC-12,,48,257.1
C1(C2=NC=CC=C2C=C3)=C3C=CC=N1,C1(C2=NC=CC=C2C=C3)=C3C=CC=N1,C1(C2=NC=CC=C2C=C3)=C3C=CC=N1,2,10.1039/c4mt00044g,-0.33,HepG2,,48,>400
C1(C2=NC=CC=C2C=C3)=C3C=CC=N1,C1(C2=NC=CC=C2C=C3)=C3C=CC=N1,C1(C2=NC=CC=C2C=C3)=C3C=CC=N1,2,10.1039/c4mt00044g,-0.33,A549,,48,157.2
C12=NC=CC=C1C3=C(N=CN3)C4=CC=CN=C24,C12=NC=CC=C1C3=C(N=CN3)C4=CC=CN=C24,C12=NC=CC=C1C3=C(N=CN3)C4=CC=CN=C24,2,10.1039/c4mt00044g,0.42,A375,,48,137.9
C12=NC=CC=C1C3=C(N=CN3)C4=CC=CN=C24,C12=NC=CC=C1C3=C(N=CN3)C4=CC=CN=C24,C12=NC=CC=C1C3=C(N=CN3)C4=CC=CN=C24,2,10.1039/c4mt00044g,0.42,MCF.7.7,,48,91.5
C12=NC=CC=C1C3=C(N=CN3)C4=CC=CN=C24,C12=NC=CC=C1C3=C(N=CN3)C4=CC=CN=C24,C12=NC=CC=C1C3=C(N=CN3)C4=CC=CN=C24,2,10.1039/c4mt00044g,0.42,PC-12,,48,16.90
C12=NC=CC=C1C3=C(N=CN3)C4=CC=CN=C24,C12=NC=CC=C1C3=C(N=CN3)C4=CC=CN=C24,C12=NC=CC=C1C3=C(N=CN3)C4=CC=CN=C24,2,10.1039/c4mt00044g,0.42,HepG2,,48,77.1
C12=NC=CC=C1C3=C(N=CN3)C4=CC=CN=C24,C12=NC=CC=C1C3=C(N=CN3)C4=CC=CN=C24,C12=NC=CC=C1C3=C(N=CN3)C4=CC=CN=C24,2,10.1039/c4mt00044g,0.42,A549,,48,177.3
C12=NC=CC=C1C3=C(N=CN3)C4=CC=CN=C24,C12=NC=CC=C1C3=C(N=CN3)C4=CC=CN=C24,C12=NC=CC=C1C3=C(N=CN3)C4=CC=CN=C24,2,10.1039/c4mt00044g,0.42,HK2,,48,72.4
C12=NC=CC=C1C3=C(N=C(C4=CC=CC=C4)N3)C5=CC=CN=C25,C12=NC=CC=C1C3=C(N=C(C4=CC=CC=C4)N3)C5=CC=CN=C25,C12=NC=CC=C1C3=C(N=C(C4=CC=CC=C4)N3)C5=CC=CN=C25,2,10.1039/c4mt00044g,2.67,A375,mitochondria,48,0.9
C12=NC=CC=C1C3=C(N=C(C4=CC=CC=C4)N3)C5=CC=CN=C25,C12=NC=CC=C1C3=C(N=C(C4=CC=CC=C4)N3)C5=CC=CN=C25,C12=NC=CC=C1C3=C(N=C(C4=CC=CC=C4)N3)C5=CC=CN=C25,2,10.1039/c4mt00044g,2.67,MCF.7.7,mitochondria,48,66.0
C12=NC=CC=C1C3=C(N=C(C4=CC=CC=C4)N3)C5=CC=CN=C25,C12=NC=CC=C1C3=C(N=C(C4=CC=CC=C4)N3)C5=CC=CN=C25,C12=NC=CC=C1C3=C(N=C(C4=CC=CC=C4)N3)C5=CC=CN=C25,2,10.1039/c4mt00044g,2.67,PC-12,mitochondria,48,53.0
C12=NC=CC=C1C3=C(N=C(C4=CC=CC=C4)N3)C5=CC=CN=C25,C12=NC=CC=C1C3=C(N=C(C4=CC=CC=C4)N3)C5=CC=CN=C25,C12=NC=CC=C1C3=C(N=C(C4=CC=CC=C4)N3)C5=CC=CN=C25,2,10.1039/c4mt00044g,2.67,HepG2,mitochondria,48,225.8
C12=NC=CC=C1C3=C(N=C(C4=CC=CC=C4)N3)C5=CC=CN=C25,C12=NC=CC=C1C3=C(N=C(C4=CC=CC=C4)N3)C5=CC=CN=C25,C12=NC=CC=C1C3=C(N=C(C4=CC=CC=C4)N3)C5=CC=CN=C25,2,10.1039/c4mt00044g,2.67,A549,mitochondria,48,>400
C12=NC=CC=C1C3=C(N=C(C4=CC=CC=C4)N3)C5=CC=CN=C25,C12=NC=CC=C1C3=C(N=C(C4=CC=CC=C4)N3)C5=CC=CN=C25,C12=NC=CC=C1C3=C(N=C(C4=CC=CC=C4)N3)C5=CC=CN=C25,2,10.1039/c4mt00044g,2.67,HK2,mitochondria,48,212.7
C1(C2=NC=CC=C2C=C3)=C3C=CC=N1,C1(C2=NC=CC=C2C=C3)=C3C=CC=N1,C12=NC=CC=C1C3=C(N=C(C=C(N=C(C(C=CC=N4)=C4C5=C6C=CC=N5)C6=N7)C7=C8)C8=N3)C9=CC=CN=C29,2,10.1002/cmdc.201700240,-1.4,MCF.7.7,,48,12.0
C1(C2=NC=CC=C2C=C3)=C3C=CC=N1,C1(C2=NC=CC=C2C=C3)=C3C=CC=N1,C12=NC=CC=C1C3=C(N=C(C=C(N=C(C(C=CC=N4)=C4C5=C6C=CC=N5)C6=N7)C7=C8)C8=N3)C9=CC=CN=C29,2,10.1002/cmdc.201700240,-1.4,CCL228,,48,10.0
C1(C2=NC=CC=C2C=C3)=C3C=CC=N1,C1(C2=NC=CC=C2C=C3)=C3C=CC=N1,C12=NC=CC=C1C3=C(N=C(C=C(N=C(C(C=CC=N4)=C4C5=C6C=CC=N5)C6=N7)C7=C8)C8=N3)C9=CC=CN=C29,2,10.1002/cmdc.201700240,-1.4,H358,,48,13.0
C1(C2=NC=CC=C2C=C3)=C3C=CC=N1,C1(C2=NC=CC=C2C=C3)=C3C=CC=N1,C12=NC=CC=C1C3=C(N=C(C=C(N=C(C(C=CC=N4)=C4C5=C6C=CC=N5)C6=N7)C7=C8)C8=N3)C9=CC=CN=C29,2,10.1002/cmdc.201700240,-1.4,MCF.7.10,,48,100.0
C1(C2=NC=CC=C2C=C3)=C3C=CC=N1,C1(C2=NC=CC=C2C=C3)=C3C=CC=N1,C12=NC=CC=C1C3=C(N=C(C=C(N=C(C(C=CC=N4)=C4C5=C6C=CC=N5)C6=N7)C7=C8)C8=N3)C9=CC=CN=C29,2,10.1002/cmdc.201700240,-1.4,AChE,,48,1.40
C1(C2=NC=CC=C2C=C3)=C3C=CC=N1,C1(C2=NC=CC=C2C=C3)=C3C=CC=N1,C12=NC=CC=C1C3=C(N=C(C=CC=C4)C4=N3)C5=CC=CN=C25,2,10.1002/cmdc.201700240,-1.3,MCF.7.7,,48,50.0
C1(C2=NC=CC=C2C=C3)=C3C=CC=N1,C1(C2=NC=CC=C2C=C3)=C3C=CC=N1,C12=NC=CC=C1C3=C(N=C(C=CC=C4)C4=N3)C5=CC=CN=C25,2,10.1002/cmdc.201700240,-1.3,CCL228,,48,50.0
C1(C2=NC=CC=C2C=C3)=C3C=CC=N1,C1(C2=NC=CC=C2C=C3)=C3C=CC=N1,C12=NC=CC=C1C3=C(N=C(C=CC=C4)C4=N3)C5=CC=CN=C25,2,10.1002/cmdc.201700240,-1.3,H358,,48,35.0
C1(C2=NC=CC=C2C=C3)=C3C=CC=N1,C1(C2=NC=CC=C2C=C3)=C3C=CC=N1,C12=NC=CC=C1C3=C(N=C(C=CC=C4)C4=N3)C5=CC=CN=C25,2,10.1002/cmdc.201700240,-1.3,MCF.7.10,,48,50.0
C1(C2=NC=CC=C2C=C3)=C3C=CC=N1,C1(C2=NC=CC=C2C=C3)=C3C=CC=N1,C12=NC=CC=C1C3=C(N=C(C=CC=C4)C4=N3)C5=CC=CN=C25,2,10.1002/cmdc.201700240,-1.3,AChE,,48,1.0
C12=NC=CC=C1C3=C(N=C(C=C(N=C(C(C=CC=N4)=C4C5=C6C=CC=N5)C6=N7)C7=C8)C8=N3)C9=CC=CN=C29,C12=NC=CC(C3=CC=CC=C3)=C1C=CC4=C(C5=CC=CC=C5)C=CN=C24,C12=NC=CC(C3=CC=CC=C3)=C1C=CC4=C(C5=CC=CC=C5)C=CN=C24,2,10.1002/cmdc.201700240,1.60,MCF.7.7,,48,1.40
C12=NC=CC=C1C3=C(N=C(C=C(N=C(C(C=CC=N4)=C4C5=C6C=CC=N5)C6=N7)C7=C8)C8=N3)C9=CC=CN=C29,C12=NC=CC(C3=CC=CC=C3)=C1C=CC4=C(C5=CC=CC=C5)C=CN=C24,C12=NC=CC(C3=CC=CC=C3)=C1C=CC4=C(C5=CC=CC=C5)C=CN=C24,2,10.1002/cmdc.201700240,1.60,CCL228,,48,50.0
C12=NC=CC=C1C3=C(N=C(C=C(N=C(C(C=CC=N4)=C4C5=C6C=CC=N5)C6=N7)C7=C8)C8=N3)C9=CC=CN=C29,C12=NC=CC(C3=CC=CC=C3)=C1C=CC4=C(C5=CC=CC=C5)C=CN=C24,C12=NC=CC(C3=CC=CC=C3)=C1C=CC4=C(C5=CC=CC=C5)C=CN=C24,2,10.1002/cmdc.201700240,1.60,H358,,48,35.0
C12=NC=CC=C1C3=C(N=C(C=C(N=C(C(C=CC=N4)=C4C5=C6C=CC=N5)C6=N7)C7=C8)C8=N3)C9=CC=CN=C29,C12=NC=CC(C3=CC=CC=C3)=C1C=CC4=C(C5=CC=CC=C5)C=CN=C24,C12=NC=CC(C3=CC=CC=C3)=C1C=CC4=C(C5=CC=CC=C5)C=CN=C24,2,10.1002/cmdc.201700240,1.60,MCF.7.10,,48,100.0
C12=NC=CC=C1C3=C(N=C(C=C(N=C(C(C=CC=N4)=C4C5=C6C=CC=N5)C6=N7)C7=C8)C8=N3)C9=CC=CN=C29,C12=NC=CC(C3=CC=CC=C3)=C1C=CC4=C(C5=CC=CC=C5)C=CN=C24,C12=NC=CC(C3=CC=CC=C3)=C1C=CC4=C(C5=CC=CC=C5)C=CN=C24,2,10.1002/cmdc.201700240,1.60,AChE,,48,13.0
CC1=C(C)C2=C(C(N=CC(C)=C3C)=C3C=C2)N=C1,CC1=C(C)C2=C(C(N=CC(C)=C3C)=C3C=C2)N=C1,C12=CC=CN=C1C3=NC=CC=C3C4=C2N=C5C(C=C(N=C(C(C=CC=N6)=C6C7=C8C=CC=N7)C8=N9)C9=C5)=N4,2,10.1002/cmdc.201700240,-0.6,MCF.7.7,,48,18.0
CC1=C(C)C2=C(C(N=CC(C)=C3C)=C3C=C2)N=C1,CC1=C(C)C2=C(C(N=CC(C)=C3C)=C3C=C2)N=C1,C12=CC=CN=C1C3=NC=CC=C3C4=C2N=C5C(C=C(N=C(C(C=CC=N6)=C6C7=C8C=CC=N7)C8=N9)C9=C5)=N4,2,10.1002/cmdc.201700240,-0.6,CCL228,,48,50.0
CC1=C(C)C2=C(C(N=CC(C)=C3C)=C3C=C2)N=C1,CC1=C(C)C2=C(C(N=CC(C)=C3C)=C3C=C2)N=C1,C12=CC=CN=C1C3=NC=CC=C3C4=C2N=C5C(C=C(N=C(C(C=CC=N6)=C6C7=C8C=CC=N7)C8=N9)C9=C5)=N4,2,10.1002/cmdc.201700240,-0.6,H358,,48,50.0
CC1=C(C)C2=C(C(N=CC(C)=C3C)=C3C=C2)N=C1,CC1=C(C)C2=C(C(N=CC(C)=C3C)=C3C=C2)N=C1,C12=CC=CN=C1C3=NC=CC=C3C4=C2N=C5C(C=C(N=C(C(C=CC=N6)=C6C7=C8C=CC=N7)C8=N9)C9=C5)=N4,2,10.1002/cmdc.201700240,-0.6,MCF.7.10,,48,50.0
CC1=C(C)C2=C(C(N=CC(C)=C3C)=C3C=C2)N=C1,CC1=C(C)C2=C(C(N=CC(C)=C3C)=C3C=C2)N=C1,C12=CC=CN=C1C3=NC=CC=C3C4=C2N=C5C(C=C(N=C(C(C=CC=N6)=C6C7=C8C=CC=N7)C8=N9)C9=C5)=N4,2,10.1002/cmdc.201700240,-0.6,AChE,,48,8.70
CC1=C(C)C2=C(C(N=CC(C)=C3C)=C3C=C2)N=C1,CC1=C(C)C2=C(C(N=CC(C)=C3C)=C3C=C2)N=C1,CC1=C(C)C2=C(C(N=CC(C)=C3C)=C3C=C2)N=C1,2,10.1002/cmdc.201700240,-0.9,MCF.7.7,,48,23.0
CC1=C(C)C2=C(C(N=CC(C)=C3C)=C3C=C2)N=C1,CC1=C(C)C2=C(C(N=CC(C)=C3C)=C3C=C2)N=C1,CC1=C(C)C2=C(C(N=CC(C)=C3C)=C3C=C2)N=C1,2,10.1002/cmdc.201700240,-0.9,CCL228,,48,42.0
CC1=C(C)C2=C(C(N=CC(C)=C3C)=C3C=C2)N=C1,CC1=C(C)C2=C(C(N=CC(C)=C3C)=C3C=C2)N=C1,CC1=C(C)C2=C(C(N=CC(C)=C3C)=C3C=C2)N=C1,2,10.1002/cmdc.201700240,-0.9,H358,,48,50.0
CC1=C(C)C2=C(C(N=CC(C)=C3C)=C3C=C2)N=C1,CC1=C(C)C2=C(C(N=CC(C)=C3C)=C3C=C2)N=C1,CC1=C(C)C2=C(C(N=CC(C)=C3C)=C3C=C2)N=C1,2,10.1002/cmdc.201700240,-0.9,MCF.7.10,,48,50.0
CC1=C(C)C2=C(C(N=CC(C)=C3C)=C3C=C2)N=C1,CC1=C(C)C2=C(C(N=CC(C)=C3C)=C3C=C2)N=C1,CC1=C(C)C2=C(C(N=CC(C)=C3C)=C3C=C2)N=C1,2,10.1002/cmdc.201700240,-0.9,AChE,,48,36.0
C1(C(N=CC=C2C3=CC=CC=C3)=C2C=C4)=C4C(C5=CC=CC=C5)=CC=N1,C1(C(N=CC=C2C3=CC=CC=C3)=C2C=C4)=C4C(C5=CC=CC=C5)=CC=N1,C1(C(N=CC=C2C3=CC=CC=C3)=C2C=C4)=C4C(C5=CC=CC=C5)=CC=N1,2,10.1002/cmdc.201700240,1.40,MCF.7.7,,48,1.50
C1(C(N=CC=C2C3=CC=CC=C3)=C2C=C4)=C4C(C5=CC=CC=C5)=CC=N1,C1(C(N=CC=C2C3=CC=CC=C3)=C2C=C4)=C4C(C5=CC=CC=C5)=CC=N1,C1(C(N=CC=C2C3=CC=CC=C3)=C2C=C4)=C4C(C5=CC=CC=C5)=CC=N1,2,10.1002/cmdc.201700240,1.40,CCL228,,48,4.0
C1(C(N=CC=C2C3=CC=CC=C3)=C2C=C4)=C4C(C5=CC=CC=C5)=CC=N1,C1(C(N=CC=C2C3=CC=CC=C3)=C2C=C4)=C4C(C5=CC=CC=C5)=CC=N1,C1(C(N=CC=C2C3=CC=CC=C3)=C2C=C4)=C4C(C5=CC=CC=C5)=CC=N1,2,10.1002/cmdc.201700240,1.40,H358,,48,1.70
C1(C(N=CC=C2C3=CC=CC=C3)=C2C=C4)=C4C(C5=CC=CC=C5)=CC=N1,C1(C(N=CC=C2C3=CC=CC=C3)=C2C=C4)=C4C(C5=CC=CC=C5)=CC=N1,C1(C(N=CC=C2C3=CC=CC=C3)=C2C=C4)=C4C(C5=CC=CC=C5)=CC=N1,2,10.1002/cmdc.201700240,1.40,MCF.7.10,,48,1.50
C1(C(N=CC=C2C3=CC=CC=C3)=C2C=C4)=C4C(C5=CC=CC=C5)=CC=N1,C1(C(N=CC=C2C3=CC=CC=C3)=C2C=C4)=C4C(C5=CC=CC=C5)=CC=N1,C1(C(N=CC=C2C3=CC=CC=C3)=C2C=C4)=C4C(C5=CC=CC=C5)=CC=N1,2,10.1002/cmdc.201700240,1.40,AChE,,48,11.40
C1(C2=CC=CC=N2)=NC=CC=C1,C1(C2=CC=CC=N2)=NC=CC=C1,C12=NC=CC=C1C3=C(N=CN3)C4=C2N=CC=C4,2,10.1002/chem.201404922,-1.2,HeLa,,24,>100
C1(C2=CC=CC=N2)=NC=CC=C1,C1(C2=CC=CC=N2)=NC=CC=C1,C12=NC=CC=C1C3=C(N=CN3)C4=C2N=CC=C4,2,10.1002/chem.201404922,-1.2,MCF.7,,24,>100
C1(C2=CC=CC=N2)=NC=CC=C1,C1(C2=CC=CC=N2)=NC=CC=C1,C12=NC=CC=C1C3=C(N=CN3)C4=C2N=CC=C4,2,10.1002/chem.201404922,-1.2,HepG2,,24,>100
C1(C2=CC=CC=N2)=NC=CC=C1,C1(C2=CC=CC=N2)=NC=CC=C1,C12=NC=CC=C1C3=C(N=CN3)C4=C2N=CC=C4,2,10.1002/chem.201404922,-1.2,A549,,24,>100
C1(C2=CC=CC=N2)=NC=CC=C1,C1(C2=CC=CC=N2)=NC=CC=C1,C12=NC=CC=C1C3=C(N=CN3)C4=C2N=CC=C4,2,10.1002/chem.201404922,-1.2,A549R,,24,>100
C1(C2=CC=CC=N2)=NC=CC=C1,C1(C2=CC=CC=N2)=NC=CC=C1,C12=NC=CC=C1C3=C(N=CN3)C4=C2N=CC=C4,2,10.1002/chem.201404922,-1.2,LO2,,24,>100
C1(C2=CC=CC=N2)=NC=CC=C1,C1(C2=CC=CC=N2)=NC=CC=C1,C12=NC=CC=C1C3=C(N=CN3)C4=C2N=CC=C4,2,10.1002/chem.201404922,-1.2,HeLa,,48,>100
C1(C2=CC=CC=N2)=NC=CC=C1,C1(C2=CC=CC=N2)=NC=CC=C1,C12=NC=CC=C1C3=C(N=CN3)C4=C2N=CC=C4,2,10.1002/chem.201404922,-1.2,MCF.7,,48,>100
C1(C2=CC=CC=N2)=NC=CC=C1,C1(C2=CC=CC=N2)=NC=CC=C1,C12=NC=CC=C1C3=C(N=CN3)C4=C2N=CC=C4,2,10.1002/chem.201404922,-1.2,HepG2,,48,>100
C1(C2=CC=CC=N2)=NC=CC=C1,C1(C2=CC=CC=N2)=NC=CC=C1,C12=NC=CC=C1C3=C(N=CN3)C4=C2N=CC=C4,2,10.1002/chem.201404922,-1.2,A549,,48,>100
C1(C2=CC=CC=N2)=NC=CC=C1,C1(C2=CC=CC=N2)=NC=CC=C1,C12=NC=CC=C1C3=C(N=CN3)C4=C2N=CC=C4,2,10.1002/chem.201404922,-1.2,A549R,,48,>100
C1(C2=CC=CC=N2)=NC=CC=C1,C1(C2=CC=CC=N2)=NC=CC=C1,C12=NC=CC=C1C3=C(N=CN3)C4=C2N=CC=C4,2,10.1002/chem.201404922,-1.2,LO2,,48,>100
C1(C2=CC=CC=N2)=NC=CC=C1,C1(C2=CC=CC=N2)=NC=CC=C1,C12=NC=CC=C1C3=C(N=CN3)C4=C2N=CC=C4,2,10.1002/chem.201404922,-1.2,HeLa,,72,>100
C1(C2=CC=CC=N2)=NC=CC=C1,C1(C2=CC=CC=N2)=NC=CC=C1,C12=NC=CC=C1C3=C(N=CN3)C4=C2N=CC=C4,2,10.1002/chem.201404922,-1.2,MCF.7,,72,>100
C1(C2=CC=CC=N2)=NC=CC=C1,C1(C2=CC=CC=N2)=NC=CC=C1,C12=NC=CC=C1C3=C(N=CN3)C4=C2N=CC=C4,2,10.1002/chem.201404922,-1.2,HepG2,,72,>100
C1(C2=CC=CC=N2)=NC=CC=C1,C1(C2=CC=CC=N2)=NC=CC=C1,C12=NC=CC=C1C3=C(N=CN3)C4=C2N=CC=C4,2,10.1002/chem.201404922,-1.2,A549,,72,>100
C1(C2=CC=CC=N2)=NC=CC=C1,C1(C2=CC=CC=N2)=NC=CC=C1,C12=NC=CC=C1C3=C(N=CN3)C4=C2N=CC=C4,2,10.1002/chem.201404922,-1.2,A549R,,72,>100
C1(C2=CC=CC=N2)=NC=CC=C1,C1(C2=CC=CC=N2)=NC=CC=C1,C12=NC=CC=C1C3=C(N=CN3)C4=C2N=CC=C4,2,10.1002/chem.201404922,-1.2,LO2,,72,>100
C1(C2=CC=CC=N2)=NC=CC=C1,C1(C2=CC=CC=N2)=NC=CC=C1,C12=NC=CC=C1C3=C(N=C(C4=CC=CC=C4)N3)C5=C2N=CC=C5,2,10.1002/chem.201404922,-0.7,HeLa,,24,>100
C1(C2=CC=CC=N2)=NC=CC=C1,C1(C2=CC=CC=N2)=NC=CC=C1,C12=NC=CC=C1C3=C(N=C(C4=CC=CC=C4)N3)C5=C2N=CC=C5,2,10.1002/chem.201404922,-0.7,MCF.7,,24,>100
C1(C2=CC=CC=N2)=NC=CC=C1,C1(C2=CC=CC=N2)=NC=CC=C1,C12=NC=CC=C1C3=C(N=C(C4=CC=CC=C4)N3)C5=C2N=CC=C5,2,10.1002/chem.201404922,-0.7,HepG2,,24,>100
C1(C2=CC=CC=N2)=NC=CC=C1,C1(C2=CC=CC=N2)=NC=CC=C1,C12=NC=CC=C1C3=C(N=C(C4=CC=CC=C4)N3)C5=C2N=CC=C5,2,10.1002/chem.201404922,-0.7,A549,,24,>100
C1(C2=CC=CC=N2)=NC=CC=C1,C1(C2=CC=CC=N2)=NC=CC=C1,C12=NC=CC=C1C3=C(N=C(C4=CC=CC=C4)N3)C5=C2N=CC=C5,2,10.1002/chem.201404922,-0.7,A549R,,24,95.2
C1(C2=CC=CC=N2)=NC=CC=C1,C1(C2=CC=CC=N2)=NC=CC=C1,C12=NC=CC=C1C3=C(N=C(C4=CC=CC=C4)N3)C5=C2N=CC=C5,2,10.1002/chem.201404922,-0.7,LO2,,24,>100
C1(C2=CC=CC=N2)=NC=CC=C1,C1(C2=CC=CC=N2)=NC=CC=C1,C12=NC=CC=C1C3=C(N=C(C4=CC=CC=C4)N3)C5=C2N=CC=C5,2,10.1002/chem.201404922,-0.7,HeLa,,48,96.3
C1(C2=CC=CC=N2)=NC=CC=C1,C1(C2=CC=CC=N2)=NC=CC=C1,C12=NC=CC=C1C3=C(N=C(C4=CC=CC=C4)N3)C5=C2N=CC=C5,2,10.1002/chem.201404922,-0.7,MCF.7,,48,>100
C1(C2=CC=CC=N2)=NC=CC=C1,C1(C2=CC=CC=N2)=NC=CC=C1,C12=NC=CC=C1C3=C(N=C(C4=CC=CC=C4)N3)C5=C2N=CC=C5,2,10.1002/chem.201404922,-0.7,HepG2,,48,>100
C1(C2=CC=CC=N2)=NC=CC=C1,C1(C2=CC=CC=N2)=NC=CC=C1,C12=NC=CC=C1C3=C(N=C(C4=CC=CC=C4)N3)C5=C2N=CC=C5,2,10.1002/chem.201404922,-0.7,A549,,48,78.4
C1(C2=CC=CC=N2)=NC=CC=C1,C1(C2=CC=CC=N2)=NC=CC=C1,C12=NC=CC=C1C3=C(N=C(C4=CC=CC=C4)N3)C5=C2N=CC=C5,2,10.1002/chem.201404922,-0.7,A549R,,48,71.6
C1(C2=CC=CC=N2)=NC=CC=C1,C1(C2=CC=CC=N2)=NC=CC=C1,C12=NC=CC=C1C3=C(N=C(C4=CC=CC=C4)N3)C5=C2N=CC=C5,2,10.1002/chem.201404922,-0.7,LO2,,48,94.4
C1(C2=CC=CC=N2)=NC=CC=C1,C1(C2=CC=CC=N2)=NC=CC=C1,C12=NC=CC=C1C3=C(N=C(C4=CC=CC=C4)N3)C5=C2N=CC=C5,2,10.1002/chem.201404922,-0.7,HeLa,,72,75.7
C1(C2=CC=CC=N2)=NC=CC=C1,C1(C2=CC=CC=N2)=NC=CC=C1,C12=NC=CC=C1C3=C(N=C(C4=CC=CC=C4)N3)C5=C2N=CC=C5,2,10.1002/chem.201404922,-0.7,MCF.7,,72,80.1
C1(C2=CC=CC=N2)=NC=CC=C1,C1(C2=CC=CC=N2)=NC=CC=C1,C12=NC=CC=C1C3=C(N=C(C4=CC=CC=C4)N3)C5=C2N=CC=C5,2,10.1002/chem.201404922,-0.7,HepG2,,72,>100
C1(C2=CC=CC=N2)=NC=CC=C1,C1(C2=CC=CC=N2)=NC=CC=C1,C12=NC=CC=C1C3=C(N=C(C4=CC=CC=C4)N3)C5=C2N=CC=C5,2,10.1002/chem.201404922,-0.7,A549,,72,40.5
C1(C2=CC=CC=N2)=NC=CC=C1,C1(C2=CC=CC=N2)=NC=CC=C1,C12=NC=CC=C1C3=C(N=C(C4=CC=CC=C4)N3)C5=C2N=CC=C5,2,10.1002/chem.201404922,-0.7,A549R,,72,62.2
C1(C2=CC=CC=N2)=NC=CC=C1,C1(C2=CC=CC=N2)=NC=CC=C1,C12=NC=CC=C1C3=C(N=C(C4=CC=CC=C4)N3)C5=C2N=CC=C5,2,10.1002/chem.201404922,-0.7,LO2,,72,85.3
C1(C2=CC=CC=N2)=NC=CC=C1,C1(C2=CC=CC=N2)=NC=CC=C1,C12=NC=CC=C1C3=C(N=CC=N3)C4=C2N=CC=C4,2,10.1002/chem.201404922,-1.7,HeLa,,24,>100
C1(C2=CC=CC=N2)=NC=CC=C1,C1(C2=CC=CC=N2)=NC=CC=C1,C12=NC=CC=C1C3=C(N=CC=N3)C4=C2N=CC=C4,2,10.1002/chem.201404922,-1.7,MCF.7,,24,>100
C1(C2=CC=CC=N2)=NC=CC=C1,C1(C2=CC=CC=N2)=NC=CC=C1,C12=NC=CC=C1C3=C(N=CC=N3)C4=C2N=CC=C4,2,10.1002/chem.201404922,-1.7,HepG2,,24,>100
C1(C2=CC=CC=N2)=NC=CC=C1,C1(C2=CC=CC=N2)=NC=CC=C1,C12=NC=CC=C1C3=C(N=CC=N3)C4=C2N=CC=C4,2,10.1002/chem.201404922,-1.7,A549,,24,>100
C1(C2=CC=CC=N2)=NC=CC=C1,C1(C2=CC=CC=N2)=NC=CC=C1,C12=NC=CC=C1C3=C(N=CC=N3)C4=C2N=CC=C4,2,10.1002/chem.201404922,-1.7,A549R,,24,>100
C1(C2=CC=CC=N2)=NC=CC=C1,C1(C2=CC=CC=N2)=NC=CC=C1,C12=NC=CC=C1C3=C(N=CC=N3)C4=C2N=CC=C4,2,10.1002/chem.201404922,-1.7,LO2,,24,>100
C1(C2=CC=CC=N2)=NC=CC=C1,C1(C2=CC=CC=N2)=NC=CC=C1,C12=NC=CC=C1C3=C(N=CC=N3)C4=C2N=CC=C4,2,10.1002/chem.201404922,-1.7,HeLa,,48,>100
C1(C2=CC=CC=N2)=NC=CC=C1,C1(C2=CC=CC=N2)=NC=CC=C1,C12=NC=CC=C1C3=C(N=CC=N3)C4=C2N=CC=C4,2,10.1002/chem.201404922,-1.7,MCF.7,,48,>100
C1(C2=CC=CC=N2)=NC=CC=C1,C1(C2=CC=CC=N2)=NC=CC=C1,C12=NC=CC=C1C3=C(N=CC=N3)C4=C2N=CC=C4,2,10.1002/chem.201404922,-1.7,HepG2,,48,>100
C1(C2=CC=CC=N2)=NC=CC=C1,C1(C2=CC=CC=N2)=NC=CC=C1,C12=NC=CC=C1C3=C(N=CC=N3)C4=C2N=CC=C4,2,10.1002/chem.201404922,-1.7,A549,,48,>100
C1(C2=CC=CC=N2)=NC=CC=C1,C1(C2=CC=CC=N2)=NC=CC=C1,C12=NC=CC=C1C3=C(N=CC=N3)C4=C2N=CC=C4,2,10.1002/chem.201404922,-1.7,A549R,,48,>100
C1(C2=CC=CC=N2)=NC=CC=C1,C1(C2=CC=CC=N2)=NC=CC=C1,C12=NC=CC=C1C3=C(N=CC=N3)C4=C2N=CC=C4,2,10.1002/chem.201404922,-1.7,LO2,,48,>100
C1(C2=CC=CC=N2)=NC=CC=C1,C1(C2=CC=CC=N2)=NC=CC=C1,C12=NC=CC=C1C3=C(N=CC=N3)C4=C2N=CC=C4,2,10.1002/chem.201404922,-1.7,HeLa,,72,95.0
C1(C2=CC=CC=N2)=NC=CC=C1,C1(C2=CC=CC=N2)=NC=CC=C1,C12=NC=CC=C1C3=C(N=CC=N3)C4=C2N=CC=C4,2,10.1002/chem.201404922,-1.7,MCF.7,,72,80.2
C1(C2=CC=CC=N2)=NC=CC=C1,C1(C2=CC=CC=N2)=NC=CC=C1,C12=NC=CC=C1C3=C(N=CC=N3)C4=C2N=CC=C4,2,10.1002/chem.201404922,-1.7,HepG2,,72,>100
C1(C2=CC=CC=N2)=NC=CC=C1,C1(C2=CC=CC=N2)=NC=CC=C1,C12=NC=CC=C1C3=C(N=CC=N3)C4=C2N=CC=C4,2,10.1002/chem.201404922,-1.7,A549,,72,>100
C1(C2=CC=CC=N2)=NC=CC=C1,C1(C2=CC=CC=N2)=NC=CC=C1,C12=NC=CC=C1C3=C(N=CC=N3)C4=C2N=CC=C4,2,10.1002/chem.201404922,-1.7,A549R,,72,>100
C1(C2=CC=CC=N2)=NC=CC=C1,C1(C2=CC=CC=N2)=NC=CC=C1,C12=NC=CC=C1C3=C(N=CC=N3)C4=C2N=CC=C4,2,10.1002/chem.201404922,-1.7,LO2,,72,95.3
C1(C2=CC=CC=N2)=NC=CC=C1,C1(C2=CC=CC=N2)=NC=CC=C1,C12=NC=CC=C1C3=C(N=C(C=C(C=CC=C4)C4=C5)C5=N3)C6=C2N=CC=C6,2,10.1002/chem.201404922,-0.6,HeLa,,24,>100
C1(C2=CC=CC=N2)=NC=CC=C1,C1(C2=CC=CC=N2)=NC=CC=C1,C12=NC=CC=C1C3=C(N=C(C=C(C=CC=C4)C4=C5)C5=N3)C6=C2N=CC=C6,2,10.1002/chem.201404922,-0.6,MCF.7,,24,66.3
C1(C2=CC=CC=N2)=NC=CC=C1,C1(C2=CC=CC=N2)=NC=CC=C1,C12=NC=CC=C1C3=C(N=C(C=C(C=CC=C4)C4=C5)C5=N3)C6=C2N=CC=C6,2,10.1002/chem.201404922,-0.6,HepG2,,24,96.7
C1(C2=CC=CC=N2)=NC=CC=C1,C1(C2=CC=CC=N2)=NC=CC=C1,C12=NC=CC=C1C3=C(N=C(C=C(C=CC=C4)C4=C5)C5=N3)C6=C2N=CC=C6,2,10.1002/chem.201404922,-0.6,A549,,24,>100
C1(C2=CC=CC=N2)=NC=CC=C1,C1(C2=CC=CC=N2)=NC=CC=C1,C12=NC=CC=C1C3=C(N=C(C=C(C=CC=C4)C4=C5)C5=N3)C6=C2N=CC=C6,2,10.1002/chem.201404922,-0.6,A549R,,24,>100
C1(C2=CC=CC=N2)=NC=CC=C1,C1(C2=CC=CC=N2)=NC=CC=C1,C12=NC=CC=C1C3=C(N=C(C=C(C=CC=C4)C4=C5)C5=N3)C6=C2N=CC=C6,2,10.1002/chem.201404922,-0.6,LO2,,24,>100
C1(C2=CC=CC=N2)=NC=CC=C1,C1(C2=CC=CC=N2)=NC=CC=C1,C12=NC=CC=C1C3=C(N=C(C=C(C=CC=C4)C4=C5)C5=N3)C6=C2N=CC=C6,2,10.1002/chem.201404922,-0.6,HeLa,,48,95.2
C1(C2=CC=CC=N2)=NC=CC=C1,C1(C2=CC=CC=N2)=NC=CC=C1,C12=NC=CC=C1C3=C(N=C(C=C(C=CC=C4)C4=C5)C5=N3)C6=C2N=CC=C6,2,10.1002/chem.201404922,-0.6,MCF.7,,48,35.1
C1(C2=CC=CC=N2)=NC=CC=C1,C1(C2=CC=CC=N2)=NC=CC=C1,C12=NC=CC=C1C3=C(N=C(C=C(C=CC=C4)C4=C5)C5=N3)C6=C2N=CC=C6,2,10.1002/chem.201404922,-0.6,HepG2,,48,60.5
C1(C2=CC=CC=N2)=NC=CC=C1,C1(C2=CC=CC=N2)=NC=CC=C1,C12=NC=CC=C1C3=C(N=C(C=C(C=CC=C4)C4=C5)C5=N3)C6=C2N=CC=C6,2,10.1002/chem.201404922,-0.6,A549,,48,83.4
C1(C2=CC=CC=N2)=NC=CC=C1,C1(C2=CC=CC=N2)=NC=CC=C1,C12=NC=CC=C1C3=C(N=C(C=C(C=CC=C4)C4=C5)C5=N3)C6=C2N=CC=C6,2,10.1002/chem.201404922,-0.6,A549R,,48,90.1
C1(C2=CC=CC=N2)=NC=CC=C1,C1(C2=CC=CC=N2)=NC=CC=C1,C12=NC=CC=C1C3=C(N=C(C=C(C=CC=C4)C4=C5)C5=N3)C6=C2N=CC=C6,2,10.1002/chem.201404922,-0.6,LO2,,48,85.3
C1(C2=CC=CC=N2)=NC=CC=C1,C1(C2=CC=CC=N2)=NC=CC=C1,C12=NC=CC=C1C3=C(N=C(C=C(C=CC=C4)C4=C5)C5=N3)C6=C2N=CC=C6,2,10.1002/chem.201404922,-0.6,HeLa,,72,57.8
C1(C2=CC=CC=N2)=NC=CC=C1,C1(C2=CC=CC=N2)=NC=CC=C1,C12=NC=CC=C1C3=C(N=C(C=C(C=CC=C4)C4=C5)C5=N3)C6=C2N=CC=C6,2,10.1002/chem.201404922,-0.6,MCF.7,,72,14.20
C1(C2=CC=CC=N2)=NC=CC=C1,C1(C2=CC=CC=N2)=NC=CC=C1,C12=NC=CC=C1C3=C(N=C(C=C(C=CC=C4)C4=C5)C5=N3)C6=C2N=CC=C6,2,10.1002/chem.201404922,-0.6,HepG2,,72,40.2
C1(C2=CC=CC=N2)=NC=CC=C1,C1(C2=CC=CC=N2)=NC=CC=C1,C12=NC=CC=C1C3=C(N=C(C=C(C=CC=C4)C4=C5)C5=N3)C6=C2N=CC=C6,2,10.1002/chem.201404922,-0.6,A549,,72,61.3
C1(C2=CC=CC=N2)=NC=CC=C1,C1(C2=CC=CC=N2)=NC=CC=C1,C12=NC=CC=C1C3=C(N=C(C=C(C=CC=C4)C4=C5)C5=N3)C6=C2N=CC=C6,2,10.1002/chem.201404922,-0.6,A549R,,72,72.5
C1(C2=CC=CC=N2)=NC=CC=C1,C1(C2=CC=CC=N2)=NC=CC=C1,C12=NC=CC=C1C3=C(N=C(C=C(C=CC=C4)C4=C5)C5=N3)C6=C2N=CC=C6,2,10.1002/chem.201404922,-0.6,LO2,,72,75.3
C1(C2=[C-]C=CC=C2)=NC=CC=C1,C1(C2=[C-]C=CC=C2)=NC=CC=C1,C12=NC=CC=C1C3=C(N=CN3)C4=C2N=CC=C4,2,10.1002/chem.201404922,0.4,HeLa,nucleus,24,13.30
C1(C2=[C-]C=CC=C2)=NC=CC=C1,C1(C2=[C-]C=CC=C2)=NC=CC=C1,C12=NC=CC=C1C3=C(N=CN3)C4=C2N=CC=C4,2,10.1002/chem.201404922,0.4,MCF.7,nucleus,24,10.20
C1(C2=[C-]C=CC=C2)=NC=CC=C1,C1(C2=[C-]C=CC=C2)=NC=CC=C1,C12=NC=CC=C1C3=C(N=CN3)C4=C2N=CC=C4,2,10.1002/chem.201404922,0.4,HepG2,nucleus,24,12.300
C1(C2=[C-]C=CC=C2)=NC=CC=C1,C1(C2=[C-]C=CC=C2)=NC=CC=C1,C12=NC=CC=C1C3=C(N=CN3)C4=C2N=CC=C4,2,10.1002/chem.201404922,0.4,A549,nucleus,24,11.50
C1(C2=[C-]C=CC=C2)=NC=CC=C1,C1(C2=[C-]C=CC=C2)=NC=CC=C1,C12=NC=CC=C1C3=C(N=CN3)C4=C2N=CC=C4,2,10.1002/chem.201404922,0.4,A549R,nucleus,24,15.20
C1(C2=[C-]C=CC=C2)=NC=CC=C1,C1(C2=[C-]C=CC=C2)=NC=CC=C1,C12=NC=CC=C1C3=C(N=CN3)C4=C2N=CC=C4,2,10.1002/chem.201404922,0.4,LO2,nucleus,24,28.20
C1(C2=[C-]C=CC=C2)=NC=CC=C1,C1(C2=[C-]C=CC=C2)=NC=CC=C1,C12=NC=CC=C1C3=C(N=CN3)C4=C2N=CC=C4,2,10.1002/chem.201404922,0.4,HeLa,nucleus,48,6.100
C1(C2=[C-]C=CC=C2)=NC=CC=C1,C1(C2=[C-]C=CC=C2)=NC=CC=C1,C12=NC=CC=C1C3=C(N=CN3)C4=C2N=CC=C4,2,10.1002/chem.201404922,0.4,MCF.7,nucleus,48,5.40
C1(C2=[C-]C=CC=C2)=NC=CC=C1,C1(C2=[C-]C=CC=C2)=NC=CC=C1,C12=NC=CC=C1C3=C(N=CN3)C4=C2N=CC=C4,2,10.1002/chem.201404922,0.4,HepG2,nucleus,48,7.50
C1(C2=[C-]C=CC=C2)=NC=CC=C1,C1(C2=[C-]C=CC=C2)=NC=CC=C1,C12=NC=CC=C1C3=C(N=CN3)C4=C2N=CC=C4,2,10.1002/chem.201404922,0.4,A549,nucleus,48,4.60
C1(C2=[C-]C=CC=C2)=NC=CC=C1,C1(C2=[C-]C=CC=C2)=NC=CC=C1,C12=NC=CC=C1C3=C(N=CN3)C4=C2N=CC=C4,2,10.1002/chem.201404922,0.4,A549R,nucleus,48,7.100
C1(C2=[C-]C=CC=C2)=NC=CC=C1,C1(C2=[C-]C=CC=C2)=NC=CC=C1,C12=NC=CC=C1C3=C(N=CN3)C4=C2N=CC=C4,2,10.1002/chem.201404922,0.4,LO2,nucleus,48,22.50
C1(C2=[C-]C=CC=C2)=NC=CC=C1,C1(C2=[C-]C=CC=C2)=NC=CC=C1,C12=NC=CC=C1C3=C(N=CN3)C4=C2N=CC=C4,2,10.1002/chem.201404922,0.4,HeLa,nucleus,72,3.60
C1(C2=[C-]C=CC=C2)=NC=CC=C1,C1(C2=[C-]C=CC=C2)=NC=CC=C1,C12=NC=CC=C1C3=C(N=CN3)C4=C2N=CC=C4,2,10.1002/chem.201404922,0.4,MCF.7,nucleus,72,4.200
C1(C2=[C-]C=CC=C2)=NC=CC=C1,C1(C2=[C-]C=CC=C2)=NC=CC=C1,C12=NC=CC=C1C3=C(N=CN3)C4=C2N=CC=C4,2,10.1002/chem.201404922,0.4,HepG2,nucleus,72,3.50
C1(C2=[C-]C=CC=C2)=NC=CC=C1,C1(C2=[C-]C=CC=C2)=NC=CC=C1,C12=NC=CC=C1C3=C(N=CN3)C4=C2N=CC=C4,2,10.1002/chem.201404922,0.4,A549,nucleus,72,2.300
C1(C2=[C-]C=CC=C2)=NC=CC=C1,C1(C2=[C-]C=CC=C2)=NC=CC=C1,C12=NC=CC=C1C3=C(N=CN3)C4=C2N=CC=C4,2,10.1002/chem.201404922,0.4,A549R,nucleus,72,5.50
C1(C2=[C-]C=CC=C2)=NC=CC=C1,C1(C2=[C-]C=CC=C2)=NC=CC=C1,C12=NC=CC=C1C3=C(N=CN3)C4=C2N=CC=C4,2,10.1002/chem.201404922,0.4,LO2,nucleus,72,15.50
C1(C2=[C-]C=CC=C2)=NC=CC=C1,C1(C2=[C-]C=CC=C2)=NC=CC=C1,C12=NC=CC=C1C3=C(N=C(C4=CC=CC=C4)N3)C5=C2N=CC=C5,2,10.1002/chem.201404922,0.6,HeLa,nucleus,24,8.90
C1(C2=[C-]C=CC=C2)=NC=CC=C1,C1(C2=[C-]C=CC=C2)=NC=CC=C1,C12=NC=CC=C1C3=C(N=C(C4=CC=CC=C4)N3)C5=C2N=CC=C5,2,10.1002/chem.201404922,0.6,MCF.7,nucleus,24,8.30
C1(C2=[C-]C=CC=C2)=NC=CC=C1,C1(C2=[C-]C=CC=C2)=NC=CC=C1,C12=NC=CC=C1C3=C(N=C(C4=CC=CC=C4)N3)C5=C2N=CC=C5,2,10.1002/chem.201404922,0.6,HepG2,nucleus,24,7.80
C1(C2=[C-]C=CC=C2)=NC=CC=C1,C1(C2=[C-]C=CC=C2)=NC=CC=C1,C12=NC=CC=C1C3=C(N=C(C4=CC=CC=C4)N3)C5=C2N=CC=C5,2,10.1002/chem.201404922,0.6,A549,nucleus,24,9.50
C1(C2=[C-]C=CC=C2)=NC=CC=C1,C1(C2=[C-]C=CC=C2)=NC=CC=C1,C12=NC=CC=C1C3=C(N=C(C4=CC=CC=C4)N3)C5=C2N=CC=C5,2,10.1002/chem.201404922,0.6,A549R,nucleus,24,7.100
C1(C2=[C-]C=CC=C2)=NC=CC=C1,C1(C2=[C-]C=CC=C2)=NC=CC=C1,C12=NC=CC=C1C3=C(N=C(C4=CC=CC=C4)N3)C5=C2N=CC=C5,2,10.1002/chem.201404922,0.6,LO2,nucleus,24,25.0
C1(C2=[C-]C=CC=C2)=NC=CC=C1,C1(C2=[C-]C=CC=C2)=NC=CC=C1,C12=NC=CC=C1C3=C(N=C(C4=CC=CC=C4)N3)C5=C2N=CC=C5,2,10.1002/chem.201404922,0.6,HeLa,nucleus,48,3.40
C1(C2=[C-]C=CC=C2)=NC=CC=C1,C1(C2=[C-]C=CC=C2)=NC=CC=C1,C12=NC=CC=C1C3=C(N=C(C4=CC=CC=C4)N3)C5=C2N=CC=C5,2,10.1002/chem.201404922,0.6,MCF.7,nucleus,48,4.60
C1(C2=[C-]C=CC=C2)=NC=CC=C1,C1(C2=[C-]C=CC=C2)=NC=CC=C1,C12=NC=CC=C1C3=C(N=C(C4=CC=CC=C4)N3)C5=C2N=CC=C5,2,10.1002/chem.201404922,0.6,HepG2,nucleus,48,1.60
C1(C2=[C-]C=CC=C2)=NC=CC=C1,C1(C2=[C-]C=CC=C2)=NC=CC=C1,C12=NC=CC=C1C3=C(N=C(C4=CC=CC=C4)N3)C5=C2N=CC=C5,2,10.1002/chem.201404922,0.6,A549,nucleus,48,2.50
C1(C2=[C-]C=CC=C2)=NC=CC=C1,C1(C2=[C-]C=CC=C2)=NC=CC=C1,C12=NC=CC=C1C3=C(N=C(C4=CC=CC=C4)N3)C5=C2N=CC=C5,2,10.1002/chem.201404922,0.6,A549R,nucleus,48,5.200
C1(C2=[C-]C=CC=C2)=NC=CC=C1,C1(C2=[C-]C=CC=C2)=NC=CC=C1,C12=NC=CC=C1C3=C(N=C(C4=CC=CC=C4)N3)C5=C2N=CC=C5,2,10.1002/chem.201404922,0.6,LO2,nucleus,48,17.100
C1(C2=[C-]C=CC=C2)=NC=CC=C1,C1(C2=[C-]C=CC=C2)=NC=CC=C1,C12=NC=CC=C1C3=C(N=C(C4=CC=CC=C4)N3)C5=C2N=CC=C5,2,10.1002/chem.201404922,0.6,HeLa,nucleus,72,1.50
C1(C2=[C-]C=CC=C2)=NC=CC=C1,C1(C2=[C-]C=CC=C2)=NC=CC=C1,C12=NC=CC=C1C3=C(N=C(C4=CC=CC=C4)N3)C5=C2N=CC=C5,2,10.1002/chem.201404922,0.6,MCF.7,nucleus,72,2.80
C1(C2=[C-]C=CC=C2)=NC=CC=C1,C1(C2=[C-]C=CC=C2)=NC=CC=C1,C12=NC=CC=C1C3=C(N=C(C4=CC=CC=C4)N3)C5=C2N=CC=C5,2,10.1002/chem.201404922,0.6,HepG2,nucleus,72,1.00
C1(C2=[C-]C=CC=C2)=NC=CC=C1,C1(C2=[C-]C=CC=C2)=NC=CC=C1,C12=NC=CC=C1C3=C(N=C(C4=CC=CC=C4)N3)C5=C2N=CC=C5,2,10.1002/chem.201404922,0.6,A549,nucleus,72,1.100
C1(C2=[C-]C=CC=C2)=NC=CC=C1,C1(C2=[C-]C=CC=C2)=NC=CC=C1,C12=NC=CC=C1C3=C(N=C(C4=CC=CC=C4)N3)C5=C2N=CC=C5,2,10.1002/chem.201404922,0.6,A549R,nucleus,72,3.40
C1(C2=[C-]C=CC=C2)=NC=CC=C1,C1(C2=[C-]C=CC=C2)=NC=CC=C1,C12=NC=CC=C1C3=C(N=C(C4=CC=CC=C4)N3)C5=C2N=CC=C5,2,10.1002/chem.201404922,0.6,LO2,nucleus,72,10.40
C1(C2=[C-]C=CC=C2)=NC=CC=C1,C1(C2=[C-]C=CC=C2)=NC=CC=C1,C12=NC=CC=C1C3=C(N=CC=N3)C4=C2N=CC=C4,2,10.1002/chem.201404922,0.5,HeLa,nucleus,24,9.50
C1(C2=[C-]C=CC=C2)=NC=CC=C1,C1(C2=[C-]C=CC=C2)=NC=CC=C1,C12=NC=CC=C1C3=C(N=CC=N3)C4=C2N=CC=C4,2,10.1002/chem.201404922,0.5,MCF.7,nucleus,24,7.90
C1(C2=[C-]C=CC=C2)=NC=CC=C1,C1(C2=[C-]C=CC=C2)=NC=CC=C1,C12=NC=CC=C1C3=C(N=CC=N3)C4=C2N=CC=C4,2,10.1002/chem.201404922,0.5,HepG2,nucleus,24,8.90
C1(C2=[C-]C=CC=C2)=NC=CC=C1,C1(C2=[C-]C=CC=C2)=NC=CC=C1,C12=NC=CC=C1C3=C(N=CC=N3)C4=C2N=CC=C4,2,10.1002/chem.201404922,0.5,A549,nucleus,24,10.50
C1(C2=[C-]C=CC=C2)=NC=CC=C1,C1(C2=[C-]C=CC=C2)=NC=CC=C1,C12=NC=CC=C1C3=C(N=CC=N3)C4=C2N=CC=C4,2,10.1002/chem.201404922,0.5,A549R,nucleus,24,9.0
C1(C2=[C-]C=CC=C2)=NC=CC=C1,C1(C2=[C-]C=CC=C2)=NC=CC=C1,C12=NC=CC=C1C3=C(N=CC=N3)C4=C2N=CC=C4,2,10.1002/chem.201404922,0.5,LO2,nucleus,24,21.50
C1(C2=[C-]C=CC=C2)=NC=CC=C1,C1(C2=[C-]C=CC=C2)=NC=CC=C1,C12=NC=CC=C1C3=C(N=CC=N3)C4=C2N=CC=C4,2,10.1002/chem.201404922,0.5,HeLa,nucleus,48,3.70
C1(C2=[C-]C=CC=C2)=NC=CC=C1,C1(C2=[C-]C=CC=C2)=NC=CC=C1,C12=NC=CC=C1C3=C(N=CC=N3)C4=C2N=CC=C4,2,10.1002/chem.201404922,0.5,MCF.7,nucleus,48,3.80
C1(C2=[C-]C=CC=C2)=NC=CC=C1,C1(C2=[C-]C=CC=C2)=NC=CC=C1,C12=NC=CC=C1C3=C(N=CC=N3)C4=C2N=CC=C4,2,10.1002/chem.201404922,0.5,HepG2,nucleus,48,2.40
C1(C2=[C-]C=CC=C2)=NC=CC=C1,C1(C2=[C-]C=CC=C2)=NC=CC=C1,C12=NC=CC=C1C3=C(N=CC=N3)C4=C2N=CC=C4,2,10.1002/chem.201404922,0.5,A549,nucleus,48,2.80
C1(C2=[C-]C=CC=C2)=NC=CC=C1,C1(C2=[C-]C=CC=C2)=NC=CC=C1,C12=NC=CC=C1C3=C(N=CC=N3)C4=C2N=CC=C4,2,10.1002/chem.201404922,0.5,A549R,nucleus,48,5.90
C1(C2=[C-]C=CC=C2)=NC=CC=C1,C1(C2=[C-]C=CC=C2)=NC=CC=C1,C12=NC=CC=C1C3=C(N=CC=N3)C4=C2N=CC=C4,2,10.1002/chem.201404922,0.5,LO2,nucleus,48,14.50
C1(C2=[C-]C=CC=C2)=NC=CC=C1,C1(C2=[C-]C=CC=C2)=NC=CC=C1,C12=NC=CC=C1C3=C(N=CC=N3)C4=C2N=CC=C4,2,10.1002/chem.201404922,0.5,HeLa,nucleus,72,1.100
C1(C2=[C-]C=CC=C2)=NC=CC=C1,C1(C2=[C-]C=CC=C2)=NC=CC=C1,C12=NC=CC=C1C3=C(N=CC=N3)C4=C2N=CC=C4,2,10.1002/chem.201404922,0.5,MCF.7,nucleus,72,3.100
C1(C2=[C-]C=CC=C2)=NC=CC=C1,C1(C2=[C-]C=CC=C2)=NC=CC=C1,C12=NC=CC=C1C3=C(N=CC=N3)C4=C2N=CC=C4,2,10.1002/chem.201404922,0.5,HepG2,nucleus,72,1.200
C1(C2=[C-]C=CC=C2)=NC=CC=C1,C1(C2=[C-]C=CC=C2)=NC=CC=C1,C12=NC=CC=C1C3=C(N=CC=N3)C4=C2N=CC=C4,2,10.1002/chem.201404922,0.5,A549,nucleus,72,1.300
C1(C2=[C-]C=CC=C2)=NC=CC=C1,C1(C2=[C-]C=CC=C2)=NC=CC=C1,C12=NC=CC=C1C3=C(N=CC=N3)C4=C2N=CC=C4,2,10.1002/chem.201404922,0.5,A549R,nucleus,72,2.60
C1(C2=[C-]C=CC=C2)=NC=CC=C1,C1(C2=[C-]C=CC=C2)=NC=CC=C1,C12=NC=CC=C1C3=C(N=CC=N3)C4=C2N=CC=C4,2,10.1002/chem.201404922,0.5,LO2,nucleus,72,11.300
C1(C2=[C-]C=CC=C2)=NC=CC=C1,C1(C2=[C-]C=CC=C2)=NC=CC=C1,C12=NC=CC=C1C3=C(N=C(C=C(C=CC=C4)C4=C5)C5=N3)C6=C2N=CC=C6,2,10.1002/chem.201404922,1.0,HeLa,nucleus,24,7.100
C1(C2=[C-]C=CC=C2)=NC=CC=C1,C1(C2=[C-]C=CC=C2)=NC=CC=C1,C12=NC=CC=C1C3=C(N=C(C=C(C=CC=C4)C4=C5)C5=N3)C6=C2N=CC=C6,2,10.1002/chem.201404922,1.0,MCF.7,nucleus,24,6.300
C1(C2=[C-]C=CC=C2)=NC=CC=C1,C1(C2=[C-]C=CC=C2)=NC=CC=C1,C12=NC=CC=C1C3=C(N=C(C=C(C=CC=C4)C4=C5)C5=N3)C6=C2N=CC=C6,2,10.1002/chem.201404922,1.0,HepG2,nucleus,24,8.70
C1(C2=[C-]C=CC=C2)=NC=CC=C1,C1(C2=[C-]C=CC=C2)=NC=CC=C1,C12=NC=CC=C1C3=C(N=C(C=C(C=CC=C4)C4=C5)C5=N3)C6=C2N=CC=C6,2,10.1002/chem.201404922,1.0,A549,nucleus,24,7.40
C1(C2=[C-]C=CC=C2)=NC=CC=C1,C1(C2=[C-]C=CC=C2)=NC=CC=C1,C12=NC=CC=C1C3=C(N=C(C=C(C=CC=C4)C4=C5)C5=N3)C6=C2N=CC=C6,2,10.1002/chem.201404922,1.0,A549R,nucleus,24,6.60
C1(C2=[C-]C=CC=C2)=NC=CC=C1,C1(C2=[C-]C=CC=C2)=NC=CC=C1,C12=NC=CC=C1C3=C(N=C(C=C(C=CC=C4)C4=C5)C5=N3)C6=C2N=CC=C6,2,10.1002/chem.201404922,1.0,LO2,nucleus,24,18.30
C1(C2=[C-]C=CC=C2)=NC=CC=C1,C1(C2=[C-]C=CC=C2)=NC=CC=C1,C12=NC=CC=C1C3=C(N=C(C=C(C=CC=C4)C4=C5)C5=N3)C6=C2N=CC=C6,2,10.1002/chem.201404922,1.0,HeLa,nucleus,48,2.0
C1(C2=[C-]C=CC=C2)=NC=CC=C1,C1(C2=[C-]C=CC=C2)=NC=CC=C1,C12=NC=CC=C1C3=C(N=C(C=C(C=CC=C4)C4=C5)C5=N3)C6=C2N=CC=C6,2,10.1002/chem.201404922,1.0,MCF.7,nucleus,48,2.50
C1(C2=[C-]C=CC=C2)=NC=CC=C1,C1(C2=[C-]C=CC=C2)=NC=CC=C1,C12=NC=CC=C1C3=C(N=C(C=C(C=CC=C4)C4=C5)C5=N3)C6=C2N=CC=C6,2,10.1002/chem.201404922,1.0,HepG2,nucleus,48,1.200
C1(C2=[C-]C=CC=C2)=NC=CC=C1,C1(C2=[C-]C=CC=C2)=NC=CC=C1,C12=NC=CC=C1C3=C(N=C(C=C(C=CC=C4)C4=C5)C5=N3)C6=C2N=CC=C6,2,10.1002/chem.201404922,1.0,A549,nucleus,48,1.300
C1(C2=[C-]C=CC=C2)=NC=CC=C1,C1(C2=[C-]C=CC=C2)=NC=CC=C1,C12=NC=CC=C1C3=C(N=C(C=C(C=CC=C4)C4=C5)C5=N3)C6=C2N=CC=C6,2,10.1002/chem.201404922,1.0,A549R,nucleus,48,4.300
C1(C2=[C-]C=CC=C2)=NC=CC=C1,C1(C2=[C-]C=CC=C2)=NC=CC=C1,C12=NC=CC=C1C3=C(N=C(C=C(C=CC=C4)C4=C5)C5=N3)C6=C2N=CC=C6,2,10.1002/chem.201404922,1.0,LO2,nucleus,48,13.30
C1(C2=[C-]C=CC=C2)=NC=CC=C1,C1(C2=[C-]C=CC=C2)=NC=CC=C1,C12=NC=CC=C1C3=C(N=C(C=C(C=CC=C4)C4=C5)C5=N3)C6=C2N=CC=C6,2,10.1002/chem.201404922,1.0,HeLa,nucleus,72,0.8
C1(C2=[C-]C=CC=C2)=NC=CC=C1,C1(C2=[C-]C=CC=C2)=NC=CC=C1,C12=NC=CC=C1C3=C(N=C(C=C(C=CC=C4)C4=C5)C5=N3)C6=C2N=CC=C6,2,10.1002/chem.201404922,1.0,MCF.7,nucleus,72,1.50
C1(C2=[C-]C=CC=C2)=NC=CC=C1,C1(C2=[C-]C=CC=C2)=NC=CC=C1,C12=NC=CC=C1C3=C(N=C(C=C(C=CC=C4)C4=C5)C5=N3)C6=C2N=CC=C6,2,10.1002/chem.201404922,1.0,HepG2,nucleus,72,0.9
C1(C2=[C-]C=CC=C2)=NC=CC=C1,C1(C2=[C-]C=CC=C2)=NC=CC=C1,C12=NC=CC=C1C3=C(N=C(C=C(C=CC=C4)C4=C5)C5=N3)C6=C2N=CC=C6,2,10.1002/chem.201404922,1.0,A549,nucleus,72,0.9
C1(C2=[C-]C=CC=C2)=NC=CC=C1,C1(C2=[C-]C=CC=C2)=NC=CC=C1,C12=NC=CC=C1C3=C(N=C(C=C(C=CC=C4)C4=C5)C5=N3)C6=C2N=CC=C6,2,10.1002/chem.201404922,1.0,A549R,nucleus,72,1.70
C1(C2=[C-]C=CC=C2)=NC=CC=C1,C1(C2=[C-]C=CC=C2)=NC=CC=C1,C12=NC=CC=C1C3=C(N=C(C=C(C=CC=C4)C4=C5)C5=N3)C6=C2N=CC=C6,2,10.1002/chem.201404922,1.0,LO2,nucleus,72,9.200
C[N+](C)(C)CC1=CC(C2=CC(C[N+](C)(C)C)=CC=N2)=NC=C1,C[N+](C)(C)CC1=CC(C2=CC(C[N+](C)(C)C)=CC=N2)=NC=C1,C[N+](C)(C)CC1=CC(C2=CC(C[N+](C)(C)C)=CC=N2)=NC=C1,8,10.1002/ange.201507800,-3.54,HeLa,lysosom,48,470.00
CC[N+](CC)(CC)CC1=CC(C2=CC(C[N+](CC)(CC)CC)=CC=N2)=NC=C1,CC[N+](CC)(CC)CC1=CC(C2=CC(C[N+](CC)(CC)CC)=CC=N2)=NC=C1,CC[N+](CC)(CC)CC1=CC(C2=CC(C[N+](CC)(CC)CC)=CC=N2)=NC=C1,8,10.1002/ange.201507800,-3.05,HeLa,lysosom,48,425.00
CCCC[N+](CCCC)(CCCC)CC1=CC(C2=CC(C[N+](CCCC)(CCCC)CCCC)=CC=N2)=NC=C1,CCCC[N+](CCCC)(CCCC)CC1=CC(C2=CC(C[N+](CCCC)(CCCC)CCCC)=CC=N2)=NC=C1,CCCC[N+](CCCC)(CCCC)CC1=CC(C2=CC(C[N+](CCCC)(CCCC)CCCC)=CC=N2)=NC=C1,8,10.1002/ange.201507800,-1.55,HeLa,lysosom,48,301.00
C1(C2=NN=C(C3=C4C5=C6C=CC=C5C=CC4=CC=C3)C6=N2)=NC=CN=C1,C1(C2=CC=CC=N2)=NC=CC=C1,C1(C2=CC=CC=N2)=NC=CC=C1,2,10.1002/ange.202006089,-2.06,LO2,nucleus,48,>200
C1(C2=NN=C(C3=C4C5=C6C=CC=C5C=CC4=CC=C3)C6=N2)=NC=CN=C1,C1(C2=CC=CC=N2)=NC=CC=C1,C1(C2=CC=CC=N2)=NC=CC=C1,2,10.1002/ange.202006089,-2.06,BEAS.2B,nucleus,48,195.7
C1(C2=NN=C(C3=C4C5=C6C=CC=C5C=CC4=CC=C3)C6=N2)=NC=CN=C1,C1(C2=CC=CC=N2)=NC=CC=C1,C1(C2=CC=CC=N2)=NC=CC=C1,2,10.1002/ange.202006089,-2.06,A549,nucleus,48,130.3
C1(C2=NN=C(C3=C4C5=C6C=CC=C5C=CC4=CC=C3)C6=N2)=NC=CN=C1,C1(C2=CC=CC=N2)=NC=CC=C1,C1(C2=CC=CC=N2)=NC=CC=C1,2,10.1002/ange.202006089,-2.06,A549R,nucleus,48,180.1
C1(C2=NN=C(C3=C4C5=C6C=CC=C5C=CC4=CC=C3)C6=N2)=NC=CN=C1,C1(C2=CC=CC=N2)=NC=CC=C1,C1(C2=CC=CC=N2)=NC=CC=C1,2,10.1002/ange.202006089,-2.06,SGC-7901,nucleus,48,107.1
C1(C2=NN=C(C3=C4C5=C6C=CC=C5C=CC4=CC=C3)C6=N2)=NC=CN=C1,C1(C2=CC=CC=N2)=NC=CC=C1,C1(C2=CC=CC=N2)=NC=CC=C1,2,10.1002/ange.202006089,-2.06,SGC-7901.DDP,nucleus,48,164.4
C1(C2=NN=C(C3=C4C5=C6C=CC=C5C=CC4=CC=C3)C6=N2)=NC=CN=C1,C1(C2=CC=CC=N2)=NC=CC=C1,C1(C2=CC=CC=N2)=NC=CC=C1,2,10.1002/ange.202006089,-2.06,HeLa,nucleus,48,135.9
C1(C2=NN=C(C3=C4C5=C6C=CC=C5C=CC4=CC=C3)C6=N2)=NC=CN=C1,C1(C2=CC=CC=N2)=NC=CC=C1,C1(C2=CC=CC=N2)=NC=CC=C1,2,10.1002/ange.202006089,-2.06,HepG2,nucleus,48,>200
C1(C2=NN=C(C3=C4C5=C6C=CC=C5C=CC4=CC=C3)C6=N2)=NC=CN=C1,C1(C2=CC=CC=N2)=NC=CC=C1,C1(C2=CC=CC=N2)=NC=CC=C1,2,10.1002/ange.202006089,-2.06,BEL.7402,nucleus,48,>200
C1(C2=NN=C(C3=C4C5=C6C=CC=C5C=CC4=CC=C3)C6=N2)=NC=CN=C1,C1(C2=CC=CC=N2)=NC=CC=C1,C1(C2=CC=CC=N2)=NC=CC=C1,2,10.1002/ange.202006089,-2.06,LO2,cytoplasm,48,>200
C1(C2=NN=C(C3=C4C5=C6C=CC=C5C=CC4=CC=C3)C6=N2)=NC=CN=C1,C1(C2=CC=CC=N2)=NC=CC=C1,C1(C2=CC=CC=N2)=NC=CC=C1,2,10.1002/ange.202006089,-2.06,BEAS.2B,cytoplasm,48,195.7
C1(C2=NN=C(C3=C4C5=C6C=CC=C5C=CC4=CC=C3)C6=N2)=NC=CN=C1,C1(C2=CC=CC=N2)=NC=CC=C1,C1(C2=CC=CC=N2)=NC=CC=C1,2,10.1002/ange.202006089,-2.06,A549,cytoplasm,48,130.3
C1(C2=NN=C(C3=C4C5=C6C=CC=C5C=CC4=CC=C3)C6=N2)=NC=CN=C1,C1(C2=CC=CC=N2)=NC=CC=C1,C1(C2=CC=CC=N2)=NC=CC=C1,2,10.1002/ange.202006089,-2.06,A549R,cytoplasm,48,180.1
C1(C2=NN=C(C3=C4C5=C6C=CC=C5C=CC4=CC=C3)C6=N2)=NC=CN=C1,C1(C2=CC=CC=N2)=NC=CC=C1,C1(C2=CC=CC=N2)=NC=CC=C1,2,10.1002/ange.202006089,-2.06,SGC-7901,cytoplasm,48,107.1
C1(C2=NN=C(C3=C4C5=C6C=CC=C5C=CC4=CC=C3)C6=N2)=NC=CN=C1,C1(C2=CC=CC=N2)=NC=CC=C1,C1(C2=CC=CC=N2)=NC=CC=C1,2,10.1002/ange.202006089,-2.06,SGC-7901.DDP,cytoplasm,48,164.4
C1(C2=NN=C(C3=C4C5=C6C=CC=C5C=CC4=CC=C3)C6=N2)=NC=CN=C1,C1(C2=CC=CC=N2)=NC=CC=C1,C1(C2=CC=CC=N2)=NC=CC=C1,2,10.1002/ange.202006089,-2.06,HeLa,cytoplasm,48,135.9
C1(C2=NN=C(C3=C4C5=C6C=CC=C5C=CC4=CC=C3)C6=N2)=NC=CN=C1,C1(C2=CC=CC=N2)=NC=CC=C1,C1(C2=CC=CC=N2)=NC=CC=C1,2,10.1002/ange.202006089,-2.06,HepG2,cytoplasm,48,>200
C1(C2=NN=C(C3=C4C5=C6C=CC=C5C=CC4=CC=C3)C6=N2)=NC=CN=C1,C1(C2=CC=CC=N2)=NC=CC=C1,C1(C2=CC=CC=N2)=NC=CC=C1,2,10.1002/ange.202006089,-2.06,BEL.7402,cytoplasm,48,>200
C1(C2=NN=C(C3=C4C5=C6C=CC=C5C=CC4=CC=C3)C6=N2)=NC=CN=C1,C1(NC2=NC=CC=C2)=NC=CC=C1,C1(NC2=NC=CC=C2)=NC=CC=C1,2,10.1002/ange.202006089,-2.15,LO2,nucleus,48,192.5
C1(C2=NN=C(C3=C4C5=C6C=CC=C5C=CC4=CC=C3)C6=N2)=NC=CN=C1,C1(NC2=NC=CC=C2)=NC=CC=C1,C1(NC2=NC=CC=C2)=NC=CC=C1,2,10.1002/ange.202006089,-2.15,BEAS.2B,nucleus,48,139.6
C1(C2=NN=C(C3=C4C5=C6C=CC=C5C=CC4=CC=C3)C6=N2)=NC=CN=C1,C1(NC2=NC=CC=C2)=NC=CC=C1,C1(NC2=NC=CC=C2)=NC=CC=C1,2,10.1002/ange.202006089,-2.15,A549,nucleus,48,64.1
C1(C2=NN=C(C3=C4C5=C6C=CC=C5C=CC4=CC=C3)C6=N2)=NC=CN=C1,C1(NC2=NC=CC=C2)=NC=CC=C1,C1(NC2=NC=CC=C2)=NC=CC=C1,2,10.1002/ange.202006089,-2.15,A549R,nucleus,48,81.8
C1(C2=NN=C(C3=C4C5=C6C=CC=C5C=CC4=CC=C3)C6=N2)=NC=CN=C1,C1(NC2=NC=CC=C2)=NC=CC=C1,C1(NC2=NC=CC=C2)=NC=CC=C1,2,10.1002/ange.202006089,-2.15,SGC-7901,nucleus,48,69.9
C1(C2=NN=C(C3=C4C5=C6C=CC=C5C=CC4=CC=C3)C6=N2)=NC=CN=C1,C1(NC2=NC=CC=C2)=NC=CC=C1,C1(NC2=NC=CC=C2)=NC=CC=C1,2,10.1002/ange.202006089,-2.15,SGC-7901.DDP,nucleus,48,52.8
C1(C2=NN=C(C3=C4C5=C6C=CC=C5C=CC4=CC=C3)C6=N2)=NC=CN=C1,C1(NC2=NC=CC=C2)=NC=CC=C1,C1(NC2=NC=CC=C2)=NC=CC=C1,2,10.1002/ange.202006089,-2.15,HeLa,nucleus,48,80.9
C1(C2=NN=C(C3=C4C5=C6C=CC=C5C=CC4=CC=C3)C6=N2)=NC=CN=C1,C1(NC2=NC=CC=C2)=NC=CC=C1,C1(NC2=NC=CC=C2)=NC=CC=C1,2,10.1002/ange.202006089,-2.15,HepG2,nucleus,48,109.9
C1(C2=NN=C(C3=C4C5=C6C=CC=C5C=CC4=CC=C3)C6=N2)=NC=CN=C1,C1(NC2=NC=CC=C2)=NC=CC=C1,C1(NC2=NC=CC=C2)=NC=CC=C1,2,10.1002/ange.202006089,-2.15,BEL.7402,nucleus,48,191.8
C1(C2=NN=C(C3=C4C5=C6C=CC=C5C=CC4=CC=C3)C6=N2)=NC=CN=C1,C1(NC2=NC=CC=C2)=NC=CC=C1,C1(NC2=NC=CC=C2)=NC=CC=C1,2,10.1002/ange.202006089,-2.15,LO2,cytoplasm,48,192.5
C1(C2=NN=C(C3=C4C5=C6C=CC=C5C=CC4=CC=C3)C6=N2)=NC=CN=C1,C1(NC2=NC=CC=C2)=NC=CC=C1,C1(NC2=NC=CC=C2)=NC=CC=C1,2,10.1002/ange.202006089,-2.15,BEAS.2B,cytoplasm,48,139.6
C1(C2=NN=C(C3=C4C5=C6C=CC=C5C=CC4=CC=C3)C6=N2)=NC=CN=C1,C1(NC2=NC=CC=C2)=NC=CC=C1,C1(NC2=NC=CC=C2)=NC=CC=C1,2,10.1002/ange.202006089,-2.15,A549,cytoplasm,48,64.1
C1(C2=NN=C(C3=C4C5=C6C=CC=C5C=CC4=CC=C3)C6=N2)=NC=CN=C1,C1(NC2=NC=CC=C2)=NC=CC=C1,C1(NC2=NC=CC=C2)=NC=CC=C1,2,10.1002/ange.202006089,-2.15,A549R,cytoplasm,48,81.8
C1(C2=NN=C(C3=C4C5=C6C=CC=C5C=CC4=CC=C3)C6=N2)=NC=CN=C1,C1(NC2=NC=CC=C2)=NC=CC=C1,C1(NC2=NC=CC=C2)=NC=CC=C1,2,10.1002/ange.202006089,-2.15,SGC-7901,cytoplasm,48,69.9
C1(C2=NN=C(C3=C4C5=C6C=CC=C5C=CC4=CC=C3)C6=N2)=NC=CN=C1,C1(NC2=NC=CC=C2)=NC=CC=C1,C1(NC2=NC=CC=C2)=NC=CC=C1,2,10.1002/ange.202006089,-2.15,SGC-7901.DDP,cytoplasm,48,52.8
C1(C2=NN=C(C3=C4C5=C6C=CC=C5C=CC4=CC=C3)C6=N2)=NC=CN=C1,C1(NC2=NC=CC=C2)=NC=CC=C1,C1(NC2=NC=CC=C2)=NC=CC=C1,2,10.1002/ange.202006089,-2.15,HeLa,cytoplasm,48,80.9
C1(C2=NN=C(C3=C4C5=C6C=CC=C5C=CC4=CC=C3)C6=N2)=NC=CN=C1,C1(NC2=NC=CC=C2)=NC=CC=C1,C1(NC2=NC=CC=C2)=NC=CC=C1,2,10.1002/ange.202006089,-2.15,HepG2,cytoplasm,48,109.9
C1(C2=NN=C(C3=C4C5=C6C=CC=C5C=CC4=CC=C3)C6=N2)=NC=CN=C1,C1(NC2=NC=CC=C2)=NC=CC=C1,C1(NC2=NC=CC=C2)=NC=CC=C1,2,10.1002/ange.202006089,-2.15,BEL.7402,cytoplasm,48,191.8
C1(C2=NN=C(C3=C4C5=C6C=CC=C5C=CC4=CC=C3)C6=N2)=NC=CN=C1,CC1=CC(C2=NC=CC(C)=C2)=NC=C1,CC1=CC(C2=NC=CC(C)=C2)=NC=C1,2,10.1002/ange.202006089,-0.8,LO2,nucleus,48,>200
C1(C2=NN=C(C3=C4C5=C6C=CC=C5C=CC4=CC=C3)C6=N2)=NC=CN=C1,CC1=CC(C2=NC=CC(C)=C2)=NC=C1,CC1=CC(C2=NC=CC(C)=C2)=NC=C1,2,10.1002/ange.202006089,-0.8,BEAS.2B,nucleus,48,172.4
C1(C2=NN=C(C3=C4C5=C6C=CC=C5C=CC4=CC=C3)C6=N2)=NC=CN=C1,CC1=CC(C2=NC=CC(C)=C2)=NC=C1,CC1=CC(C2=NC=CC(C)=C2)=NC=C1,2,10.1002/ange.202006089,-0.8,A549,nucleus,48,119.6
C1(C2=NN=C(C3=C4C5=C6C=CC=C5C=CC4=CC=C3)C6=N2)=NC=CN=C1,CC1=CC(C2=NC=CC(C)=C2)=NC=C1,CC1=CC(C2=NC=CC(C)=C2)=NC=C1,2,10.1002/ange.202006089,-0.8,A549R,nucleus,48,173.1
C1(C2=NN=C(C3=C4C5=C6C=CC=C5C=CC4=CC=C3)C6=N2)=NC=CN=C1,CC1=CC(C2=NC=CC(C)=C2)=NC=C1,CC1=CC(C2=NC=CC(C)=C2)=NC=C1,2,10.1002/ange.202006089,-0.8,SGC-7901,nucleus,48,104.4
C1(C2=NN=C(C3=C4C5=C6C=CC=C5C=CC4=CC=C3)C6=N2)=NC=CN=C1,CC1=CC(C2=NC=CC(C)=C2)=NC=C1,CC1=CC(C2=NC=CC(C)=C2)=NC=C1,2,10.1002/ange.202006089,-0.8,SGC-7901.DDP,nucleus,48,121.0
C1(C2=NN=C(C3=C4C5=C6C=CC=C5C=CC4=CC=C3)C6=N2)=NC=CN=C1,CC1=CC(C2=NC=CC(C)=C2)=NC=C1,CC1=CC(C2=NC=CC(C)=C2)=NC=C1,2,10.1002/ange.202006089,-0.8,HeLa,nucleus,48,124.8
C1(C2=NN=C(C3=C4C5=C6C=CC=C5C=CC4=CC=C3)C6=N2)=NC=CN=C1,CC1=CC(C2=NC=CC(C)=C2)=NC=C1,CC1=CC(C2=NC=CC(C)=C2)=NC=C1,2,10.1002/ange.202006089,-0.8,HepG2,nucleus,48,121.2
C1(C2=NN=C(C3=C4C5=C6C=CC=C5C=CC4=CC=C3)C6=N2)=NC=CN=C1,CC1=CC(C2=NC=CC(C)=C2)=NC=C1,CC1=CC(C2=NC=CC(C)=C2)=NC=C1,2,10.1002/ange.202006089,-0.8,BEL.7402,nucleus,48,>200
C1(C2=NN=C(C3=C4C5=C6C=CC=C5C=CC4=CC=C3)C6=N2)=NC=CN=C1,CC1=CC(C2=NC=CC(C)=C2)=NC=C1,CC1=CC(C2=NC=CC(C)=C2)=NC=C1,2,10.1002/ange.202006089,-0.8,LO2,cytoplasm,48,>200
C1(C2=NN=C(C3=C4C5=C6C=CC=C5C=CC4=CC=C3)C6=N2)=NC=CN=C1,CC1=CC(C2=NC=CC(C)=C2)=NC=C1,CC1=CC(C2=NC=CC(C)=C2)=NC=C1,2,10.1002/ange.202006089,-0.8,BEAS.2B,cytoplasm,48,172.4
C1(C2=NN=C(C3=C4C5=C6C=CC=C5C=CC4=CC=C3)C6=N2)=NC=CN=C1,CC1=CC(C2=NC=CC(C)=C2)=NC=C1,CC1=CC(C2=NC=CC(C)=C2)=NC=C1,2,10.1002/ange.202006089,-0.8,A549,cytoplasm,48,119.6
C1(C2=NN=C(C3=C4C5=C6C=CC=C5C=CC4=CC=C3)C6=N2)=NC=CN=C1,CC1=CC(C2=NC=CC(C)=C2)=NC=C1,CC1=CC(C2=NC=CC(C)=C2)=NC=C1,2,10.1002/ange.202006089,-0.8,A549R,cytoplasm,48,173.1
C1(C2=NN=C(C3=C4C5=C6C=CC=C5C=CC4=CC=C3)C6=N2)=NC=CN=C1,CC1=CC(C2=NC=CC(C)=C2)=NC=C1,CC1=CC(C2=NC=CC(C)=C2)=NC=C1,2,10.1002/ange.202006089,-0.8,SGC-7901,cytoplasm,48,104.4
C1(C2=NN=C(C3=C4C5=C6C=CC=C5C=CC4=CC=C3)C6=N2)=NC=CN=C1,CC1=CC(C2=NC=CC(C)=C2)=NC=C1,CC1=CC(C2=NC=CC(C)=C2)=NC=C1,2,10.1002/ange.202006089,-0.8,SGC-7901.DDP,cytoplasm,48,121.0
C1(C2=NN=C(C3=C4C5=C6C=CC=C5C=CC4=CC=C3)C6=N2)=NC=CN=C1,CC1=CC(C2=NC=CC(C)=C2)=NC=C1,CC1=CC(C2=NC=CC(C)=C2)=NC=C1,2,10.1002/ange.202006089,-0.8,HeLa,cytoplasm,48,124.8
C1(C2=NN=C(C3=C4C5=C6C=CC=C5C=CC4=CC=C3)C6=N2)=NC=CN=C1,CC1=CC(C2=NC=CC(C)=C2)=NC=C1,CC1=CC(C2=NC=CC(C)=C2)=NC=C1,2,10.1002/ange.202006089,-0.8,HepG2,cytoplasm,48,121.2
C1(C2=NN=C(C3=C4C5=C6C=CC=C5C=CC4=CC=C3)C6=N2)=NC=CN=C1,CC1=CC(C2=NC=CC(C)=C2)=NC=C1,CC1=CC(C2=NC=CC(C)=C2)=NC=C1,2,10.1002/ange.202006089,-0.8,BEL.7402,cytoplasm,48,>200
C1(C2=NN=C(C3=C4C5=C6C=CC=C5C=CC4=CC=C3)C6=N2)=NC=CN=C1,C1(C2=NC=CC=C2C=C3)=C3C=CC=N1,C1(C2=NC=CC=C2C=C3)=C3C=CC=N1,2,10.1002/ange.202006089,-0.62,LO2,nucleus,48,185.3
C1(C2=NN=C(C3=C4C5=C6C=CC=C5C=CC4=CC=C3)C6=N2)=NC=CN=C1,C1(C2=NC=CC=C2C=C3)=C3C=CC=N1,C1(C2=NC=CC=C2C=C3)=C3C=CC=N1,2,10.1002/ange.202006089,-0.62,BEAS.2B,nucleus,48,159.0
C1(C2=NN=C(C3=C4C5=C6C=CC=C5C=CC4=CC=C3)C6=N2)=NC=CN=C1,C1(C2=NC=CC=C2C=C3)=C3C=CC=N1,C1(C2=NC=CC=C2C=C3)=C3C=CC=N1,2,10.1002/ange.202006089,-0.62,A549,nucleus,48,65.3
C1(C2=NN=C(C3=C4C5=C6C=CC=C5C=CC4=CC=C3)C6=N2)=NC=CN=C1,C1(C2=NC=CC=C2C=C3)=C3C=CC=N1,C1(C2=NC=CC=C2C=C3)=C3C=CC=N1,2,10.1002/ange.202006089,-0.62,A549R,nucleus,48,155.3
C1(C2=NN=C(C3=C4C5=C6C=CC=C5C=CC4=CC=C3)C6=N2)=NC=CN=C1,C1(C2=NC=CC=C2C=C3)=C3C=CC=N1,C1(C2=NC=CC=C2C=C3)=C3C=CC=N1,2,10.1002/ange.202006089,-0.62,SGC-7901,nucleus,48,71.2
C1(C2=NN=C(C3=C4C5=C6C=CC=C5C=CC4=CC=C3)C6=N2)=NC=CN=C1,C1(C2=NC=CC=C2C=C3)=C3C=CC=N1,C1(C2=NC=CC=C2C=C3)=C3C=CC=N1,2,10.1002/ange.202006089,-0.62,SGC-7901.DDP,nucleus,48,81.0
C1(C2=NN=C(C3=C4C5=C6C=CC=C5C=CC4=CC=C3)C6=N2)=NC=CN=C1,C1(C2=NC=CC=C2C=C3)=C3C=CC=N1,C1(C2=NC=CC=C2C=C3)=C3C=CC=N1,2,10.1002/ange.202006089,-0.62,HeLa,nucleus,48,164.4
C1(C2=NN=C(C3=C4C5=C6C=CC=C5C=CC4=CC=C3)C6=N2)=NC=CN=C1,C1(C2=NC=CC=C2C=C3)=C3C=CC=N1,C1(C2=NC=CC=C2C=C3)=C3C=CC=N1,2,10.1002/ange.202006089,-0.62,HepG2,nucleus,48,>200
C1(C2=NN=C(C3=C4C5=C6C=CC=C5C=CC4=CC=C3)C6=N2)=NC=CN=C1,C1(C2=NC=CC=C2C=C3)=C3C=CC=N1,C1(C2=NC=CC=C2C=C3)=C3C=CC=N1,2,10.1002/ange.202006089,-0.62,BEL.7402,nucleus,48,>200
C1(C2=NN=C(C3=C4C5=C6C=CC=C5C=CC4=CC=C3)C6=N2)=NC=CN=C1,C1(C2=NC=CC=C2C=C3)=C3C=CC=N1,C1(C2=NC=CC=C2C=C3)=C3C=CC=N1,2,10.1002/ange.202006089,-0.62,LO2,cytoplasm,48,185.3
C1(C2=NN=C(C3=C4C5=C6C=CC=C5C=CC4=CC=C3)C6=N2)=NC=CN=C1,C1(C2=NC=CC=C2C=C3)=C3C=CC=N1,C1(C2=NC=CC=C2C=C3)=C3C=CC=N1,2,10.1002/ange.202006089,-0.62,BEAS.2B,cytoplasm,48,159.0
C1(C2=NN=C(C3=C4C5=C6C=CC=C5C=CC4=CC=C3)C6=N2)=NC=CN=C1,C1(C2=NC=CC=C2C=C3)=C3C=CC=N1,C1(C2=NC=CC=C2C=C3)=C3C=CC=N1,2,10.1002/ange.202006089,-0.62,A549,cytoplasm,48,65.3
C1(C2=NN=C(C3=C4C5=C6C=CC=C5C=CC4=CC=C3)C6=N2)=NC=CN=C1,C1(C2=NC=CC=C2C=C3)=C3C=CC=N1,C1(C2=NC=CC=C2C=C3)=C3C=CC=N1,2,10.1002/ange.202006089,-0.62,A549R,cytoplasm,48,155.3
C1(C2=NN=C(C3=C4C5=C6C=CC=C5C=CC4=CC=C3)C6=N2)=NC=CN=C1,C1(C2=NC=CC=C2C=C3)=C3C=CC=N1,C1(C2=NC=CC=C2C=C3)=C3C=CC=N1,2,10.1002/ange.202006089,-0.62,SGC-7901,cytoplasm,48,71.2
C1(C2=NN=C(C3=C4C5=C6C=CC=C5C=CC4=CC=C3)C6=N2)=NC=CN=C1,C1(C2=NC=CC=C2C=C3)=C3C=CC=N1,C1(C2=NC=CC=C2C=C3)=C3C=CC=N1,2,10.1002/ange.202006089,-0.62,SGC-7901.DDP,cytoplasm,48,81.0
C1(C2=NN=C(C3=C4C5=C6C=CC=C5C=CC4=CC=C3)C6=N2)=NC=CN=C1,C1(C2=NC=CC=C2C=C3)=C3C=CC=N1,C1(C2=NC=CC=C2C=C3)=C3C=CC=N1,2,10.1002/ange.202006089,-0.62,HeLa,cytoplasm,48,164.4
C1(C2=NN=C(C3=C4C5=C6C=CC=C5C=CC4=CC=C3)C6=N2)=NC=CN=C1,C1(C2=NC=CC=C2C=C3)=C3C=CC=N1,C1(C2=NC=CC=C2C=C3)=C3C=CC=N1,2,10.1002/ange.202006089,-0.62,HepG2,cytoplasm,48,>200
C1(C2=NN=C(C3=C4C5=C6C=CC=C5C=CC4=CC=C3)C6=N2)=NC=CN=C1,C1(C2=NC=CC=C2C=C3)=C3C=CC=N1,C1(C2=NC=CC=C2C=C3)=C3C=CC=N1,2,10.1002/ange.202006089,-0.62,BEL.7402,cytoplasm,48,>200
C1(C2=NN=C(C3=C4C5=C6C=CC=C5C=CC4=CC=C3)C6=N2)=NC=CN=C1,CC1=C2C(C3=NC=CC(C)=C3C=C2)=NC=C1,CC1=C2C(C3=NC=CC(C)=C3C=C2)=NC=C1,2,10.1002/ange.202006089,-0.22,LO2,nucleus,48,156.9
C1(C2=NN=C(C3=C4C5=C6C=CC=C5C=CC4=CC=C3)C6=N2)=NC=CN=C1,CC1=C2C(C3=NC=CC(C)=C3C=C2)=NC=C1,CC1=C2C(C3=NC=CC(C)=C3C=C2)=NC=C1,2,10.1002/ange.202006089,-0.22,BEAS.2B,nucleus,48,164.0
C1(C2=NN=C(C3=C4C5=C6C=CC=C5C=CC4=CC=C3)C6=N2)=NC=CN=C1,CC1=C2C(C3=NC=CC(C)=C3C=C2)=NC=C1,CC1=C2C(C3=NC=CC(C)=C3C=C2)=NC=C1,2,10.1002/ange.202006089,-0.22,A549,nucleus,48,55.5
C1(C2=NN=C(C3=C4C5=C6C=CC=C5C=CC4=CC=C3)C6=N2)=NC=CN=C1,CC1=C2C(C3=NC=CC(C)=C3C=C2)=NC=C1,CC1=C2C(C3=NC=CC(C)=C3C=C2)=NC=C1,2,10.1002/ange.202006089,-0.22,A549R,nucleus,48,125.5
C1(C2=NN=C(C3=C4C5=C6C=CC=C5C=CC4=CC=C3)C6=N2)=NC=CN=C1,CC1=C2C(C3=NC=CC(C)=C3C=C2)=NC=C1,CC1=C2C(C3=NC=CC(C)=C3C=C2)=NC=C1,2,10.1002/ange.202006089,-0.22,SGC-7901,nucleus,48,70.6
C1(C2=NN=C(C3=C4C5=C6C=CC=C5C=CC4=CC=C3)C6=N2)=NC=CN=C1,CC1=C2C(C3=NC=CC(C)=C3C=C2)=NC=C1,CC1=C2C(C3=NC=CC(C)=C3C=C2)=NC=C1,2,10.1002/ange.202006089,-0.22,SGC-7901.DDP,nucleus,48,44.6
C1(C2=NN=C(C3=C4C5=C6C=CC=C5C=CC4=CC=C3)C6=N2)=NC=CN=C1,CC1=C2C(C3=NC=CC(C)=C3C=C2)=NC=C1,CC1=C2C(C3=NC=CC(C)=C3C=C2)=NC=C1,2,10.1002/ange.202006089,-0.22,HeLa,nucleus,48,58.3
C1(C2=NN=C(C3=C4C5=C6C=CC=C5C=CC4=CC=C3)C6=N2)=NC=CN=C1,CC1=C2C(C3=NC=CC(C)=C3C=C2)=NC=C1,CC1=C2C(C3=NC=CC(C)=C3C=C2)=NC=C1,2,10.1002/ange.202006089,-0.22,HepG2,nucleus,48,89.1
C1(C2=NN=C(C3=C4C5=C6C=CC=C5C=CC4=CC=C3)C6=N2)=NC=CN=C1,CC1=C2C(C3=NC=CC(C)=C3C=C2)=NC=C1,CC1=C2C(C3=NC=CC(C)=C3C=C2)=NC=C1,2,10.1002/ange.202006089,-0.22,BEL.7402,nucleus,48,130.6
C1(C2=NN=C(C3=C4C5=C6C=CC=C5C=CC4=CC=C3)C6=N2)=NC=CN=C1,CC1=C2C(C3=NC=CC(C)=C3C=C2)=NC=C1,CC1=C2C(C3=NC=CC(C)=C3C=C2)=NC=C1,2,10.1002/ange.202006089,-0.22,LO2,cytoplasm,48,156.9
C1(C2=NN=C(C3=C4C5=C6C=CC=C5C=CC4=CC=C3)C6=N2)=NC=CN=C1,CC1=C2C(C3=NC=CC(C)=C3C=C2)=NC=C1,CC1=C2C(C3=NC=CC(C)=C3C=C2)=NC=C1,2,10.1002/ange.202006089,-0.22,BEAS.2B,cytoplasm,48,164.0
C1(C2=NN=C(C3=C4C5=C6C=CC=C5C=CC4=CC=C3)C6=N2)=NC=CN=C1,CC1=C2C(C3=NC=CC(C)=C3C=C2)=NC=C1,CC1=C2C(C3=NC=CC(C)=C3C=C2)=NC=C1,2,10.1002/ange.202006089,-0.22,A549,cytoplasm,48,55.5
C1(C2=NN=C(C3=C4C5=C6C=CC=C5C=CC4=CC=C3)C6=N2)=NC=CN=C1,CC1=C2C(C3=NC=CC(C)=C3C=C2)=NC=C1,CC1=C2C(C3=NC=CC(C)=C3C=C2)=NC=C1,2,10.1002/ange.202006089,-0.22,A549R,cytoplasm,48,125.5
C1(C2=NN=C(C3=C4C5=C6C=CC=C5C=CC4=CC=C3)C6=N2)=NC=CN=C1,CC1=C2C(C3=NC=CC(C)=C3C=C2)=NC=C1,CC1=C2C(C3=NC=CC(C)=C3C=C2)=NC=C1,2,10.1002/ange.202006089,-0.22,SGC-7901,cytoplasm,48,70.6
C1(C2=NN=C(C3=C4C5=C6C=CC=C5C=CC4=CC=C3)C6=N2)=NC=CN=C1,CC1=C2C(C3=NC=CC(C)=C3C=C2)=NC=C1,CC1=C2C(C3=NC=CC(C)=C3C=C2)=NC=C1,2,10.1002/ange.202006089,-0.22,SGC-7901.DDP,cytoplasm,48,44.6
C1(C2=NN=C(C3=C4C5=C6C=CC=C5C=CC4=CC=C3)C6=N2)=NC=CN=C1,CC1=C2C(C3=NC=CC(C)=C3C=C2)=NC=C1,CC1=C2C(C3=NC=CC(C)=C3C=C2)=NC=C1,2,10.1002/ange.202006089,-0.22,HeLa,cytoplasm,48,58.3
C1(C2=NN=C(C3=C4C5=C6C=CC=C5C=CC4=CC=C3)C6=N2)=NC=CN=C1,CC1=C2C(C3=NC=CC(C)=C3C=C2)=NC=C1,CC1=C2C(C3=NC=CC(C)=C3C=C2)=NC=C1,2,10.1002/ange.202006089,-0.22,HepG2,cytoplasm,48,89.1
C1(C2=NN=C(C3=C4C5=C6C=CC=C5C=CC4=CC=C3)C6=N2)=NC=CN=C1,CC1=C2C(C3=NC=CC(C)=C3C=C2)=NC=C1,CC1=C2C(C3=NC=CC(C)=C3C=C2)=NC=C1,2,10.1002/ange.202006089,-0.22,BEL.7402,cytoplasm,48,130.6
C1(C2=NN=C(C3=C4C5=C6C=CC=C5C=CC4=CC=C3)C6=N2)=NC=CN=C1,C12=NC=CC(C3=CC=CC=C3)=C1C=CC4=C(C5=CC=CC=C5)C=CN=C24,C12=NC=CC(C3=CC=CC=C3)=C1C=CC4=C(C5=CC=CC=C5)C=CN=C24,2,10.1002/ange.202006089,0.43,LO2,nucleus,48,42.1
C1(C2=NN=C(C3=C4C5=C6C=CC=C5C=CC4=CC=C3)C6=N2)=NC=CN=C1,C12=NC=CC(C3=CC=CC=C3)=C1C=CC4=C(C5=CC=CC=C5)C=CN=C24,C12=NC=CC(C3=CC=CC=C3)=C1C=CC4=C(C5=CC=CC=C5)C=CN=C24,2,10.1002/ange.202006089,0.43,BEAS.2B,nucleus,48,53.2
C1(C2=NN=C(C3=C4C5=C6C=CC=C5C=CC4=CC=C3)C6=N2)=NC=CN=C1,C12=NC=CC(C3=CC=CC=C3)=C1C=CC4=C(C5=CC=CC=C5)C=CN=C24,C12=NC=CC(C3=CC=CC=C3)=C1C=CC4=C(C5=CC=CC=C5)C=CN=C24,2,10.1002/ange.202006089,0.43,A549,nucleus,48,36.8
C1(C2=NN=C(C3=C4C5=C6C=CC=C5C=CC4=CC=C3)C6=N2)=NC=CN=C1,C12=NC=CC(C3=CC=CC=C3)=C1C=CC4=C(C5=CC=CC=C5)C=CN=C24,C12=NC=CC(C3=CC=CC=C3)=C1C=CC4=C(C5=CC=CC=C5)C=CN=C24,2,10.1002/ange.202006089,0.43,A549R,nucleus,48,28.40
C1(C2=NN=C(C3=C4C5=C6C=CC=C5C=CC4=CC=C3)C6=N2)=NC=CN=C1,C12=NC=CC(C3=CC=CC=C3)=C1C=CC4=C(C5=CC=CC=C5)C=CN=C24,C12=NC=CC(C3=CC=CC=C3)=C1C=CC4=C(C5=CC=CC=C5)C=CN=C24,2,10.1002/ange.202006089,0.43,SGC-7901,nucleus,48,27.30
C1(C2=NN=C(C3=C4C5=C6C=CC=C5C=CC4=CC=C3)C6=N2)=NC=CN=C1,C12=NC=CC(C3=CC=CC=C3)=C1C=CC4=C(C5=CC=CC=C5)C=CN=C24,C12=NC=CC(C3=CC=CC=C3)=C1C=CC4=C(C5=CC=CC=C5)C=CN=C24,2,10.1002/ange.202006089,0.43,SGC-7901.DDP,nucleus,48,19.80
C1(C2=NN=C(C3=C4C5=C6C=CC=C5C=CC4=CC=C3)C6=N2)=NC=CN=C1,C12=NC=CC(C3=CC=CC=C3)=C1C=CC4=C(C5=CC=CC=C5)C=CN=C24,C12=NC=CC(C3=CC=CC=C3)=C1C=CC4=C(C5=CC=CC=C5)C=CN=C24,2,10.1002/ange.202006089,0.43,HeLa,nucleus,48,21.20
C1(C2=NN=C(C3=C4C5=C6C=CC=C5C=CC4=CC=C3)C6=N2)=NC=CN=C1,C12=NC=CC(C3=CC=CC=C3)=C1C=CC4=C(C5=CC=CC=C5)C=CN=C24,C12=NC=CC(C3=CC=CC=C3)=C1C=CC4=C(C5=CC=CC=C5)C=CN=C24,2,10.1002/ange.202006089,0.43,HepG2,nucleus,48,13.90
C1(C2=NN=C(C3=C4C5=C6C=CC=C5C=CC4=CC=C3)C6=N2)=NC=CN=C1,C12=NC=CC(C3=CC=CC=C3)=C1C=CC4=C(C5=CC=CC=C5)C=CN=C24,C12=NC=CC(C3=CC=CC=C3)=C1C=CC4=C(C5=CC=CC=C5)C=CN=C24,2,10.1002/ange.202006089,0.43,BEL.7402,nucleus,48,19.30
C1(C2=NN=C(C3=C4C5=C6C=CC=C5C=CC4=CC=C3)C6=N2)=NC=CN=C1,C12=NC=CC(C3=CC=CC=C3)=C1C=CC4=C(C5=CC=CC=C5)C=CN=C24,C12=NC=CC(C3=CC=CC=C3)=C1C=CC4=C(C5=CC=CC=C5)C=CN=C24,2,10.1002/ange.202006089,0.43,LO2,cytoplasm,48,42.1
C1(C2=NN=C(C3=C4C5=C6C=CC=C5C=CC4=CC=C3)C6=N2)=NC=CN=C1,C12=NC=CC(C3=CC=CC=C3)=C1C=CC4=C(C5=CC=CC=C5)C=CN=C24,C12=NC=CC(C3=CC=CC=C3)=C1C=CC4=C(C5=CC=CC=C5)C=CN=C24,2,10.1002/ange.202006089,0.43,BEAS.2B,cytoplasm,48,53.2
C1(C2=NN=C(C3=C4C5=C6C=CC=C5C=CC4=CC=C3)C6=N2)=NC=CN=C1,C12=NC=CC(C3=CC=CC=C3)=C1C=CC4=C(C5=CC=CC=C5)C=CN=C24,C12=NC=CC(C3=CC=CC=C3)=C1C=CC4=C(C5=CC=CC=C5)C=CN=C24,2,10.1002/ange.202006089,0.43,A549,cytoplasm,48,36.8
C1(C2=NN=C(C3=C4C5=C6C=CC=C5C=CC4=CC=C3)C6=N2)=NC=CN=C1,C12=NC=CC(C3=CC=CC=C3)=C1C=CC4=C(C5=CC=CC=C5)C=CN=C24,C12=NC=CC(C3=CC=CC=C3)=C1C=CC4=C(C5=CC=CC=C5)C=CN=C24,2,10.1002/ange.202006089,0.43,A549R,cytoplasm,48,28.40
C1(C2=NN=C(C3=C4C5=C6C=CC=C5C=CC4=CC=C3)C6=N2)=NC=CN=C1,C12=NC=CC(C3=CC=CC=C3)=C1C=CC4=C(C5=CC=CC=C5)C=CN=C24,C12=NC=CC(C3=CC=CC=C3)=C1C=CC4=C(C5=CC=CC=C5)C=CN=C24,2,10.1002/ange.202006089,0.43,SGC-7901,cytoplasm,48,27.30
C1(C2=NN=C(C3=C4C5=C6C=CC=C5C=CC4=CC=C3)C6=N2)=NC=CN=C1,C12=NC=CC(C3=CC=CC=C3)=C1C=CC4=C(C5=CC=CC=C5)C=CN=C24,C12=NC=CC(C3=CC=CC=C3)=C1C=CC4=C(C5=CC=CC=C5)C=CN=C24,2,10.1002/ange.202006089,0.43,SGC-7901.DDP,cytoplasm,48,19.80
C1(C2=NN=C(C3=C4C5=C6C=CC=C5C=CC4=CC=C3)C6=N2)=NC=CN=C1,C12=NC=CC(C3=CC=CC=C3)=C1C=CC4=C(C5=CC=CC=C5)C=CN=C24,C12=NC=CC(C3=CC=CC=C3)=C1C=CC4=C(C5=CC=CC=C5)C=CN=C24,2,10.1002/ange.202006089,0.43,HeLa,cytoplasm,48,21.20
C1(C2=NN=C(C3=C4C5=C6C=CC=C5C=CC4=CC=C3)C6=N2)=NC=CN=C1,C12=NC=CC(C3=CC=CC=C3)=C1C=CC4=C(C5=CC=CC=C5)C=CN=C24,C12=NC=CC(C3=CC=CC=C3)=C1C=CC4=C(C5=CC=CC=C5)C=CN=C24,2,10.1002/ange.202006089,0.43,HepG2,cytoplasm,48,13.90
C1(C2=NN=C(C3=C4C5=C6C=CC=C5C=CC4=CC=C3)C6=N2)=NC=CN=C1,C12=NC=CC(C3=CC=CC=C3)=C1C=CC4=C(C5=CC=CC=C5)C=CN=C24,C12=NC=CC(C3=CC=CC=C3)=C1C=CC4=C(C5=CC=CC=C5)C=CN=C24,2,10.1002/ange.202006089,0.43,BEL.7402,cytoplasm,48,19.30
C1(C2=NN=C(C3=C4C5=C6C=CC=C5C=CC4=CC=C3)C6=N2)=NC=CN=C1,C1(C2=CC=CC=N2)=NC=CC=C1,C1(C2=NC=CC=C2)=[C-]C=CC=C1,1,10.1002/ange.202006089,0.9,LO2,nucleus,48,18.60
C1(C2=NN=C(C3=C4C5=C6C=CC=C5C=CC4=CC=C3)C6=N2)=NC=CN=C1,C1(C2=CC=CC=N2)=NC=CC=C1,C1(C2=NC=CC=C2)=[C-]C=CC=C1,1,10.1002/ange.202006089,0.9,BEAS.2B,nucleus,48,18.0
C1(C2=NN=C(C3=C4C5=C6C=CC=C5C=CC4=CC=C3)C6=N2)=NC=CN=C1,C1(C2=CC=CC=N2)=NC=CC=C1,C1(C2=NC=CC=C2)=[C-]C=CC=C1,1,10.1002/ange.202006089,0.9,A549,nucleus,48,3.0
C1(C2=NN=C(C3=C4C5=C6C=CC=C5C=CC4=CC=C3)C6=N2)=NC=CN=C1,C1(C2=CC=CC=N2)=NC=CC=C1,C1(C2=NC=CC=C2)=[C-]C=CC=C1,1,10.1002/ange.202006089,0.9,A549R,nucleus,48,2.200
C1(C2=NN=C(C3=C4C5=C6C=CC=C5C=CC4=CC=C3)C6=N2)=NC=CN=C1,C1(C2=CC=CC=N2)=NC=CC=C1,C1(C2=NC=CC=C2)=[C-]C=CC=C1,1,10.1002/ange.202006089,0.9,SGC-7901,nucleus,48,2.50
C1(C2=NN=C(C3=C4C5=C6C=CC=C5C=CC4=CC=C3)C6=N2)=NC=CN=C1,C1(C2=CC=CC=N2)=NC=CC=C1,C1(C2=NC=CC=C2)=[C-]C=CC=C1,1,10.1002/ange.202006089,0.9,SGC-7901.DDP,nucleus,48,2.80
C1(C2=NN=C(C3=C4C5=C6C=CC=C5C=CC4=CC=C3)C6=N2)=NC=CN=C1,C1(C2=CC=CC=N2)=NC=CC=C1,C1(C2=NC=CC=C2)=[C-]C=CC=C1,1,10.1002/ange.202006089,0.9,HeLa,nucleus,48,2.30
C1(C2=NN=C(C3=C4C5=C6C=CC=C5C=CC4=CC=C3)C6=N2)=NC=CN=C1,C1(C2=CC=CC=N2)=NC=CC=C1,C1(C2=NC=CC=C2)=[C-]C=CC=C1,1,10.1002/ange.202006089,0.9,HepG2,nucleus,48,6.70
C1(C2=NN=C(C3=C4C5=C6C=CC=C5C=CC4=CC=C3)C6=N2)=NC=CN=C1,C1(C2=CC=CC=N2)=NC=CC=C1,C1(C2=NC=CC=C2)=[C-]C=CC=C1,1,10.1002/ange.202006089,0.9,BEL.7402,nucleus,48,9.50
C1(C2=NN=C(C3=C4C5=C6C=CC=C5C=CC4=CC=C3)C6=N2)=NC=CN=C1,C1(C2=CC=CC=N2)=NC=CC=C1,C1(C2=NC=CC=C2)=[C-]C=CC=C1,1,10.1002/ange.202006089,0.9,LO2,cytoplasm,48,18.60
C1(C2=NN=C(C3=C4C5=C6C=CC=C5C=CC4=CC=C3)C6=N2)=NC=CN=C1,C1(C2=CC=CC=N2)=NC=CC=C1,C1(C2=NC=CC=C2)=[C-]C=CC=C1,1,10.1002/ange.202006089,0.9,BEAS.2B,cytoplasm,48,18.0
C1(C2=NN=C(C3=C4C5=C6C=CC=C5C=CC4=CC=C3)C6=N2)=NC=CN=C1,C1(C2=CC=CC=N2)=NC=CC=C1,C1(C2=NC=CC=C2)=[C-]C=CC=C1,1,10.1002/ange.202006089,0.9,A549,cytoplasm,48,3.0
C1(C2=NN=C(C3=C4C5=C6C=CC=C5C=CC4=CC=C3)C6=N2)=NC=CN=C1,C1(C2=CC=CC=N2)=NC=CC=C1,C1(C2=NC=CC=C2)=[C-]C=CC=C1,1,10.1002/ange.202006089,0.9,A549R,cytoplasm,48,2.200
C1(C2=NN=C(C3=C4C5=C6C=CC=C5C=CC4=CC=C3)C6=N2)=NC=CN=C1,C1(C2=CC=CC=N2)=NC=CC=C1,C1(C2=NC=CC=C2)=[C-]C=CC=C1,1,10.1002/ange.202006089,0.9,SGC-7901,cytoplasm,48,2.50
C1(C2=NN=C(C3=C4C5=C6C=CC=C5C=CC4=CC=C3)C6=N2)=NC=CN=C1,C1(C2=CC=CC=N2)=NC=CC=C1,C1(C2=NC=CC=C2)=[C-]C=CC=C1,1,10.1002/ange.202006089,0.9,SGC-7901.DDP,cytoplasm,48,2.80
C1(C2=NN=C(C3=C4C5=C6C=CC=C5C=CC4=CC=C3)C6=N2)=NC=CN=C1,C1(C2=CC=CC=N2)=NC=CC=C1,C1(C2=NC=CC=C2)=[C-]C=CC=C1,1,10.1002/ange.202006089,0.9,HeLa,cytoplasm,48,2.30
C1(C2=NN=C(C3=C4C5=C6C=CC=C5C=CC4=CC=C3)C6=N2)=NC=CN=C1,C1(C2=CC=CC=N2)=NC=CC=C1,C1(C2=NC=CC=C2)=[C-]C=CC=C1,1,10.1002/ange.202006089,0.9,HepG2,cytoplasm,48,6.70
C1(C2=NN=C(C3=C4C5=C6C=CC=C5C=CC4=CC=C3)C6=N2)=NC=CN=C1,C1(C2=CC=CC=N2)=NC=CC=C1,C1(C2=NC=CC=C2)=[C-]C=CC=C1,1,10.1002/ange.202006089,0.9,BEL.7402,cytoplasm,48,9.50
C12=C(C3=NC=CC=C3C=C2)N=CC=C1,C12=C(C3=NC=CC=C3C=C2)N=CC=C1,NC(NC(C=C1)=CC=C1C(N2)=NC3=C2C4=C(C5=C3C=CC=N5)N=CC=C4)=[NH2+],3,10.1016/j.jinorgbio.2016.09.004,,HeLa,cytoplasm,48,31.9
C12=C(C3=NC=CC=C3C=C2)N=CC=C1,C12=C(C3=NC=CC=C3C=C2)N=CC=C1,NC(NC(C=C1)=CC=C1C(N2)=NC3=C2C4=C(C5=C3C=CC=N5)N=CC=C4)=[NH2+],3,10.1016/j.jinorgbio.2016.09.004,,A549,cytoplasm,48,28.60
C12=C(C3=NC=CC=C3C=C2)N=CC=C1,C12=C(C3=NC=CC=C3C=C2)N=CC=C1,NC(NC(C=C1)=CC=C1C(N2)=NC3=C2C4=C(C5=C3C=CC=N5)N=CC=C4)=[NH2+],3,10.1016/j.jinorgbio.2016.09.004,,CNE-2,cytoplasm,48,37.2
C12=C(C3=NC=CC=C3C=C2)N=CC=C1,C12=C(C3=NC=CC=C3C=C2)N=CC=C1,NC(NC(C=C1)=CC=C1C(N2)=NC3=C2C4=C(C5=C3C=CC=N5)N=CC=C4)=[NH2+],3,10.1016/j.jinorgbio.2016.09.004,,MCF.7,cytoplasm,48,44.4
C12=C(C3=NC=CC=C3C=C2)N=CC=C1,C12=C(C3=NC=CC=C3C=C2)N=CC=C1,NC(NC(C=C1)=CC=C1C(N2)=NC3=C2C4=C(C5=C3C=CC=N5)N=CC=C4)=[NH2+],3,10.1016/j.jinorgbio.2016.09.004,,HepG2,cytoplasm,48,90.9
C12=C(C3=NC=CC=C3C=C2)N=CC=C1,C12=C(C3=NC=CC=C3C=C2)N=CC=C1,NC(NC1=CC=CC(C(N2)=NC3=C2C4=C(C5=C3C=CC=N5)N=CC=C4)=C1)=[NH2+],3,10.1016/j.jinorgbio.2016.09.004,,HeLa,cytoplasm,48,39.6
C12=C(C3=NC=CC=C3C=C2)N=CC=C1,C12=C(C3=NC=CC=C3C=C2)N=CC=C1,NC(NC1=CC=CC(C(N2)=NC3=C2C4=C(C5=C3C=CC=N5)N=CC=C4)=C1)=[NH2+],3,10.1016/j.jinorgbio.2016.09.004,,A549,cytoplasm,48,42.64
C12=C(C3=NC=CC=C3C=C2)N=CC=C1,C12=C(C3=NC=CC=C3C=C2)N=CC=C1,NC(NC1=CC=CC(C(N2)=NC3=C2C4=C(C5=C3C=CC=N5)N=CC=C4)=C1)=[NH2+],3,10.1016/j.jinorgbio.2016.09.004,,CNE-2,cytoplasm,48,71.1
C12=C(C3=NC=CC=C3C=C2)N=CC=C1,C12=C(C3=NC=CC=C3C=C2)N=CC=C1,NC(NC1=CC=CC(C(N2)=NC3=C2C4=C(C5=C3C=CC=N5)N=CC=C4)=C1)=[NH2+],3,10.1016/j.jinorgbio.2016.09.004,,MCF.7,cytoplasm,48,39.6
C12=C(C3=NC=CC=C3C=C2)N=CC=C1,C12=C(C3=NC=CC=C3C=C2)N=CC=C1,NC(NC1=CC=CC(C(N2)=NC3=C2C4=C(C5=C3C=CC=N5)N=CC=C4)=C1)=[NH2+],3,10.1016/j.jinorgbio.2016.09.004,,HepG2,cytoplasm,48,77.5
C1(C2=CC=CC=N2)=NC=CC=C1,C1(C2=CC=CC=N2)=NC=CC=C1,O=C(CCCCCCC(NO)=O)NC1=CC2=C(C3=NC=CC=C31)N=CC=C2,2,10.1002/chem.201300814,,HeLa,,48,136.55
C1(C2=CC=CC=N2)=NC=CC=C1,C1(C2=CC=CC=N2)=NC=CC=C1,O=C(CCCCCCC(NO)=O)NC1=CC2=C(C3=NC=CC=C31)N=CC=C2,2,10.1002/chem.201300814,,A549,,48,>200
C1(C2=CC=CC=N2)=NC=CC=C1,C1(C2=CC=CC=N2)=NC=CC=C1,O=C(CCCCCCC(NO)=O)NC1=CC2=C(C3=NC=CC=C31)N=CC=C2,2,10.1002/chem.201300814,,A549R,,48,>200
C1(C2=CC=CC=N2)=NC=CC=C1,C1(C2=CC=CC=N2)=NC=CC=C1,O=C(CCCCCCC(NO)=O)NC1=CC2=C(C3=NC=CC=C31)N=CC=C2,2,10.1002/chem.201300814,,HepG2,,48,>200
C1(C2=CC=CC=N2)=NC=CC=C1,C1(C2=CC=CC=N2)=NC=CC=C1,O=C(CCCCCCC(NO)=O)NC1=CC2=C(C3=NC=CC=C31)N=CC=C2,2,10.1002/chem.201300814,,LO2,,48,>200
C12=C(C3=NC=CC=C3C=C2)N=CC=C1,C12=C(C3=NC=CC=C3C=C2)N=CC=C1,O=C(CCCCCCC(NO)=O)NC1=CC2=C(C3=NC=CC=C31)N=CC=C2,2,10.1002/chem.201300814,,HeLa,,48,96.17
C12=C(C3=NC=CC=C3C=C2)N=CC=C1,C12=C(C3=NC=CC=C3C=C2)N=CC=C1,O=C(CCCCCCC(NO)=O)NC1=CC2=C(C3=NC=CC=C31)N=CC=C2,2,10.1002/chem.201300814,,A549,,48,>200
C12=C(C3=NC=CC=C3C=C2)N=CC=C1,C12=C(C3=NC=CC=C3C=C2)N=CC=C1,O=C(CCCCCCC(NO)=O)NC1=CC2=C(C3=NC=CC=C31)N=CC=C2,2,10.1002/chem.201300814,,A549R,,48,>200
C12=C(C3=NC=CC=C3C=C2)N=CC=C1,C12=C(C3=NC=CC=C3C=C2)N=CC=C1,O=C(CCCCCCC(NO)=O)NC1=CC2=C(C3=NC=CC=C31)N=CC=C2,2,10.1002/chem.201300814,,HepG2,,48,>200
C12=C(C3=NC=CC=C3C=C2)N=CC=C1,C12=C(C3=NC=CC=C3C=C2)N=CC=C1,O=C(CCCCCCC(NO)=O)NC1=CC2=C(C3=NC=CC=C31)N=CC=C2,2,10.1002/chem.201300814,,LO2,,48,>200
C1(C2=CC=CC=C2)=CC=NC3=C1C=CC4=C(C5=CC=CC=C5)C=CN=C34,C1(C2=CC=CC=C2)=CC=NC3=C1C=CC4=C(C5=CC=CC=C5)C=CN=C34,O=C(CCCCCCC(NO)=O)NC1=CC2=C(C3=NC=CC=C31)N=CC=C2,2,10.1002/chem.201300814,,HeLa,cytoplasm,48,1.21
C1(C2=CC=CC=C2)=CC=NC3=C1C=CC4=C(C5=CC=CC=C5)C=CN=C34,C1(C2=CC=CC=C2)=CC=NC3=C1C=CC4=C(C5=CC=CC=C5)C=CN=C34,O=C(CCCCCCC(NO)=O)NC1=CC2=C(C3=NC=CC=C31)N=CC=C2,2,10.1002/chem.201300814,,A549,cytoplasm,48,1.28
C1(C2=CC=CC=C2)=CC=NC3=C1C=CC4=C(C5=CC=CC=C5)C=CN=C34,C1(C2=CC=CC=C2)=CC=NC3=C1C=CC4=C(C5=CC=CC=C5)C=CN=C34,O=C(CCCCCCC(NO)=O)NC1=CC2=C(C3=NC=CC=C31)N=CC=C2,2,10.1002/chem.201300814,,A549R,cytoplasm,48,1.41
C1(C2=CC=CC=C2)=CC=NC3=C1C=CC4=C(C5=CC=CC=C5)C=CN=C34,C1(C2=CC=CC=C2)=CC=NC3=C1C=CC4=C(C5=CC=CC=C5)C=CN=C34,O=C(CCCCCCC(NO)=O)NC1=CC2=C(C3=NC=CC=C31)N=CC=C2,2,10.1002/chem.201300814,,HepG2,cytoplasm,48,2.080
C1(C2=CC=CC=C2)=CC=NC3=C1C=CC4=C(C5=CC=CC=C5)C=CN=C34,C1(C2=CC=CC=C2)=CC=NC3=C1C=CC4=C(C5=CC=CC=C5)C=CN=C34,O=C(CCCCCCC(NO)=O)NC1=CC2=C(C3=NC=CC=C31)N=CC=C2,2,10.1002/chem.201300814,,LO2,cytoplasm,48,33.17
C1(C2=CC=CC=C2)=CC=NC3=C1C=CC4=C(C5=CC=CC=C5)C=CN=C34,C1(C2=CC=CC=C2)=CC=NC3=C1C=CC4=C(C5=CC=CC=C5)C=CN=C34,O=C(CCCCCCC(NO)=O)NC1=CC2=C(C3=NC=CC=C31)N=CC=C2,2,10.1002/chem.201300814,,HeLa,nucleus,48,1.21
C1(C2=CC=CC=C2)=CC=NC3=C1C=CC4=C(C5=CC=CC=C5)C=CN=C34,C1(C2=CC=CC=C2)=CC=NC3=C1C=CC4=C(C5=CC=CC=C5)C=CN=C34,O=C(CCCCCCC(NO)=O)NC1=CC2=C(C3=NC=CC=C31)N=CC=C2,2,10.1002/chem.201300814,,A549,nucleus,48,1.28
C1(C2=CC=CC=C2)=CC=NC3=C1C=CC4=C(C5=CC=CC=C5)C=CN=C34,C1(C2=CC=CC=C2)=CC=NC3=C1C=CC4=C(C5=CC=CC=C5)C=CN=C34,O=C(CCCCCCC(NO)=O)NC1=CC2=C(C3=NC=CC=C31)N=CC=C2,2,10.1002/chem.201300814,,A549R,nucleus,48,1.41
C1(C2=CC=CC=C2)=CC=NC3=C1C=CC4=C(C5=CC=CC=C5)C=CN=C34,C1(C2=CC=CC=C2)=CC=NC3=C1C=CC4=C(C5=CC=CC=C5)C=CN=C34,O=C(CCCCCCC(NO)=O)NC1=CC2=C(C3=NC=CC=C31)N=CC=C2,2,10.1002/chem.201300814,,HepG2,nucleus,48,2.080
C1(C2=CC=CC=C2)=CC=NC3=C1C=CC4=C(C5=CC=CC=C5)C=CN=C34,C1(C2=CC=CC=C2)=CC=NC3=C1C=CC4=C(C5=CC=CC=C5)C=CN=C34,O=C(CCCCCCC(NO)=O)NC1=CC2=C(C3=NC=CC=C31)N=CC=C2,2,10.1002/chem.201300814,,LO2,nucleus,48,33.17
C1(C2=CC=CC=C2)=CC=NC3=C1C=CC4=C(C5=CC=CC=C5)C=CN=C34,C1(C2=CC=CC=C2)=CC=NC3=C1C=CC4=C(C5=CC=CC=C5)C=CN=C34,C1(C2=CC=CC=N2)=NC=CC=C1,2,10.1002/chem.201300814,,HeLa,,48,17.98
C1(C2=CC=CC=C2)=CC=NC3=C1C=CC4=C(C5=CC=CC=C5)C=CN=C34,C1(C2=CC=CC=C2)=CC=NC3=C1C=CC4=C(C5=CC=CC=C5)C=CN=C34,C1(C2=CC=CC=N2)=NC=CC=C1,2,10.1002/chem.201300814,,A549,,48,28.31
C1(C2=CC=CC=C2)=CC=NC3=C1C=CC4=C(C5=CC=CC=C5)C=CN=C34,C1(C2=CC=CC=C2)=CC=NC3=C1C=CC4=C(C5=CC=CC=C5)C=CN=C34,C1(C2=CC=CC=N2)=NC=CC=C1,2,10.1002/chem.201300814,,A549R,,48,25.120
C1(C2=CC=CC=C2)=CC=NC3=C1C=CC4=C(C5=CC=CC=C5)C=CN=C34,C1(C2=CC=CC=C2)=CC=NC3=C1C=CC4=C(C5=CC=CC=C5)C=CN=C34,C1(C2=CC=CC=N2)=NC=CC=C1,2,10.1002/chem.201300814,,HepG2,,48,21.49
C1(C2=CC=CC=C2)=CC=NC3=C1C=CC4=C(C5=CC=CC=C5)C=CN=C34,C1(C2=CC=CC=C2)=CC=NC3=C1C=CC4=C(C5=CC=CC=C5)C=CN=C34,C1(C2=CC=CC=N2)=NC=CC=C1,2,10.1002/chem.201300814,,LO2,,48,24.35
C1(C2=CC=CC=N2)=NC=CC=C1,C1(C2=CC=CC=N2)=NC=CC=C1,O[C@@]1([C@](CC[C@@]2([H])[C@@]3([H])CCC4=C2C=CC(O)=C4)(C)[C@@]3([H])CC1)C#CC(C=C5)=CC=C5C(C=N6)=CC=C6C7=CC=CC=N7,2,10.1021/ic701735q,1.33,HeLa,golgi apparatus,48,133.4
C1(C2=CC=CC=N2)=NC=CC=C1,C1(C2=CC=CC=N2)=NC=CC=C1,O[C@@]1([C@](CC[C@@]2([H])[C@@]3([H])CCC4=C2C=CC(O)=C4)(C)[C@@]3([H])CC1)C#CC(C=C5)=CC=C5C(C=N6)=CC=C6C7=CC=CC=N7,2,10.1021/ic701735q,1.33,HeLa,endoplasmic reticulum,48,133.4
C1(C2=CC=CC=N2)=NC=CC=C1,C1(C2=CC=CC=N2)=NC=CC=C1,O[C@@]1([C@](CC[C@@]2([H])[C@@]3([H])CCC4=C2C=CC(O)=C4)(C)[C@@]3([H])CC1)C#CC(C=C5)=CC=C5C(NCCCCCCNCC6=CN=C(C7=NC=CC(C)=C7)C=C6)=O,2,10.1021/ic701735q,2.18,HeLa,golgi apparatus,48,166.6
C1(C2=CC=CC=N2)=NC=CC=C1,C1(C2=CC=CC=N2)=NC=CC=C1,O[C@@]1([C@](CC[C@@]2([H])[C@@]3([H])CCC4=C2C=CC(O)=C4)(C)[C@@]3([H])CC1)C#CC(C=C5)=CC=C5C(NCCCCCCNCC6=CN=C(C7=NC=CC(C)=C7)C=C6)=O,2,10.1021/ic701735q,2.18,HeLa,endoplasmic reticulum,48,166.6
C1(C2=CC=CC=C2)=CC=NC3=C1C=CC4=C3N=CC=C4C5=CC=CC=C5,C1(C2=CC=CC=C2)=CC=NC3=C1C=CC4=C3N=CC=C4C5=CC=CC=C5,O[C@@]1([C@](CC[C@@]2([H])[C@@]3([H])CCC4=C2C=CC(O)=C4)(C)[C@@]3([H])CC1)C#CC(C=C5)=CC=C5C(C=N6)=CC=C6C7=CC=CC=N7,2,10.1021/ic701735q,7.71,HeLa,golgi apparatus,48,141.6
C1(C2=CC=CC=C2)=CC=NC3=C1C=CC4=C3N=CC=C4C5=CC=CC=C5,C1(C2=CC=CC=C2)=CC=NC3=C1C=CC4=C3N=CC=C4C5=CC=CC=C5,O[C@@]1([C@](CC[C@@]2([H])[C@@]3([H])CCC4=C2C=CC(O)=C4)(C)[C@@]3([H])CC1)C#CC(C=C5)=CC=C5C(C=N6)=CC=C6C7=CC=CC=N7,2,10.1021/ic701735q,7.71,HeLa,endoplasmic reticulum,48,141.6
C1(C2=CC=CC=C2)=CC=NC3=C1C=CC4=C3N=CC=C4C5=CC=CC=C5,C1(C2=CC=CC=C2)=CC=NC3=C1C=CC4=C3N=CC=C4C5=CC=CC=C5,O[C@@]1([C@](CC[C@@]2([H])[C@@]3([H])CCC4=C2C=CC(O)=C4)(C)[C@@]3([H])CC1)C#CC(C=C5)=CC=C5C(NCCCCCCNCC6=CN=C(C7=NC=CC(C)=C7)C=C6)=O,2,10.1021/ic701735q,8.58,HeLa,golgi apparatus,48,83.1
C1(C2=CC=CC=C2)=CC=NC3=C1C=CC4=C3N=CC=C4C5=CC=CC=C5,C1(C2=CC=CC=C2)=CC=NC3=C1C=CC4=C3N=CC=C4C5=CC=CC=C5,O[C@@]1([C@](CC[C@@]2([H])[C@@]3([H])CCC4=C2C=CC(O)=C4)(C)[C@@]3([H])CC1)C#CC(C=C5)=CC=C5C(NCCCCCCNCC6=CN=C(C7=NC=CC(C)=C7)C=C6)=O,2,10.1021/ic701735q,8.58,HeLa,endoplasmic reticulum,48,83.1
C1(C2=CC=CC=N2)=NC=CC=C1,C1(C2=CC=CC=N2)=NC=CC=C1,C1(C2=NC=CC=C2C3=C4NC(/C=C/C5=CC=CC=C5)=N3)=C4C=CC=N1,2,10.1016/j.jinorgbio.2018.04.019,,HCT116,mitochondria,48,11.41
C1(C2=CC=CC=N2)=NC=CC=C1,C1(C2=CC=CC=N2)=NC=CC=C1,C1(C2=NC=CC=C2C3=C4NC(/C=C/C5=CC=CC=C5)=N3)=C4C=CC=N1,2,10.1016/j.jinorgbio.2018.04.019,,HCT116,nucleus,48,11.41
C1(C2=CC=CC=N2)=NC=CC=C1,C1(C2=CC=CC=N2)=NC=CC=C1,C1(C2=NC=CC=C2C3=C4NC(/C=C/C5=CC=CC=C5)=N3)=C4C=CC=N1,2,10.1016/j.jinorgbio.2018.04.019,,MDA-MB-231,mitochondria,48,36.62
C1(C2=CC=CC=N2)=NC=CC=C1,C1(C2=CC=CC=N2)=NC=CC=C1,C1(C2=NC=CC=C2C3=C4NC(/C=C/C5=CC=CC=C5)=N3)=C4C=CC=N1,2,10.1016/j.jinorgbio.2018.04.019,,MDA-MB-231,nucleus,48,36.62
C1(C2=CC=CC=N2)=NC=CC=C1,C1(C2=CC=CC=N2)=NC=CC=C1,C1(C2=NC=CC=C2C3=C4NC(/C=C/C5=CC=CC=C5)=N3)=C4C=CC=N1,2,10.1016/j.jinorgbio.2018.04.019,,A375,mitochondria,48,21.88
C1(C2=CC=CC=N2)=NC=CC=C1,C1(C2=CC=CC=N2)=NC=CC=C1,C1(C2=NC=CC=C2C3=C4NC(/C=C/C5=CC=CC=C5)=N3)=C4C=CC=N1,2,10.1016/j.jinorgbio.2018.04.019,,A375,nucleus,48,21.88
C1(C2=CC=CC=N2)=NC=CC=C1,C1(C2=CC=CC=N2)=NC=CC=C1,C1(C2=NC=CC=C2C3=C4NC(/C=C/C5=CC=CC=C5)=N3)=C4C=CC=N1,2,10.1016/j.jinorgbio.2018.04.019,,HeLa,mitochondria,48,21.120
C1(C2=CC=CC=N2)=NC=CC=C1,C1(C2=CC=CC=N2)=NC=CC=C1,C1(C2=NC=CC=C2C3=C4NC(/C=C/C5=CC=CC=C5)=N3)=C4C=CC=N1,2,10.1016/j.jinorgbio.2018.04.019,,HeLa,nucleus,48,21.120
C1(C2=CC=CC=N2)=NC=CC=C1,C1(C2=CC=CC=N2)=NC=CC=C1,C1(C2=NC=CC=C2C3=C4NC(/C=C/C5=CC=CC=C5)=N3)=C4C=CC=N1,2,10.1016/j.jinorgbio.2018.04.019,,CCD-841-CON,mitochondria,48,209.1
C1(C2=CC=CC=N2)=NC=CC=C1,C1(C2=CC=CC=N2)=NC=CC=C1,C1(C2=NC=CC=C2C3=C4NC(/C=C/C5=CC=CC=C5)=N3)=C4C=CC=N1,2,10.1016/j.jinorgbio.2018.04.019,,CCD-841-CON,nucleus,48,209.1
C1(C2=CC=CC=N2)=NC=CC=C1,C1(C2=CC=CC=N2)=NC=CC=C1,O=[N+](C(C=C1)=CC=C1/C=C/C(N2)=NC3=C2C4=C(C5=NC=CC=C53)N=CC=C4)[O-],2,10.1016/j.jinorgbio.2018.04.019,,HCT116,mitochondria,48,19.68
C1(C2=CC=CC=N2)=NC=CC=C1,C1(C2=CC=CC=N2)=NC=CC=C1,O=[N+](C(C=C1)=CC=C1/C=C/C(N2)=NC3=C2C4=C(C5=NC=CC=C53)N=CC=C4)[O-],2,10.1016/j.jinorgbio.2018.04.019,,HCT116,nucleus,48,19.68
C1(C2=CC=CC=N2)=NC=CC=C1,C1(C2=CC=CC=N2)=NC=CC=C1,O=[N+](C(C=C1)=CC=C1/C=C/C(N2)=NC3=C2C4=C(C5=NC=CC=C53)N=CC=C4)[O-],2,10.1016/j.jinorgbio.2018.04.019,,MDA-MB-231,mitochondria,48,53.89
C1(C2=CC=CC=N2)=NC=CC=C1,C1(C2=CC=CC=N2)=NC=CC=C1,O=[N+](C(C=C1)=CC=C1/C=C/C(N2)=NC3=C2C4=C(C5=NC=CC=C53)N=CC=C4)[O-],2,10.1016/j.jinorgbio.2018.04.019,,MDA-MB-231,nucleus,48,53.89
C1(C2=CC=CC=N2)=NC=CC=C1,C1(C2=CC=CC=N2)=NC=CC=C1,O=[N+](C(C=C1)=CC=C1/C=C/C(N2)=NC3=C2C4=C(C5=NC=CC=C53)N=CC=C4)[O-],2,10.1016/j.jinorgbio.2018.04.019,,A375,mitochondria,48,53.89
C1(C2=CC=CC=N2)=NC=CC=C1,C1(C2=CC=CC=N2)=NC=CC=C1,O=[N+](C(C=C1)=CC=C1/C=C/C(N2)=NC3=C2C4=C(C5=NC=CC=C53)N=CC=C4)[O-],2,10.1016/j.jinorgbio.2018.04.019,,A375,nucleus,48,53.89
C1(C2=CC=CC=N2)=NC=CC=C1,C1(C2=CC=CC=N2)=NC=CC=C1,O=[N+](C(C=C1)=CC=C1/C=C/C(N2)=NC3=C2C4=C(C5=NC=CC=C53)N=CC=C4)[O-],2,10.1016/j.jinorgbio.2018.04.019,,HeLa,mitochondria,48,23.77
C1(C2=CC=CC=N2)=NC=CC=C1,C1(C2=CC=CC=N2)=NC=CC=C1,O=[N+](C(C=C1)=CC=C1/C=C/C(N2)=NC3=C2C4=C(C5=NC=CC=C53)N=CC=C4)[O-],2,10.1016/j.jinorgbio.2018.04.019,,HeLa,nucleus,48,23.77
C1(C2=CC=CC=N2)=NC=CC=C1,C1(C2=CC=CC=N2)=NC=CC=C1,O=[N+](C(C=C1)=CC=C1/C=C/C(N2)=NC3=C2C4=C(C5=NC=CC=C53)N=CC=C4)[O-],2,10.1016/j.jinorgbio.2018.04.019,,CCD-841-CON,mitochondria,48,229.5
C1(C2=CC=CC=N2)=NC=CC=C1,C1(C2=CC=CC=N2)=NC=CC=C1,O=[N+](C(C=C1)=CC=C1/C=C/C(N2)=NC3=C2C4=C(C5=NC=CC=C53)N=CC=C4)[O-],2,10.1016/j.jinorgbio.2018.04.019,,CCD-841-CON,nucleus,48,229.5
C1(C2=CC=CC=N2)=NC=CC=C1,C1(C2=CC=CC=N2)=NC=CC=C1,COC(C=C1)=CC=C1/C=C/C(N2)=NC3=C2C4=C(C5=NC=CC=C53)N=CC=C4,2,10.1016/j.jinorgbio.2018.04.019,,HCT116,mitochondria,48,22.26
C1(C2=CC=CC=N2)=NC=CC=C1,C1(C2=CC=CC=N2)=NC=CC=C1,COC(C=C1)=CC=C1/C=C/C(N2)=NC3=C2C4=C(C5=NC=CC=C53)N=CC=C4,2,10.1016/j.jinorgbio.2018.04.019,,HCT116,nucleus,48,22.26
C1(C2=CC=CC=N2)=NC=CC=C1,C1(C2=CC=CC=N2)=NC=CC=C1,COC(C=C1)=CC=C1/C=C/C(N2)=NC3=C2C4=C(C5=NC=CC=C53)N=CC=C4,2,10.1016/j.jinorgbio.2018.04.019,,MDA-MB-231,mitochondria,48,62.21
C1(C2=CC=CC=N2)=NC=CC=C1,C1(C2=CC=CC=N2)=NC=CC=C1,COC(C=C1)=CC=C1/C=C/C(N2)=NC3=C2C4=C(C5=NC=CC=C53)N=CC=C4,2,10.1016/j.jinorgbio.2018.04.019,,MDA-MB-231,nucleus,48,62.21
C1(C2=CC=CC=N2)=NC=CC=C1,C1(C2=CC=CC=N2)=NC=CC=C1,COC(C=C1)=CC=C1/C=C/C(N2)=NC3=C2C4=C(C5=NC=CC=C53)N=CC=C4,2,10.1016/j.jinorgbio.2018.04.019,,A375,mitochondria,48,62.21
C1(C2=CC=CC=N2)=NC=CC=C1,C1(C2=CC=CC=N2)=NC=CC=C1,COC(C=C1)=CC=C1/C=C/C(N2)=NC3=C2C4=C(C5=NC=CC=C53)N=CC=C4,2,10.1016/j.jinorgbio.2018.04.019,,A375,nucleus,48,62.21
C1(C2=CC=CC=N2)=NC=CC=C1,C1(C2=CC=CC=N2)=NC=CC=C1,COC(C=C1)=CC=C1/C=C/C(N2)=NC3=C2C4=C(C5=NC=CC=C53)N=CC=C4,2,10.1016/j.jinorgbio.2018.04.019,,HeLa,mitochondria,48,24.34
C1(C2=CC=CC=N2)=NC=CC=C1,C1(C2=CC=CC=N2)=NC=CC=C1,COC(C=C1)=CC=C1/C=C/C(N2)=NC3=C2C4=C(C5=NC=CC=C53)N=CC=C4,2,10.1016/j.jinorgbio.2018.04.019,,HeLa,nucleus,48,24.34
C1(C2=CC=CC=N2)=NC=CC=C1,C1(C2=CC=CC=N2)=NC=CC=C1,COC(C=C1)=CC=C1/C=C/C(N2)=NC3=C2C4=C(C5=NC=CC=C53)N=CC=C4,2,10.1016/j.jinorgbio.2018.04.019,,CCD-841-CON,mitochondria,48,206.1
C1(C2=CC=CC=N2)=NC=CC=C1,C1(C2=CC=CC=N2)=NC=CC=C1,COC(C=C1)=CC=C1/C=C/C(N2)=NC3=C2C4=C(C5=NC=CC=C53)N=CC=C4,2,10.1016/j.jinorgbio.2018.04.019,,CCD-841-CON,nucleus,48,206.1
C1(C2=CC=CC=N2)=NC=CC=C1,C1(C2=CC=CC=N2)=NC=CC=C1,CN(C(C=C1)=CC=C1/C=C/C(N2)=NC3=C2C4=C(C5=NC=CC=C53)N=CC=C4)C,2,10.1016/j.jinorgbio.2018.04.019,,HCT116,mitochondria,48,9.69
C1(C2=CC=CC=N2)=NC=CC=C1,C1(C2=CC=CC=N2)=NC=CC=C1,CN(C(C=C1)=CC=C1/C=C/C(N2)=NC3=C2C4=C(C5=NC=CC=C53)N=CC=C4)C,2,10.1016/j.jinorgbio.2018.04.019,,MDA-MB-231,mitochondria,48,24.050
C1(C2=CC=CC=N2)=NC=CC=C1,C1(C2=CC=CC=N2)=NC=CC=C1,CN(C(C=C1)=CC=C1/C=C/C(N2)=NC3=C2C4=C(C5=NC=CC=C53)N=CC=C4)C,2,10.1016/j.jinorgbio.2018.04.019,,A375,mitochondria,48,17.140
C1(C2=CC=CC=N2)=NC=CC=C1,C1(C2=CC=CC=N2)=NC=CC=C1,CN(C(C=C1)=CC=C1/C=C/C(N2)=NC3=C2C4=C(C5=NC=CC=C53)N=CC=C4)C,2,10.1016/j.jinorgbio.2018.04.019,,HeLa,mitochondria,48,21.120
C1(C2=CC=CC=N2)=NC=CC=C1,C1(C2=CC=CC=N2)=NC=CC=C1,CN(C(C=C1)=CC=C1/C=C/C(N2)=NC3=C2C4=C(C5=NC=CC=C53)N=CC=C4)C,2,10.1016/j.jinorgbio.2018.04.019,,CCD-841-CON,mitochondria,48,196.3
C1(C2=CC=CC=N2)=NC=CC=C1,C1(C2=CC=CC=N2)=NC=CC=C1,C/C=C\C=C\C(N1)=NC2=C1C3=C(C4=NC=CC=C42)N=CC=C3,2,10.1016/j.jinorgbio.2018.04.019,,HCT116,mitochondria,48,17.94
C1(C2=CC=CC=N2)=NC=CC=C1,C1(C2=CC=CC=N2)=NC=CC=C1,C/C=C\C=C\C(N1)=NC2=C1C3=C(C4=NC=CC=C42)N=CC=C3,2,10.1016/j.jinorgbio.2018.04.019,,MDA-MB-231,mitochondria,48,35.57
C1(C2=CC=CC=N2)=NC=CC=C1,C1(C2=CC=CC=N2)=NC=CC=C1,C/C=C\C=C\C(N1)=NC2=C1C3=C(C4=NC=CC=C42)N=CC=C3,2,10.1016/j.jinorgbio.2018.04.019,,A375,mitochondria,48,34.74
C1(C2=CC=CC=N2)=NC=CC=C1,C1(C2=CC=CC=N2)=NC=CC=C1,C/C=C\C=C\C(N1)=NC2=C1C3=C(C4=NC=CC=C42)N=CC=C3,2,10.1016/j.jinorgbio.2018.04.019,,HeLa,mitochondria,48,48.63
C1(C2=CC=CC=N2)=NC=CC=C1,C1(C2=CC=CC=N2)=NC=CC=C1,C/C=C\C=C\C(N1)=NC2=C1C3=C(C4=NC=CC=C42)N=CC=C3,2,10.1016/j.jinorgbio.2018.04.019,,CCD-841-CON,mitochondria,48,243.4
CC[N+](CC)(CC)CC(C=C1)=CN=C1C2=NC=C(C[N+](CC)(CC)CC)C=C2,CC[N+](CC)(CC)CC(C=C1)=CN=C1C2=NC=C(C[N+](CC)(CC)CC)C=C2,C1(C2=C(C3=C4N=C5C(C6=CC=CC7=CC=C8C(C5=CC=C8)C67)=N3)C=CC=N2)=C4C=CC=N1,6,10.1021/ic900902f,,HeLa,,48,490.0
CC[N+](CC)(CC)CC(C=C1)=CN=C1C2=NC=C(C[N+](CC)(CC)CC)C=C2,CC[N+](CC)(CC)CC(C=C1)=CN=C1C2=NC=C(C[N+](CC)(CC)CC)C=C2,C1(C2=C(C3=C4N=C5C(C6=CC=CC7=CC=C8C(C5=CC=C8)C67)=N3)C=CC=N2)=C4C=CC=N1,6,10.1021/ic900902f,,HepG2,,48,340.0
CC[N+](CC)(CC)CC(C=C1)=CN=C1C2=NC=C(C[N+](CC)(CC)CC)C=C2,CC[N+](CC)(CC)CC(C=C1)=CN=C1C2=NC=C(C[N+](CC)(CC)CC)C=C2,C1(C2=C(C3=C4N=C5C(C6=CC=CC7=CC=C8C(C5=CC=C8)C67)=N3)C=CC=N2)=C4C=CC=N1,6,10.1021/ic900902f,,BEL.7402,,48,380.0
CC[N+](CC)(CC)CC(C=C1)=CN=C1C2=NC=C(C[N+](CC)(CC)CC)C=C2,CC[N+](CC)(CC)CC(C=C1)=CN=C1C2=NC=C(C[N+](CC)(CC)CC)C=C2,C1(C2=C(C3=C4N=C5C(C6=CC=CC7=CC=C8C(C5=CC=C8)C67)=N3)C=CC=N2)=C4C=CC=N1,6,10.1021/ic900902f,,MCF.7,,48,290.0
CC[N+](CC)(CC)CC(C=C1)=CN=C1C2=NC=C(C[N+](CC)(CC)CC)C=C2,CC[N+](CC)(CC)CC(C=C1)=CN=C1C2=NC=C(C[N+](CC)(CC)CC)C=C2,C1(C2=C(C3=C4N=C5C(C=CC=C5)=N3)C=CC=N2)=C4C=CC=N1,6,10.1021/ic900902f,,HeLa,,48,180.0
CC[N+](CC)(CC)CC(C=C1)=CN=C1C2=NC=C(C[N+](CC)(CC)CC)C=C2,CC[N+](CC)(CC)CC(C=C1)=CN=C1C2=NC=C(C[N+](CC)(CC)CC)C=C2,C1(C2=C(C3=C4N=C5C(C=CC=C5)=N3)C=CC=N2)=C4C=CC=N1,6,10.1021/ic900902f,,HepG2,,48,370.0
CC[N+](CC)(CC)CC(C=C1)=CN=C1C2=NC=C(C[N+](CC)(CC)CC)C=C2,CC[N+](CC)(CC)CC(C=C1)=CN=C1C2=NC=C(C[N+](CC)(CC)CC)C=C2,C1(C2=C(C3=C4N=C5C(C=CC=C5)=N3)C=CC=N2)=C4C=CC=N1,6,10.1021/ic900902f,,BEL.7402,,48,380.0
CC[N+](CC)(CC)CC(C=C1)=CN=C1C2=NC=C(C[N+](CC)(CC)CC)C=C2,CC[N+](CC)(CC)CC(C=C1)=CN=C1C2=NC=C(C[N+](CC)(CC)CC)C=C2,C1(C2=C(C3=C4N=C5C(C=CC=C5)=N3)C=CC=N2)=C4C=CC=N1,6,10.1021/ic900902f,,MCF.7,,48,440.0
C1(C2=CC=CC=N2)=NC=CC=C1,C1(C2=CC=CC=N2)=NC=CC=C1,C1(C2=C(C3=C4N=C5C(C6=CC=CC7=CC=C8C(C5=CC=C8)C67)=N3)C=CC=N2)=C4C=CC=N1,2,10.1021/ic900902f,,HeLa,,48,310.0
C1(C2=CC=CC=N2)=NC=CC=C1,C1(C2=CC=CC=N2)=NC=CC=C1,C1(C2=C(C3=C4N=C5C(C6=CC=CC7=CC=C8C(C5=CC=C8)C67)=N3)C=CC=N2)=C4C=CC=N1,2,10.1021/ic900902f,,HepG2,,48,300.0
C1(C2=CC=CC=N2)=NC=CC=C1,C1(C2=CC=CC=N2)=NC=CC=C1,C1(C2=C(C3=C4N=C5C(C6=CC=CC7=CC=C8C(C5=CC=C8)C67)=N3)C=CC=N2)=C4C=CC=N1,2,10.1021/ic900902f,,BEL.7402,,48,1470.0
C1(C2=CC=CC=N2)=NC=CC=C1,C1(C2=CC=CC=N2)=NC=CC=C1,C1(C2=C(C3=C4N=C5C(C6=CC=CC7=CC=C8C(C5=CC=C8)C67)=N3)C=CC=N2)=C4C=CC=N1,2,10.1021/ic900902f,,MCF.7,,48,600.0
C1(C2=CC=CC=N2)=NC=CC=C1,C1(C2=CC=CC=N2)=NC=CC=C1,C1(C2=C(C3=C4N=C5C(C=CC=C5)=N3)C=CC=N2)=C4C=CC=N1,2,10.1021/ic900902f,,HeLa,,48,1120.0
C1(C2=CC=CC=N2)=NC=CC=C1,C1(C2=CC=CC=N2)=NC=CC=C1,C1(C2=C(C3=C4N=C5C(C=CC=C5)=N3)C=CC=N2)=C4C=CC=N1,2,10.1021/ic900902f,,HepG2,,48,670.0
C1(C2=CC=CC=N2)=NC=CC=C1,C1(C2=CC=CC=N2)=NC=CC=C1,C1(C2=C(C3=C4N=C5C(C=CC=C5)=N3)C=CC=N2)=C4C=CC=N1,2,10.1021/ic900902f,,BEL.7402,,48,1200.0
C1(C2=CC=CC=N2)=NC=CC=C1,C1(C2=CC=CC=N2)=NC=CC=C1,C1(C2=C(C3=C4N=C5C(C=CC=C5)=N3)C=CC=N2)=C4C=CC=N1,2,10.1021/ic900902f,,MCF.7,,48,780.0
C1(C2=CC=CC=C2)=CC=NC3=C1C=CC4=C3N=CC=C4C5=CC=CC=C5,C1(C2=CC=CC=C2)=CC=NC3=C1C=CC4=C3N=CC=C4C5=CC=CC=C5,C1(C2=NC=CC=C2C3=C4NC(C5=CC=CC=C5)=N3)=C4C=CC=N1,2,10.1016/j.biomaterials.2015.04.002,,HeLa,mitochondria,48,>100
C1(C2=CC=CC=C2)=CC=NC3=C1C=CC4=C3N=CC=C4C5=CC=CC=C5,C1(C2=CC=CC=C2)=CC=NC3=C1C=CC4=C3N=CC=C4C5=CC=CC=C5,C1(C2=NC=CC=C2C3=C4N(C5=CC=CC=C5)C(C6=CC=CC=C6)=N3)=C4C=CC=N1,2,10.1016/j.biomaterials.2015.04.002,,HeLa,mitochondria,48,>100
C1(C2=CC=CC=C2)=CC=NC3=C1C=CC4=C3N=CC=C4C5=CC=CC=C5,C1(C2=CC=CC=C2)=CC=NC3=C1C=CC4=C3N=CC=C4C5=CC=CC=C5,C1(C2=NC=CC=C2C3=C4N(C5=CC=CC=C5)C(C6=CC=C(C[P+](C7=CC=CC=C7)(C8=CC=CC=C8)C9=CC=CC=C9)C=C6)=N3)=C4C=CC=N1,3,10.1016/j.biomaterials.2015.04.002,,HeLa,mitochondria,48,>100
C1(C2=CC=CC=C2)=CC=NC3=C1C=CC4=C3N=CC=C4C5=CC=CC=C5,C1(C2=CC=CC=C2)=CC=NC3=C1C=CC4=C3N=CC=C4C5=CC=CC=C5,C1(C2=NC=CC=C2C3=C4N(C5=CC=CC=C5)C(C6=CC=C(OCCCC[P+](C7=CC=CC=C7)(C8=CC=CC=C8)C9=CC=CC=C9)C=C6)=N3)=C4C=CC=N1,3,10.1016/j.biomaterials.2015.04.002,,HeLa,mitochondria,48,>100
C1(C2=CC=CC=N2)=NC=CC=C1,C1(C2=CC=CC=N2)=NC=CC=C1,OC(C=CC=C1)=C1C(N2)=NC3=C2C4=C(C5=C3C=CC=N5)N=CC=C4,2,10.1007/s00775-013-1069-2,,HeLa,mitochondria,48,13.20
C1(C2=CC=CC=N2)=NC=CC=C1,C1(C2=CC=CC=N2)=NC=CC=C1,OC(C=CC=C1)=C1C(N2)=NC3=C2C4=C(C5=C3C=CC=N5)N=CC=C4,2,10.1007/s00775-013-1069-2,,HepG2,mitochondria,48,17.45
C1(C2=CC=CC=N2)=NC=CC=C1,C1(C2=CC=CC=N2)=NC=CC=C1,OC(C=CC=C1)=C1C(N2)=NC3=C2C4=C(C5=C3C=CC=N5)N=CC=C4,2,10.1007/s00775-013-1069-2,,BEL.7402,mitochondria,48,20.25
C1(C2=CC=CC=N2)=NC=CC=C1,C1(C2=CC=CC=N2)=NC=CC=C1,OC(C=CC=C1)=C1C(N2)=NC3=C2C4=C(C5=C3C=CC=N5)N=CC=C4,2,10.1007/s00775-013-1069-2,,MG63,mitochondria,48,15.70
C1(C2=CC=CC=N2)=NC=CC=C1,C1(C2=CC=CC=N2)=NC=CC=C1,OC(C=CC=C1)=C1C(N2)=NC3=C2C4=C(C5=C3C=CC=N5)N=CC=C4,2,10.1007/s00775-013-1069-2,,MCF.7,mitochondria,48,16.35
C1(C2=CC=CC=N2)=NC=CC=C1,C1(C2=CC=CC=N2)=NC=CC=C1,OC(C=CC=C1)=C1C(N2)=NC3=C2C4=C(C5=C3C=CC=N5)N=CC=C4,2,10.1007/s00775-013-1069-2,,A549,mitochondria,48,25.50
C1(C2=CC=CC=N2)=NC=CC=C1,C1(C2=CC=CC=N2)=NC=CC=C1,OC(C=CC=C1)=C1C(N2)=NC3=C2C4=C(C5=C3C=CC=N5)N=CC=C4,2,10.1007/s00775-013-1069-2,,A549-CPR,mitochondria,48,28.60
C1(C2=CC=CC=N2)=NC=CC=C1,C1(C2=CC=CC=N2)=NC=CC=C1,OC(C=CC=C1)=C1C(N2)=NC3=C2C4=C(C5=C3C=CC=N5)N=CC=C4,2,10.1007/s00775-013-1069-2,,LO2,mitochondria,48,89.6
C1(C2=CC=CC=N2)=NC=CC=C1,C1(C2=CC=CC=N2)=NC=CC=C1,OC(C=C(OCO1)C1=C2)=C2C(N3)=NC4=C3C5=C(C6=C4C=CC=N6)N=CC=C5,2,10.1007/s00775-013-1069-2,,HeLa,,48,27.65
C1(C2=CC=CC=N2)=NC=CC=C1,C1(C2=CC=CC=N2)=NC=CC=C1,OC(C=C(OCO1)C1=C2)=C2C(N3)=NC4=C3C5=C(C6=C4C=CC=N6)N=CC=C5,2,10.1007/s00775-013-1069-2,,HepG2,,48,165.5
C1(C2=CC=CC=N2)=NC=CC=C1,C1(C2=CC=CC=N2)=NC=CC=C1,OC(C=C(OCO1)C1=C2)=C2C(N3)=NC4=C3C5=C(C6=C4C=CC=N6)N=CC=C5,2,10.1007/s00775-013-1069-2,,BEL.7402,,48,157.5
C1(C2=CC=CC=N2)=NC=CC=C1,C1(C2=CC=CC=N2)=NC=CC=C1,OC(C=C(OCO1)C1=C2)=C2C(N3)=NC4=C3C5=C(C6=C4C=CC=N6)N=CC=C5,2,10.1007/s00775-013-1069-2,,MG63,,48,41.95
C1(C2=CC=CC=N2)=NC=CC=C1,C1(C2=CC=CC=N2)=NC=CC=C1,OC(C=C(OCO1)C1=C2)=C2C(N3)=NC4=C3C5=C(C6=C4C=CC=N6)N=CC=C5,2,10.1007/s00775-013-1069-2,,MCF.7,,48,234.8
C1(C2=CC=CC=N2)=NC=CC=C1,C1(C2=CC=CC=N2)=NC=CC=C1,OC(C=C(OCO1)C1=C2)=C2C(N3)=NC4=C3C5=C(C6=C4C=CC=N6)N=CC=C5,2,10.1007/s00775-013-1069-2,,A549,,48,176.5
C1(C2=CC=CC=N2)=NC=CC=C1,C1(C2=CC=CC=N2)=NC=CC=C1,OC(C=C(OCO1)C1=C2)=C2C(N3)=NC4=C3C5=C(C6=C4C=CC=N6)N=CC=C5,2,10.1007/s00775-013-1069-2,,A549-CPR,,48,233.3
C1(C2=CC=CC=N2)=NC=CC=C1,C1(C2=CC=CC=N2)=NC=CC=C1,OC(C=C(OCO1)C1=C2)=C2C(N3)=NC4=C3C5=C(C6=C4C=CC=N6)N=CC=C5,2,10.1007/s00775-013-1069-2,,LO2,,48,201.2
C1(C2=CC=CC=N2)=NC=CC=C1,C1(C2=CC=CC=N2)=NC=CC=C1,OC(C(CCC1)=C(N1CCC2)C2=C3)=C3C(N4)=NC5=C4C6=C(C7=C5C=CC=N7)N=CC=C6,2,10.1007/s00775-013-1069-2,,HeLa,,48,31.90
C1(C2=CC=CC=N2)=NC=CC=C1,C1(C2=CC=CC=N2)=NC=CC=C1,OC(C(CCC1)=C(N1CCC2)C2=C3)=C3C(N4)=NC5=C4C6=C(C7=C5C=CC=N7)N=CC=C6,2,10.1007/s00775-013-1069-2,,HepG2,,48,32.2
C1(C2=CC=CC=N2)=NC=CC=C1,C1(C2=CC=CC=N2)=NC=CC=C1,OC(C(CCC1)=C(N1CCC2)C2=C3)=C3C(N4)=NC5=C4C6=C(C7=C5C=CC=N7)N=CC=C6,2,10.1007/s00775-013-1069-2,,BEL.7402,,48,93.5
C1(C2=CC=CC=N2)=NC=CC=C1,C1(C2=CC=CC=N2)=NC=CC=C1,OC(C(CCC1)=C(N1CCC2)C2=C3)=C3C(N4)=NC5=C4C6=C(C7=C5C=CC=N7)N=CC=C6,2,10.1007/s00775-013-1069-2,,MG63,,48,116.0
C1(C2=CC=CC=N2)=NC=CC=C1,C1(C2=CC=CC=N2)=NC=CC=C1,OC(C(CCC1)=C(N1CCC2)C2=C3)=C3C(N4)=NC5=C4C6=C(C7=C5C=CC=N7)N=CC=C6,2,10.1007/s00775-013-1069-2,,MCF.7,,48,253.65
C1(C2=CC=CC=N2)=NC=CC=C1,C1(C2=CC=CC=N2)=NC=CC=C1,OC(C(CCC1)=C(N1CCC2)C2=C3)=C3C(N4)=NC5=C4C6=C(C7=C5C=CC=N7)N=CC=C6,2,10.1007/s00775-013-1069-2,,A549,,48,99.65
C1(C2=CC=CC=N2)=NC=CC=C1,C1(C2=CC=CC=N2)=NC=CC=C1,OC(C(CCC1)=C(N1CCC2)C2=C3)=C3C(N4)=NC5=C4C6=C(C7=C5C=CC=N7)N=CC=C6,2,10.1007/s00775-013-1069-2,,A549-CPR,,48,121.5
C1(C2=CC=CC=N2)=NC=CC=C1,C1(C2=CC=CC=N2)=NC=CC=C1,OC(C(CCC1)=C(N1CCC2)C2=C3)=C3C(N4)=NC5=C4C6=C(C7=C5C=CC=N7)N=CC=C6,2,10.1007/s00775-013-1069-2,,LO2,,48,119.25
C1(C2=CC=CC=N2)=NC=CC=C1,C1(C2=CC=CC=N2)=NC=CC=C1,C1(C2=CC=CC=N2)=NC=CC=C1,2,10.1002/asia.202300047,-0.85,HeLa,,48,>200
C1(C2=CC=CC=N2)=NC=CC=C1,C1(C2=CC=CC=N2)=NC=CC=C1,C1(C2=CC=CC=N2)=NC=CC=C1,2,10.1002/asia.202300047,-0.85,A549,,48,>200
C1(C2=CC=CC=N2)=NC=CC=C1,C1(C2=CC=CC=N2)=NC=CC=C1,C1(C2=CC=CC=N2)=NC=CC=C1,2,10.1002/asia.202300047,-0.85,A549DDP,,48,>200
C1(C2=CC=CC=N2)=NC=CC=C1,C1(C2=CC=CC=N2)=NC=CC=C1,CC(C)(C)C1=CC=NC(C2=CC(C(C)(C)C)=CC=N2)=C1,2,10.1002/asia.202300047,-0.38,HeLa,,48,180.4
C1(C2=CC=CC=N2)=NC=CC=C1,C1(C2=CC=CC=N2)=NC=CC=C1,CC(C)(C)C1=CC=NC(C2=CC(C(C)(C)C)=CC=N2)=C1,2,10.1002/asia.202300047,-0.38,A431,,48,102.3
C1(C2=CC=CC=N2)=NC=CC=C1,C1(C2=CC=CC=N2)=NC=CC=C1,CC(C)(C)C1=CC=NC(C2=CC(C(C)(C)C)=CC=N2)=C1,2,10.1002/asia.202300047,-0.38,B16,,48,96.3
C1(C2=CC=CC=N2)=NC=CC=C1,C1(C2=CC=CC=N2)=NC=CC=C1,CC(C)(C)C1=CC=NC(C2=CC(C(C)(C)C)=CC=N2)=C1,2,10.1002/asia.202300047,-0.38,A549,,48,127.0
C1(C2=CC=CC=N2)=NC=CC=C1,C1(C2=CC=CC=N2)=NC=CC=C1,CC(C)(C)C1=CC=NC(C2=CC(C(C)(C)C)=CC=N2)=C1,2,10.1002/asia.202300047,-0.38,A549DDP,,48,>200
C1(C2=CC=CC=N2)=NC=CC=C1,C1(C2=CC=CC=N2)=NC=CC=C1,CC(C)(C)C1=CC=NC(C2=CC(C(C)(C)C)=CC=N2)=C1,2,10.1002/asia.202300047,-0.38,NP69,,48,>200
C1(C2=CC=CC=N2)=NC=CC=C1,C1(C2=CC=CC=N2)=NC=CC=C1,C1(C2=CC=CC=C2)=CC=NC(C3=CC(C4=CC=CC=C4)=CC=N3)=C1,2,10.1002/asia.202300047,-0.17,HeLa,lysosom,48,140.7
C1(C2=CC=CC=N2)=NC=CC=C1,C1(C2=CC=CC=N2)=NC=CC=C1,C1(C2=CC=CC=C2)=CC=NC(C3=CC(C4=CC=CC=C4)=CC=N3)=C1,2,10.1002/asia.202300047,-0.17,A431,lysosom,48,142.7
C1(C2=CC=CC=N2)=NC=CC=C1,C1(C2=CC=CC=N2)=NC=CC=C1,C1(C2=CC=CC=C2)=CC=NC(C3=CC(C4=CC=CC=C4)=CC=N3)=C1,2,10.1002/asia.202300047,-0.17,B16,lysosom,48,36.8
C1(C2=CC=CC=N2)=NC=CC=C1,C1(C2=CC=CC=N2)=NC=CC=C1,C1(C2=CC=CC=C2)=CC=NC(C3=CC(C4=CC=CC=C4)=CC=N3)=C1,2,10.1002/asia.202300047,-0.17,A549,lysosom,48,97.6
C1(C2=CC=CC=N2)=NC=CC=C1,C1(C2=CC=CC=N2)=NC=CC=C1,C1(C2=CC=CC=C2)=CC=NC(C3=CC(C4=CC=CC=C4)=CC=N3)=C1,2,10.1002/asia.202300047,-0.17,A549DDP,lysosom,48,>200
C1(C2=CC=CC=N2)=NC=CC=C1,C1(C2=CC=CC=N2)=NC=CC=C1,C1(C2=CC=CC=C2)=CC=NC(C3=CC(C4=CC=CC=C4)=CC=N3)=C1,2,10.1002/asia.202300047,-0.17,NP69,lysosom,48,115.1
CC1=CC=NC2=C1C=CC3=C2N=CC=C3C,CC1=CC=NC2=C1C=CC3=C2N=CC=C3C,CC(C)(C)C(C=C1)=CC=C1N2C(C3=CC=C(F)C=C3)=NC4=C2C5=C(C6=C4C=CC=N6)N=CC=C5,2,10.1021/acsami.7b02977,,HeLa,membrane,0.5,54.72
CC1=CC=NC2=C1C=CC3=C2N=CC=C3C,CC1=CC=NC2=C1C=CC3=C2N=CC=C3C,CC(C)(C)C(C=C1)=CC=C1N2C(C3=CC=C(F)C=C3)=NC4=C2C5=C(C6=C4C=CC=N6)N=CC=C5,2,10.1021/acsami.7b02977,,HeLa,mitochondria,4,28.88
CC1=CC=NC2=C1C=CC3=C2N=CC=C3C,CC1=CC=NC2=C1C=CC3=C2N=CC=C3C,CC(C)(C)C(C=C1)=CC=C1N2C(C3=CC=C(F)C=C3)=NC4=C2C5=C(C6=C4C=CC=N6)N=CC=C5,2,10.1021/acsami.7b02977,,HeLa,membrane,4,28.88
CC1=CC=NC2=C1C=CC3=C2N=CC=C3C,CC1=CC=NC2=C1C=CC3=C2N=CC=C3C,CC(C)(C)C(C=C1)=CC=C1N2C(C3=CC=C(F)C(F)=C3)=NC4=C2C5=C(C6=C4C=CC=N6)N=CC=C5,2,10.1021/acsami.7b02977,,HeLa,membrane,0.5,62.59
CC1=CC=NC2=C1C=CC3=C2N=CC=C3C,CC1=CC=NC2=C1C=CC3=C2N=CC=C3C,CC(C)(C)C(C=C1)=CC=C1N2C(C3=CC=C(F)C(F)=C3)=NC4=C2C5=C(C6=C4C=CC=N6)N=CC=C5,2,10.1021/acsami.7b02977,,HeLa,mitochondria,4,35.10
CC1=CC=NC2=C1C=CC3=C2N=CC=C3C,CC1=CC=NC2=C1C=CC3=C2N=CC=C3C,CC(C)(C)C(C=C1)=CC=C1N2C(C3=CC=C(F)C(F)=C3)=NC4=C2C5=C(C6=C4C=CC=N6)N=CC=C5,2,10.1021/acsami.7b02977,,HeLa,membrane,4,35.10
CC1=CC=NC2=C1C=CC3=C2N=CC=C3C,CC1=CC=NC2=C1C=CC3=C2N=CC=C3C,CC(C)(C)C(C=C1)=CC=C1N2C(C3=CC(F)=C(F)C(F)=C3)=NC4=C2C5=C(C6=C4C=CC=N6)N=CC=C5,2,10.1021/acsami.7b02977,,HeLa,membrane,0.5,48.51
CC1=CC=NC2=C1C=CC3=C2N=CC=C3C,CC1=CC=NC2=C1C=CC3=C2N=CC=C3C,CC(C)(C)C(C=C1)=CC=C1N2C(C3=CC(F)=C(F)C(F)=C3)=NC4=C2C5=C(C6=C4C=CC=N6)N=CC=C5,2,10.1021/acsami.7b02977,,HeLa,mitochondria,4,24.58
CC1=CC=NC2=C1C=CC3=C2N=CC=C3C,CC1=CC=NC2=C1C=CC3=C2N=CC=C3C,CC(C)(C)C(C=C1)=CC=C1N2C(C3=CC(F)=C(F)C(F)=C3)=NC4=C2C5=C(C6=C4C=CC=N6)N=CC=C5,2,10.1021/acsami.7b02977,,HeLa,membrane,4,24.58
CC1=CC=NC2=C1C=CC3=C2N=CC=C3C,CC1=CC=NC2=C1C=CC3=C2N=CC=C3C,CC(C)(C)C(C=C1)=CC=C1N2C(C3=C(F)C(F)=CC(F)=C3F)=NC4=C2C5=C(C6=C4C=CC=N6)N=CC=C5,2,10.1021/acsami.7b02977,,HeLa,membrane,0.5,64.13
CC1=CC=NC2=C1C=CC3=C2N=CC=C3C,CC1=CC=NC2=C1C=CC3=C2N=CC=C3C,CC(C)(C)C(C=C1)=CC=C1N2C(C3=C(F)C(F)=CC(F)=C3F)=NC4=C2C5=C(C6=C4C=CC=N6)N=CC=C5,2,10.1021/acsami.7b02977,,HeLa,mitochondria,4,35.85
CC1=CC=NC2=C1C=CC3=C2N=CC=C3C,CC1=CC=NC2=C1C=CC3=C2N=CC=C3C,CC(C)(C)C(C=C1)=CC=C1N2C(C3=C(F)C(F)=CC(F)=C3F)=NC4=C2C5=C(C6=C4C=CC=N6)N=CC=C5,2,10.1021/acsami.7b02977,,HeLa,membrane,4,35.85
CC1=CC=NC2=C1C=CC3=C2N=CC=C3C,CC1=CC=NC2=C1C=CC3=C2N=CC=C3C,CC(C)(C)C(C=C1)=CC=C1N2C(C3=C(F)C(F)=C(F)C(F)=C3F)=NC4=C2C5=C(C6=C4C=CC=N6)N=CC=C5,2,10.1021/acsami.7b02977,,HeLa,membrane,0.5,59.15
CC1=CC=NC2=C1C=CC3=C2N=CC=C3C,CC1=CC=NC2=C1C=CC3=C2N=CC=C3C,CC(C)(C)C(C=C1)=CC=C1N2C(C3=C(F)C(F)=C(F)C(F)=C3F)=NC4=C2C5=C(C6=C4C=CC=N6)N=CC=C5,2,10.1021/acsami.7b02977,,HeLa,mitochondria,4,32.33
CC1=CC=NC2=C1C=CC3=C2N=CC=C3C,CC1=CC=NC2=C1C=CC3=C2N=CC=C3C,CC(C)(C)C(C=C1)=CC=C1N2C(C3=C(F)C(F)=C(F)C(F)=C3F)=NC4=C2C5=C(C6=C4C=CC=N6)N=CC=C5,2,10.1021/acsami.7b02977,,HeLa,membrane,4,32.33
C1(C2=CC=CC=N2)=NC=CC=C1,C1(C2=CC=CC=N2)=NC=CC=C1,C1(C(N=CC=C2)=C2C3=C4NC(C5=CC=CC=C5)=N3)=C4C=CC=N1,2,10.1038/srep19449,-1.7,HeLa,,48,>100
C1(C2=CC=CC=N2)=NC=CC=C1,C1(C2=CC=CC=N2)=NC=CC=C1,C1(C(N=CC=C2)=C2C3=C4NC(C5=CC=CC=C5)=N3)=C4C=CC=N1,2,10.1038/srep19449,-1.7,A549,,48,>100
C1(C2=CC=CC=N2)=NC=CC=C1,C1(C2=CC=CC=N2)=NC=CC=C1,C1(C(N=CC=C2)=C2C3=C4NC(C5=CC=CC=C5)=N3)=C4C=CC=N1,2,10.1038/srep19449,-1.7,A549R,,48,>100
C1(C2=CC=CC=N2)=NC=CC=C1,C1(C2=CC=CC=N2)=NC=CC=C1,C1(C(N=CC=C2)=C2C3=C4NC(C5=CC=CC=C5)=N3)=C4C=CC=N1,2,10.1038/srep19449,-1.7,LO2,,48,>100
C1(C2=CC=CC=N2)=NC=CC=C1,C1(C2=CC=CC=N2)=NC=CC=C1,FC(C(C=C1)=CC=C1C(N2)=NC3=C2C4=C(C5=C3C=CC=N5)N=CC=C4)(F)F,2,10.1038/srep19449,0.25,HeLa,,48,55.4
C1(C2=CC=CC=N2)=NC=CC=C1,C1(C2=CC=CC=N2)=NC=CC=C1,FC(C(C=C1)=CC=C1C(N2)=NC3=C2C4=C(C5=C3C=CC=N5)N=CC=C4)(F)F,2,10.1038/srep19449,0.25,A549,,48,43.4
C1(C2=CC=CC=N2)=NC=CC=C1,C1(C2=CC=CC=N2)=NC=CC=C1,FC(C(C=C1)=CC=C1C(N2)=NC3=C2C4=C(C5=C3C=CC=N5)N=CC=C4)(F)F,2,10.1038/srep19449,0.25,A549R,,48,48.2
C1(C2=CC=CC=N2)=NC=CC=C1,C1(C2=CC=CC=N2)=NC=CC=C1,FC(C(C=C1)=CC=C1C(N2)=NC3=C2C4=C(C5=C3C=CC=N5)N=CC=C4)(F)F,2,10.1038/srep19449,0.25,LO2,,48,75.8
C1(C2=CC=CC=N2)=NC=CC=C1,C1(C2=CC=CC=N2)=NC=CC=C1,CC(C)(C)C(C=C1)=CC=C1N2C(C3=CC=C(C(F)(F)F)C=C3)=NC4=C2C5=C(C6=C4C=CC=N6)N=CC=C5,2,10.1038/srep19449,0.7,HeLa,,48,22.50
C1(C2=CC=CC=N2)=NC=CC=C1,C1(C2=CC=CC=N2)=NC=CC=C1,CC(C)(C)C(C=C1)=CC=C1N2C(C3=CC=C(C(F)(F)F)C=C3)=NC4=C2C5=C(C6=C4C=CC=N6)N=CC=C5,2,10.1038/srep19449,0.7,A549,,48,28.60
C1(C2=CC=CC=N2)=NC=CC=C1,C1(C2=CC=CC=N2)=NC=CC=C1,CC(C)(C)C(C=C1)=CC=C1N2C(C3=CC=C(C(F)(F)F)C=C3)=NC4=C2C5=C(C6=C4C=CC=N6)N=CC=C5,2,10.1038/srep19449,0.7,A549R,,48,32.2
C1(C2=CC=CC=N2)=NC=CC=C1,C1(C2=CC=CC=N2)=NC=CC=C1,CC(C)(C)C(C=C1)=CC=C1N2C(C3=CC=C(C(F)(F)F)C=C3)=NC4=C2C5=C(C6=C4C=CC=N6)N=CC=C5,2,10.1038/srep19449,0.7,LO2,,48,45.6
C1(C2=CC=CC=N2)=[C-]C=CC=C1,C1(C2=CC=CC=N2)=[C-]C=CC=C1,CC(C)(C)C(C=C1)=CC=C1N2C(C3=CC=C(C(F)(F)F)C=C3)=NC4=C2C5=C(C6=C4C=CC=N6)N=CC=C5,1,10.1038/srep19449,1.30,HeLa,mitochondria,48,2.40
C1(C2=CC=CC=N2)=[C-]C=CC=C1,C1(C2=CC=CC=N2)=[C-]C=CC=C1,CC(C)(C)C(C=C1)=CC=C1N2C(C3=CC=C(C(F)(F)F)C=C3)=NC4=C2C5=C(C6=C4C=CC=N6)N=CC=C5,1,10.1038/srep19449,1.30,A549,mitochondria,48,1.0
C1(C2=CC=CC=N2)=[C-]C=CC=C1,C1(C2=CC=CC=N2)=[C-]C=CC=C1,CC(C)(C)C(C=C1)=CC=C1N2C(C3=CC=C(C(F)(F)F)C=C3)=NC4=C2C5=C(C6=C4C=CC=N6)N=CC=C5,1,10.1038/srep19449,1.30,A549R,mitochondria,48,0.8
C1(C2=CC=CC=N2)=[C-]C=CC=C1,C1(C2=CC=CC=N2)=[C-]C=CC=C1,CC(C)(C)C(C=C1)=CC=C1N2C(C3=CC=C(C(F)(F)F)C=C3)=NC4=C2C5=C(C6=C4C=CC=N6)N=CC=C5,1,10.1038/srep19449,1.30,LO2,mitochondria,48,6.70
C1(C2=[C-]C=CC=C2)=CC=CC=N1,C1(C2=CC=CC=N2)=NC=CC=C1,C1(C2=CC=CC=N2)=NC=CC=C1,1,10.1021/om500001h,,HeLa,,2,34.0
C1(C2=[C-]C=CC=C2)=CC=CC=N1,O=C(C1=C(C2=NC=CC=C23)N=CC=C1)C3=O,O=C(C1=C(C2=NC=CC=C23)N=CC=C1)C3=O,1,10.1021/om500001h,,HeLa,,2,57.0
C1(C2=[C-]C=CC=C2)=CC=CC=N1,C12=CC=C(C3=NC(C=CC=C4)=C4C=C3)N=C1C=CC=C2,C12=CC=C(C3=NC(C=CC=C4)=C4C=C3)N=C1C=CC=C2,1,10.1021/om500001h,,HeLa,,2,51.0
C1(C2=[C-]C=CC=C2)=CC=CC=N1,C1(C2=CC=CC=N2)=NC=CC=C1,C1(C2=NC=CC=C2C3=C4N=C5C(C=C(C=CC=C6)C6=C5)=N3)=C4C=CC=N1,1,10.1021/om500001h,,HeLa,mitochondria,2,7.0
C12=C(C=CC=N2)C=CC3=CC=CN=C13,C12=C(C=CC=N2)C=CC3=CC=CN=C13,O=C(CCCCCCCCCCCCCCCCCCCCC)NC1=CC2=CC=CN=C2C3=C1C=CC=N3,2,10.1039/D0CC04397D,1.070,HeLa,membrane,48,13.0
C1(C2=NC=CN=C2C=C3)=C3N=CC=N1,C1(C2=NC=CN=C2C=C3)=C3N=CC=N1,O=C(CCCCCCCCCCCCCCCCCCCCC)NC1=CC2=CC=CN=C2C3=C1C=CC=N3,2,10.1039/D0CC04397D,0.49,HeLa,membrane,48,11.0
C1(C2=NC=CC=C2C=C3)=C3C=CC=N1,C1(C2=NC=CC=C2C=C3)=C3C=CC=N1,C1(C2=NC=CC=C2C3=C4N=C5C(C(N=CC=N6)=C6C=C5)=N3)=C4C=CC=N1,2,10.1039/C6DT03792E,,HeLa,,48,>100
C1(C2=NC=CN=C2C=C3)=C3N=CC=N1,C1(C2=NC=CN=C2C=C3)=C3N=CC=N1,C1(C2=NC=CC=C2C3=C4N=C5C(C(N=CC=N6)=C6C=C5)=N3)=C4C=CC=N1,2,10.1039/C6DT03792E,,HeLa,,48,70.0
C1(C2=NC=CC=C2C=C3)=C3C=CC=N1,C1(C2=NC=CC=C2C=C3)=C3C=CC=N1,CC1=NC(C=C2)=C(N=C1)C(C2=N3)=NC4=C3C5=C(C6=NC=CC=C64)N=CC=C5,2,10.1039/C6DT03792E,,HeLa,cytoplasm,48,37.0
C1(C2=NC=CN=C2C=C3)=C3N=CC=N1,C1(C2=NC=CN=C2C=C3)=C3N=CC=N1,CC1=NC(C=C2)=C(N=C1)C(C2=N3)=NC4=C3C5=C(C6=NC=CC=C64)N=CC=C5,2,10.1039/C6DT03792E,,HeLa,cytoplasm,48,60.0
C1(C2=NC=CC=C2C=C3)=C3C=CC=N1,C1(C2=NC=CC=C2C=C3)=C3C=CC=N1,C1(C2=NC=CC=C2C3=C4N=C5C(C6=NSN=C6C=C5)=N3)=C4C=CC=N1,2,10.1039/C6DT03792E,,HeLa,cytoplasm,48,34.0
C1(C2=NC=CN=C2C=C3)=C3N=CC=N1,C1(C2=NC=CN=C2C=C3)=C3N=CC=N1,C1(C2=NC=CC=C2C3=C4N=C5C(C6=NSN=C6C=C5)=N3)=C4C=CC=N1,2,10.1039/C6DT03792E,,HeLa,cytoplasm,48,63.0
C1(C2=NC=CC=C2C=C3)=C3C=CC=N1,C1(C2=NC=CC=C2C=C3)=C3C=CC=N1,C1(C2=NC=CC=C2C3=C4N=C5C(C(N=CC=N6)=C6C=C5)=N3)=C4C=CC=N1,2,10.1021/acs.jmedchem.5b00451,,HeLa,,24,>100
C1(C2=NC=CC=C2C=C3)=C3C=CC=N1,C1(C2=NC=CC=C2C=C3)=C3C=CC=N1,C1(C2=NC=CC=C2C3=C4N=C5C(C(N=CC=N6)=C6C=C5)=N3)=C4C=CC=N1,2,10.1021/acs.jmedchem.5b00451,,CRL-5915,,24,73.3
C1(C2=NC=CC=C2C=C3)=C3C=CC=N1,C1(C2=NC=CC=C2C=C3)=C3C=CC=N1,C1(C2=NC=CC=C2C3=C4N=C5C(C(N=CC=N6)=C6C=C5)=N3)=C4C=CC=N1,2,10.1021/acs.jmedchem.5b00451,,One58,,24,53.2
C1(C2=NC=CC=C2C=C3)=C3C=CC=N1,C1(C2=NC=CC=C2C=C3)=C3C=CC=N1,C1(C2=NC=CC=C2C3=C4N=C5C(C(N=CC=N6)=C6C=C5)=N3)=C4C=CC=N1,2,10.1021/acs.jmedchem.5b00451,,Mutu-1,,24,>100
C1(C2=NC=CC=C2C=C3)=C3C=CC=N1,C1(C2=NC=CC=C2C=C3)=C3C=CC=N1,C1(C2=NC=CC=C2C3=C4N=C5C(C(N=CC=N6)=C6C=C5)=N3)=C4C=CC=N1,2,10.1021/acs.jmedchem.5b00451,,DG-75,,24,>100
C1(C2=NC=CN=C2C=C3)=C3N=CC=N1,C1(C2=NC=CN=C2C=C3)=C3N=CC=N1,C1(C2=NC=CC=C2C3=C4N=C5C(C(N=CC=N6)=C6C=C5)=N3)=C4C=CC=N1,2,10.1021/acs.jmedchem.5b00451,,HeLa,mitochondria,24,70.0
C1(C2=NC=CN=C2C=C3)=C3N=CC=N1,C1(C2=NC=CN=C2C=C3)=C3N=CC=N1,C1(C2=NC=CC=C2C3=C4N=C5C(C(N=CC=N6)=C6C=C5)=N3)=C4C=CC=N1,2,10.1021/acs.jmedchem.5b00451,,CRL-5915,mitochondria,24,>100
C1(C2=NC=CN=C2C=C3)=C3N=CC=N1,C1(C2=NC=CN=C2C=C3)=C3N=CC=N1,C1(C2=NC=CC=C2C3=C4N=C5C(C(N=CC=N6)=C6C=C5)=N3)=C4C=CC=N1,2,10.1021/acs.jmedchem.5b00451,,One58,mitochondria,24,>100
C1(C2=NC=CN=C2C=C3)=C3N=CC=N1,C1(C2=NC=CN=C2C=C3)=C3N=CC=N1,C1(C2=NC=CC=C2C3=C4N=C5C(C(N=CC=N6)=C6C=C5)=N3)=C4C=CC=N1,2,10.1021/acs.jmedchem.5b00451,,Mutu-1,mitochondria,24,40.2
C1(C2=NC=CN=C2C=C3)=C3N=CC=N1,C1(C2=NC=CN=C2C=C3)=C3N=CC=N1,C1(C2=NC=CC=C2C3=C4N=C5C(C(N=CC=N6)=C6C=C5)=N3)=C4C=CC=N1,2,10.1021/acs.jmedchem.5b00451,,DG-75,mitochondria,24,>100
C1(C2=NC=CN=C2C=C3)=C3N=CC=N1,C1(C2=NC=CN=C2C=C3)=C3N=CC=N1,C1(C2=NC=CC=C2C3=C4N=C5C(C(N=CC=N6)=C6C=C5)=N3)=C4C=CC=N1,2,10.1021/acs.jmedchem.5b00451,,HeLa,lysosom,24,70.0
C1(C2=NC=CN=C2C=C3)=C3N=CC=N1,C1(C2=NC=CN=C2C=C3)=C3N=CC=N1,C1(C2=NC=CC=C2C3=C4N=C5C(C(N=CC=N6)=C6C=C5)=N3)=C4C=CC=N1,2,10.1021/acs.jmedchem.5b00451,,CRL-5915,lysosom,24,>100
C1(C2=NC=CN=C2C=C3)=C3N=CC=N1,C1(C2=NC=CN=C2C=C3)=C3N=CC=N1,C1(C2=NC=CC=C2C3=C4N=C5C(C(N=CC=N6)=C6C=C5)=N3)=C4C=CC=N1,2,10.1021/acs.jmedchem.5b00451,,One58,lysosom,24,>100
C1(C2=NC=CN=C2C=C3)=C3N=CC=N1,C1(C2=NC=CN=C2C=C3)=C3N=CC=N1,C1(C2=NC=CC=C2C3=C4N=C5C(C(N=CC=N6)=C6C=C5)=N3)=C4C=CC=N1,2,10.1021/acs.jmedchem.5b00451,,Mutu-1,lysosom,24,40.2
C1(C2=NC=CN=C2C=C3)=C3N=CC=N1,C1(C2=NC=CN=C2C=C3)=C3N=CC=N1,C1(C2=NC=CC=C2C3=C4N=C5C(C(N=CC=N6)=C6C=C5)=N3)=C4C=CC=N1,2,10.1021/acs.jmedchem.5b00451,,DG-75,lysosom,24,>100
C1(C2=CC=CC=N2)=NC=CC=C1,C1(C2=CC=CC=N2)=NC=CC=C1,CC1=CC(C2=CC(C(NCCCCCN3C(C4=C5C(C3=O)=CC=CC5=CC=C4)=O)=O)=CC=N2)=NC=C1,2,10.1039/c5dt00360a,,HeLa,mitochondria,24,29.80
C1(C2=CC=CC=N2)=NC=CC=C1,C1(C2=CC=CC=N2)=NC=CC=C1,CC1=CC(C2=CC(C(NCCCCCN3C(C4=C5C(C3=O)=CC=CC5=CC=C4)=O)=O)=CC=N2)=NC=C1,2,10.1039/c5dt00360a,,HeLa,lysosom,24,29.80
C1(C2=CC=CC=N2)=NC=CC=C1,C1(C2=CC=CC=N2)=NC=CC=C1,CC1=CC(C2=CC(C(NCCCCCN3C(C4=C5C(C3=O)=CC=CC5=CC=C4)=O)=O)=CC=N2)=NC=C1,2,10.1039/c5dt00360a,,HeLa,endoplasmic reticulum,24,29.80
C1(C2=CC=CC=N2)=NC=CC=C1,C1(C2=CC=CC=N2)=NC=CC=C1,O=C(NCCCCCN1C(C2=C3C(C1=O)=CC=CC3=CC=C2)=O)C4=CC=NC(C5=NC=CC(C(NCCCCCN6C(C7=C8C(C6=O)=CC=CC8=CC=C7)=O)=O)=C5)=C4,2,10.1039/c5dt00360a,,HeLa,mitochondria,24,30.0
C1(C2=CC=CC=N2)=NC=CC=C1,C1(C2=CC=CC=N2)=NC=CC=C1,O=C(NCCCCCN1C(C2=C3C(C1=O)=CC=CC3=CC=C2)=O)C4=CC=NC(C5=NC=CC(C(NCCCCCN6C(C7=C8C(C6=O)=CC=CC8=CC=C7)=O)=O)=C5)=C4,2,10.1039/c5dt00360a,,HeLa,lysosom,24,30.0
C1(C2=CC=CC=N2)=NC=CC=C1,C1(C2=CC=CC=N2)=NC=CC=C1,O=C(NCCCCCN1C(C2=C3C(C1=O)=CC=CC3=CC=C2)=O)C4=CC=NC(C5=NC=CC(C(NCCCCCN6C(C7=C8C(C6=O)=CC=CC8=CC=C7)=O)=O)=C5)=C4,2,10.1039/c5dt00360a,,HeLa,endoplasmic reticulum,24,30.0
C1(C2=CC=CC=N2)=NC=CC=C1,C1(C2=CC=CC=N2)=NC=CC=C1,O=C(CCC(NCCOC1=C(OC)C=C(N=CN=C2NC3=CC=C(F)C(Cl)=C3)C2=C1)=O)NC4=CC5=CC=CN=C5C6=C4C=CC=N6,2,10.1039/D3DT01661G,,A549,,48,27.0
C1(C2=CC=CC=N2)=NC=CC=C1,C1(C2=CC=CC=N2)=NC=CC=C1,O=C(CCC(NCCOC1=C(OC)C=C(N=CN=C2NC3=CC=C(F)C(Cl)=C3)C2=C1)=O)NC4=CC5=CC=CN=C5C6=C4C=CC=N6,2,10.1039/D3DT01661G,,HeLa,,48,27.0
C1(C2=CC=CC=N2)=NC=CC=C1,C1(C2=CC=CC=N2)=NC=CC=C1,O=C(CCC(NCCOC1=C(OC)C=C(N=CN=C2NC3=CC=C(F)C(Cl)=C3)C2=C1)=O)NC4=CC5=CC=CN=C5C6=C4C=CC=N6,2,10.1039/D3DT01661G,,A431,,48,7.0
C1(C2=NC=CC=C2C=C3)=C3C=CC=N1,C1(C2=NC=CC=C2C=C3)=C3C=CC=N1,O=C(CCC(NCCOC1=C(OC)C=C(N=CN=C2NC3=CC=C(F)C(Cl)=C3)C2=C1)=O)NC4=CC5=CC=CN=C5C6=C4C=CC=N6,2,10.1039/D3DT01661G,,A549,,48,35.0
C1(C2=NC=CC=C2C=C3)=C3C=CC=N1,C1(C2=NC=CC=C2C=C3)=C3C=CC=N1,O=C(CCC(NCCOC1=C(OC)C=C(N=CN=C2NC3=CC=C(F)C(Cl)=C3)C2=C1)=O)NC4=CC5=CC=CN=C5C6=C4C=CC=N6,2,10.1039/D3DT01661G,,HeLa,,48,67.0
C1(C2=NC=CC=C2C=C3)=C3C=CC=N1,C1(C2=NC=CC=C2C=C3)=C3C=CC=N1,O=C(CCC(NCCOC1=C(OC)C=C(N=CN=C2NC3=CC=C(F)C(Cl)=C3)C2=C1)=O)NC4=CC5=CC=CN=C5C6=C4C=CC=N6,2,10.1039/D3DT01661G,,A431,,48,36.0
C1(C2=CC=CC=N2)=NC=CC=C1,C1(C2=CC=CC=N2)=NC=CC=C1,COC(C=C(N=CN=C1NC2=CC=C(F)C(Cl)=C2)C1=C3)=C3OCC(NC4=CC(C=CC=N5)=C5C6=NC=CC=C64)=O,2,10.1039/D3DT01661G,,A549,cytoplasm,48,19.0
C1(C2=CC=CC=N2)=NC=CC=C1,C1(C2=CC=CC=N2)=NC=CC=C1,COC(C=C(N=CN=C1NC2=CC=C(F)C(Cl)=C2)C1=C3)=C3OCC(NC4=CC(C=CC=N5)=C5C6=NC=CC=C64)=O,2,10.1039/D3DT01661G,,HeLa,cytoplasm,48,18.0
C1(C2=CC=CC=N2)=NC=CC=C1,C1(C2=CC=CC=N2)=NC=CC=C1,COC(C=C(N=CN=C1NC2=CC=C(F)C(Cl)=C2)C1=C3)=C3OCC(NC4=CC(C=CC=N5)=C5C6=NC=CC=C64)=O,2,10.1039/D3DT01661G,,A431,cytoplasm,48,15.0
C1(C2=NC=CC=C2C=C3)=C3C=CC=N1,C1(C2=NC=CC=C2C=C3)=C3C=CC=N1,COC(C=C(N=CN=C1NC2=CC=C(F)C(Cl)=C2)C1=C3)=C3OCC(NC4=CC(C=CC=N5)=C5C6=NC=CC=C64)=O,2,10.1039/D3DT01661G,,A549,nucleus,48,21.0
C1(C2=NC=CC=C2C=C3)=C3C=CC=N1,C1(C2=NC=CC=C2C=C3)=C3C=CC=N1,COC(C=C(N=CN=C1NC2=CC=C(F)C(Cl)=C2)C1=C3)=C3OCC(NC4=CC(C=CC=N5)=C5C6=NC=CC=C64)=O,2,10.1039/D3DT01661G,,HeLa,nucleus,48,22.0
C1(C2=NC=CC=C2C=C3)=C3C=CC=N1,C1(C2=NC=CC=C2C=C3)=C3C=CC=N1,COC(C=C(N=CN=C1NC2=CC=C(F)C(Cl)=C2)C1=C3)=C3OCC(NC4=CC(C=CC=N5)=C5C6=NC=CC=C64)=O,2,10.1039/D3DT01661G,,A431,nucleus,48,12.0
C1(C2=CC=CC=N2)=NC=CC=C1,C1(C2=CC=CC=N2)=NC=CC=C1,C1(C2=NSN=C2C3=C4N=CC=C3)=C4N=CC=C1,2,10.1039/C4NJ02394C,,HeLa,nucleus,48,28.0
C1(C2=NC=CC=C2C=C3)=C3C=CC=N1,C1(C2=NC=CC=C2C=C3)=C3C=CC=N1,C1(C2=NSN=C2C3=C4N=CC=C3)=C4N=CC=C1,2,10.1039/C4NJ02394C,,HeLa,nucleus,48,21.0
C1(C2=NC=CC=C2C3=C4N=CC=N3)=C4C=CC=N1,C1(C2=NC=CC=C2C3=C4N=CC=N3)=C4C=CC=N1,C1(C2=NSN=C2C3=C4N=CC=C3)=C4N=CC=C1,2,10.1039/C4NJ02394C,,HeLa,nucleus,48,19.0
CC1=NC2=C(C=C1)C=CC3=C2N=C(C)C=C3,CC1=NC2=C(C=C1)C=CC3=C2N=C(C)C=C3,FC1(OC2=CC(C3=NC4=C(C5=C(C6=NC=CC=C64)N=CC=C5)N3)=CC=C2O1)F,2,10.1002/cbdv.200900213,,HeLa,,48,20.0
CC1=NC2=C(C=C1)C=CC3=C2N=C(C)C=C3,CC1=NC2=C(C=C1)C=CC3=C2N=C(C)C=C3,FC1(OC2=CC(C3=NC4=C(C5=C(C6=NC=CC=C64)N=CC=C5)N3)=CC=C2O1)F,2,10.1002/cbdv.200900213,,HepG2,,48,24.80
C1(C=CC2=C3N=CC=C2)=C3N=CC=C1,C1(C=CC2=C3N=CC=C2)=C3N=CC=C1,FC1(OC2=CC(C3=NC4=C(C5=C(C6=NC=CC=C64)N=CC=C5)N3)=CC=C2O1)F,2,10.1002/cbdv.200900213,,HeLa,,48,18.80
C1(C=CC2=C3N=CC=C2)=C3N=CC=C1,C1(C=CC2=C3N=CC=C2)=C3N=CC=C1,FC1(OC2=CC(C3=NC4=C(C5=C(C6=NC=CC=C64)N=CC=C5)N3)=CC=C2O1)F,2,10.1002/cbdv.200900213,,HepG2,,48,22.40
CC1=NC2=C(C=C1)C=CC3=C2N=C(C)C=C3,CC1=NC2=C(C=C1)C=CC3=C2N=C(C)C=C3,ClC(C(Cl)=C1)=CC(C1=N2)=NC3=C2C4=C(C5=NC=CC=C53)N=CC=C4,2,10.1002/ejic.201100848,,BEL.7402,,72,26.14
CC1=NC2=C(C=C1)C=CC3=C2N=C(C)C=C3,CC1=NC2=C(C=C1)C=CC3=C2N=C(C)C=C3,ClC(C(Cl)=C1)=CC(C1=N2)=NC3=C2C4=C(C5=NC=CC=C53)N=CC=C4,2,10.1002/ejic.201100848,,HeLa,,72,13.79
CC1=NC2=C(C=C1)C=CC3=C2N=C(C)C=C3,CC1=NC2=C(C=C1)C=CC3=C2N=C(C)C=C3,ClC(C(Cl)=C1)=CC(C1=N2)=NC3=C2C4=C(C5=NC=CC=C53)N=CC=C4,2,10.1002/ejic.201100848,,HepG2,,72,27.33
CC1=NC2=C(C=C1)C=CC3=C2N=C(C)C=C3,CC1=NC2=C(C=C1)C=CC3=C2N=C(C)C=C3,ClC(C(Cl)=C1)=CC(C1=N2)=NC3=C2C4=C(C5=NC=CC=C53)N=CC=C4,2,10.1002/ejic.201100848,,MG63,,72,22.51
C1(C=CC2=C3N=CC=C2)=C3N=CC=C1,C1(C=CC2=C3N=CC=C2)=C3N=CC=C1,ClC(C(Cl)=C1)=CC(C1=N2)=NC3=C2C4=C(C5=NC=CC=C53)N=CC=C4,2,10.1002/ejic.201100848,,BEL.7402,,72,16.90
C1(C=CC2=C3N=CC=C2)=C3N=CC=C1,C1(C=CC2=C3N=CC=C2)=C3N=CC=C1,ClC(C(Cl)=C1)=CC(C1=N2)=NC3=C2C4=C(C5=NC=CC=C53)N=CC=C4,2,10.1002/ejic.201100848,,HeLa,,72,16.38
C1(C=CC2=C3N=CC=C2)=C3N=CC=C1,C1(C=CC2=C3N=CC=C2)=C3N=CC=C1,ClC(C(Cl)=C1)=CC(C1=N2)=NC3=C2C4=C(C5=NC=CC=C53)N=CC=C4,2,10.1002/ejic.201100848,,HepG2,,72,26.89
C1(C=CC2=C3N=CC=C2)=C3N=CC=C1,C1(C=CC2=C3N=CC=C2)=C3N=CC=C1,ClC(C(Cl)=C1)=CC(C1=N2)=NC3=C2C4=C(C5=NC=CC=C53)N=CC=C4,2,10.1002/ejic.201100848,,MG63,,72,25.82
C1(C2=CC=CC=C2)=CC=NC3=C1C=CC4=C3N=CC=C4C5=CC=CC=C5,C1(C2=CC=CC=C2)=CC=NC3=C1C=CC4=C3N=CC=C4C5=CC=CC=C5,ClC(C(Cl)=C1)=CC(C1=N2)=NC3=C2C4=C(C5=NC=CC=C53)N=CC=C4,2,10.1002/ejic.201100848,,BEL.7402,,72,24.72
C1(C2=CC=CC=C2)=CC=NC3=C1C=CC4=C3N=CC=C4C5=CC=CC=C5,C1(C2=CC=CC=C2)=CC=NC3=C1C=CC4=C3N=CC=C4C5=CC=CC=C5,ClC(C(Cl)=C1)=CC(C1=N2)=NC3=C2C4=C(C5=NC=CC=C53)N=CC=C4,2,10.1002/ejic.201100848,,HeLa,,72,12.31
C1(C2=CC=CC=C2)=CC=NC3=C1C=CC4=C3N=CC=C4C5=CC=CC=C5,C1(C2=CC=CC=C2)=CC=NC3=C1C=CC4=C3N=CC=C4C5=CC=CC=C5,ClC(C(Cl)=C1)=CC(C1=N2)=NC3=C2C4=C(C5=NC=CC=C53)N=CC=C4,2,10.1002/ejic.201100848,,HepG2,,72,22.63
C1(C2=CC=CC=C2)=CC=NC3=C1C=CC4=C3N=CC=C4C5=CC=CC=C5,C1(C2=CC=CC=C2)=CC=NC3=C1C=CC4=C3N=CC=C4C5=CC=CC=C5,ClC(C(Cl)=C1)=CC(C1=N2)=NC3=C2C4=C(C5=NC=CC=C53)N=CC=C4,2,10.1002/ejic.201100848,,MG63,,72,15.41
C1(C=CC2=C3N=CC=C2)=C3N=CC=C1,C1(C=CC2=C3N=CC=C2)=C3N=CC=C1,C1(C2=NC=CC=C2C3=C4N=C5C(C=C(N=C(C6=C7C8=CC=CC7=CC=C6)C8=N9)C9=C5)=N3)=C4C=CC=N1,2,10.1039/C3NJ01467C,,BEL.7402,,48,3.90
C1(C=CC2=C3N=CC=C2)=C3N=CC=C1,C1(C=CC2=C3N=CC=C2)=C3N=CC=C1,C1(C2=NC=CC=C2C3=C4N=C5C(C=C(N=C(C6=C7C8=CC=CC7=CC=C6)C8=N9)C9=C5)=N3)=C4C=CC=N1,2,10.1039/C3NJ01467C,,HeLa,,48,9.0
C1(C=CC2=C3N=CC=C2)=C3N=CC=C1,C1(C=CC2=C3N=CC=C2)=C3N=CC=C1,C1(C2=NC=CC=C2C3=C4N=C5C(C=C(N=C(C6=C7C8=CC=CC7=CC=C6)C8=N9)C9=C5)=N3)=C4C=CC=N1,2,10.1039/C3NJ01467C,,MG63,,48,6.60
C1(C=CC2=C3N=CC=C2)=C3N=CC=C1,C1(C=CC2=C3N=CC=C2)=C3N=CC=C1,C1(C2=NC=CC=C2C3=C4N=C5C(C=C(N=C(C6=C7C8=CC=CC7=CC=C6)C8=N9)C9=C5)=N3)=C4C=CC=N1,2,10.1039/C3NJ01467C,,SKBR3,,48,5.100
CC1=CC=NC(C2=CC(C)=CC=N2)=C1,CC1=CC=NC(C2=CC(C)=CC=N2)=C1,ClC(C(Cl)=C1)=CC(C1=N2)=NC3=C2C4=C(C5=NC=CC=C53)N=CC=C4,2,10.1016/j.saa.2014.07.075,,BEL.7402,nucleus,72,12.70
CC1=CC=NC(C2=CC(C)=CC=N2)=C1,CC1=CC=NC(C2=CC(C)=CC=N2)=C1,ClC(C(Cl)=C1)=CC(C1=N2)=NC3=C2C4=C(C5=NC=CC=C53)N=CC=C4,2,10.1016/j.saa.2014.07.075,,HeLa,nucleus,72,13.50
CC1=CC=NC(C2=CC(C)=CC=N2)=C1,CC1=CC=NC(C2=CC(C)=CC=N2)=C1,ClC(C(Cl)=C1)=CC(C1=N2)=NC3=C2C4=C(C5=NC=CC=C53)N=CC=C4,2,10.1016/j.saa.2014.07.075,,MCF.7,nucleus,72,15.20
CC1=CC=NC(C2=CC(C)=CC=N2)=C1,CC1=CC=NC(C2=CC(C)=CC=N2)=C1,ClC(C(Cl)=C1)=CC(C1=N2)=NC3=C2C4=C(C5=NC=CC=C53)N=CC=C4,2,10.1016/j.saa.2014.07.075,,MG63,nucleus,72,20.50
C1(C2=CC=CC=N2)=NC=CC=C1,C1(C2=CC=CC=N2)=NC=CC=C1,ClC(C(Cl)=C1)=CC(C1=N2)=NC3=C2C4=C(C5=NC=CC=C53)N=CC=C4,2,10.1016/j.saa.2014.07.075,,BEL.7402,nucleus,72,23.90
C1(C2=CC=CC=N2)=NC=CC=C1,C1(C2=CC=CC=N2)=NC=CC=C1,ClC(C(Cl)=C1)=CC(C1=N2)=NC3=C2C4=C(C5=NC=CC=C53)N=CC=C4,2,10.1016/j.saa.2014.07.075,,HeLa,nucleus,72,20.50
C1(C2=CC=CC=N2)=NC=CC=C1,C1(C2=CC=CC=N2)=NC=CC=C1,ClC(C(Cl)=C1)=CC(C1=N2)=NC3=C2C4=C(C5=NC=CC=C53)N=CC=C4,2,10.1016/j.saa.2014.07.075,,MCF.7,nucleus,72,22.50
C1(C2=CC=CC=N2)=NC=CC=C1,C1(C2=CC=CC=N2)=NC=CC=C1,ClC(C(Cl)=C1)=CC(C1=N2)=NC3=C2C4=C(C5=NC=CC=C53)N=CC=C4,2,10.1016/j.saa.2014.07.075,,MG63,nucleus,72,27.90
C1(C=C2)=C(C3=C2C=CC=N3)N=CC=C1,C1(C=C2)=C(C3=C2C=CC=N3)N=CC=C1,C1(C2=NC3=C(C4=C(C5=NC=CC=C53)N=CC=C4)N2)=CC=C(OCC6=CC=CC=C6)C=C1,2,10.1080/15257770.2018.1549329,,HeLa,,48,27.76
C1(C2=CC=CC=N2)=NC=CC=C1,C1(C2=CC=CC=N2)=NC=CC=C1,C1(C2=NC3=C(C4=C(C5=NC=CC=C53)N=CC=C4)N2)=CC=C(OCC6=CC=CC=C6)C=C1,2,10.1080/15257770.2018.1549329,,HeLa,,48,31.59
CC1=CC=NC(C2=CC(C)=CC=N2)=C1,CC1=CC=NC(C2=CC(C)=CC=N2)=C1,C1(C2=NC3=C(C4=C(C5=NC=CC=C53)N=CC=C4)N2)=CC=C(OCC6=CC=CC=C6)C=C1,2,10.1080/15257770.2018.1549329,,HeLa,,48,36.42
C1(NC2=CC=CC=N2)=CC=CC=N1,C1(NC2=CC=CC=N2)=CC=CC=N1,C1(C2=NC3=C(C4=C(C5=NC=CC=C53)N=CC=C4)N2)=CC=C(OCC6=CC=CC=C6)C=C1,2,10.1080/15257770.2018.1549329,,HeLa,,48,24.38
C1(C=C2)=C(C3=C2C=CC=N3)N=CC=C1,C1(C=C2)=C(C3=C2C=CC=N3)N=CC=C1,O=C(OC)C1=CC=C(C2=NC3=C(C4=C(C5=NC=CC=C53)N=CC=C4)N2)C=C1,2,10.1134/S1070363220120385,1.0100,HeLa,nucleus,48,35.60
C1(C2=CC=CC=N2)=NC=CC=C1,C1(C2=CC=CC=N2)=NC=CC=C1,O=C(OC)C1=CC=C(C2=NC3=C(C4=C(C5=NC=CC=C53)N=CC=C4)N2)C=C1,2,10.1134/S1070363220120385,0.88,HeLa,nucleus,48,62.10
CC1=CC=NC(C2=CC(C)=CC=N2)=C1,CC1=CC=NC(C2=CC(C)=CC=N2)=C1,O=C(OC)C1=CC=C(C2=NC3=C(C4=C(C5=NC=CC=C53)N=CC=C4)N2)C=C1,2,10.1134/S1070363220120385,0.98,HeLa,nucleus,48,58.90
C1(C=C2)=C(C3=C2C=CC=N3)N=CC=C1,C1(C=C2)=C(C3=C2C=CC=N3)N=CC=C1,COC1=CC=C(C2=NC3=C(C4=C(C5=NC=CC=C53)N=CC=C4)N2)C(OC)=N1,2,10.1080/15257770.2019.1694685,0.92,HeLa,nucleus,48,21.80
C1(C2=CC=CC=N2)=NC=CC=C1,C1(C2=CC=CC=N2)=NC=CC=C1,COC1=CC=C(C2=NC3=C(C4=C(C5=NC=CC=C53)N=CC=C4)N2)C(OC)=N1,2,10.1080/15257770.2019.1694685,0.71,HeLa,nucleus,48,28.20
CC1=CC=NC(C2=CC(C)=CC=N2)=C1,CC1=CC=NC(C2=CC(C)=CC=N2)=C1,COC1=CC=C(C2=NC3=C(C4=C(C5=NC=CC=C53)N=CC=C4)N2)C(OC)=N1,2,10.1080/15257770.2019.1694685,0.82,HeLa,nucleus,48,18.30
C1(C=C2)=C(C3=C2C=CC=N3)N=CC=C1,C1(C=C2)=C(C3=C2C=CC=N3)N=CC=C1,FC(C=C1)=CC(C1=N2)=NC3=C2C4=C(C5=NC=CC=C53)N=CC=C4,2,10.1007/s00775-013-1018-0,,A549,nucleus,48,33.0
C1(C=C2)=C(C3=C2C=CC=N3)N=CC=C1,C1(C=C2)=C(C3=C2C=CC=N3)N=CC=C1,FC(C=C1)=CC(C1=N2)=NC3=C2C4=C(C5=NC=CC=C53)N=CC=C4,2,10.1007/s00775-013-1018-0,,Du145,nucleus,48,27.00
C1(C=C2)=C(C3=C2C=CC=N3)N=CC=C1,C1(C=C2)=C(C3=C2C=CC=N3)N=CC=C1,FC(C=C1)=CC(C1=N2)=NC3=C2C4=C(C5=NC=CC=C53)N=CC=C4,2,10.1007/s00775-013-1018-0,,HeLa,nucleus,48,66.0
C1(C2=CC=CC=N2)=NC=CC=C1,C1(C2=CC=CC=N2)=NC=CC=C1,FC(C=C1)=CC(C1=N2)=NC3=C2C4=C(C5=NC=CC=C53)N=CC=C4,2,10.1007/s00775-013-1018-0,,A549,nucleus,48,24.0
C1(C2=CC=CC=N2)=NC=CC=C1,C1(C2=CC=CC=N2)=NC=CC=C1,FC(C=C1)=CC(C1=N2)=NC3=C2C4=C(C5=NC=CC=C53)N=CC=C4,2,10.1007/s00775-013-1018-0,,Du145,nucleus,48,76.0
C1(C2=CC=CC=N2)=NC=CC=C1,C1(C2=CC=CC=N2)=NC=CC=C1,FC(C=C1)=CC(C1=N2)=NC3=C2C4=C(C5=NC=CC=C53)N=CC=C4,2,10.1007/s00775-013-1018-0,,HeLa,nucleus,48,42.0
CC1=CC=NC(C2=CC(C)=CC=N2)=C1,CC1=CC=NC(C2=CC(C)=CC=N2)=C1,FC(C=C1)=CC(C1=N2)=NC3=C2C4=C(C5=NC=CC=C53)N=CC=C4,2,10.1007/s00775-013-1018-0,,A549,nucleus,48,36.0
CC1=CC=NC(C2=CC(C)=CC=N2)=C1,CC1=CC=NC(C2=CC(C)=CC=N2)=C1,FC(C=C1)=CC(C1=N2)=NC3=C2C4=C(C5=NC=CC=C53)N=CC=C4,2,10.1007/s00775-013-1018-0,,Du145,nucleus,48,40.0
CC1=CC=NC(C2=CC(C)=CC=N2)=C1,CC1=CC=NC(C2=CC(C)=CC=N2)=C1,FC(C=C1)=CC(C1=N2)=NC3=C2C4=C(C5=NC=CC=C53)N=CC=C4,2,10.1007/s00775-013-1018-0,,HeLa,nucleus,48,51.0
C1(NC2=CC=CC=N2)=CC=CC=N1,C1(NC2=CC=CC=N2)=CC=CC=N1,FC(C=C1)=CC(C1=N2)=NC3=C2C4=C(C5=NC=CC=C53)N=CC=C4,2,10.1007/s00775-013-1018-0,,A549,nucleus,48,26.0
C1(NC2=CC=CC=N2)=CC=CC=N1,C1(NC2=CC=CC=N2)=CC=CC=N1,FC(C=C1)=CC(C1=N2)=NC3=C2C4=C(C5=NC=CC=C53)N=CC=C4,2,10.1007/s00775-013-1018-0,,Du145,nucleus,48,25.0
C1(NC2=CC=CC=N2)=CC=CC=N1,C1(NC2=CC=CC=N2)=CC=CC=N1,FC(C=C1)=CC(C1=N2)=NC3=C2C4=C(C5=NC=CC=C53)N=CC=C4,2,10.1007/s00775-013-1018-0,,HeLa,nucleus,48,16.0
C1(C2=CC=CC=N2)=NC=CC=C1,C1(C2=CC=CC=N2)=NC=CC=C1,C1(C2=NC=CC=C2C3=C4N=C(C5=CC=CS5)C(C6=CC=CS6)=N3)=C4C=CC=N1,2,10.1021/acs.inorgchem.9b02420,,HeLa,,48,>100
C1(C2=CC=CC=N2)=NC=CC=C1,C1(C2=CC=CC=N2)=NC=CC=C1,C1(C2=NC=CC=C2C3=C4N=C(C5=CC=CS5)C(C6=CC=CS6)=N3)=C4C=CC=N1,2,10.1021/acs.inorgchem.9b02420,,A549,,48,>100
C1(C2=CC=CC=N2)=NC=CC=C1,C1(C2=CC=CC=N2)=NC=CC=C1,C1(C2=NC=CC=C2C3=C4N=C(C5=CC=CS5)C(C6=CC=CS6)=N3)=C4C=CC=N1,2,10.1021/acs.inorgchem.9b02420,,MCF.7,,48,89.39
C1(C2=NC3=C(C4=C(C5=NC=CC=C53)N=CC=C4)N2)=CC=CS1,C1(C2=NC3=C(C4=C(C5=NC=CC=C53)N=CC=C4)N2)=CC=CS1,C1(C2=NC3=C(C4=C(C5=NC=CC=C53)N=CC=C4)N2)=CC=CS1,2,10.1016/j.ejmech.2014.09.041,,A549,,48,>100
C1(C2=NC3=C(C4=C(C5=NC=CC=C53)N=CC=C4)N2)=CC=CS1,C1(C2=NC3=C(C4=C(C5=NC=CC=C53)N=CC=C4)N2)=CC=CS1,C1(C2=NC3=C(C4=C(C5=NC=CC=C53)N=CC=C4)N2)=CC=CS1,2,10.1016/j.ejmech.2014.09.041,,HeLa,,48,>100
C1(C2=NC3=C(C4=C(C5=NC=CC=C53)N=CC=C4)N2)=CC=CS1,C1(C2=NC3=C(C4=C(C5=NC=CC=C53)N=CC=C4)N2)=CC=CS1,C1(C2=NC3=C(C4=C(C5=NC=CC=C53)N=CC=C4)N2)=CC=CS1,2,10.1016/j.ejmech.2014.09.041,,HepG2,,48,>100
C1(C2=NC3=C(C4=C(C5=NC=CC=C53)N=CC=C4)N2)=CC=CS1,C1(C2=NC3=C(C4=C(C5=NC=CC=C53)N=CC=C4)N2)=CC=CS1,C1(C2=NC3=C(C4=C(C5=NC=CC=C53)N=CC=C4)N2)=CC=CS1,2,10.1016/j.ejmech.2014.09.041,,MCF.7,,48,44.0
C1(C2=NC3=C(C4=C(C5=NC=CC=C53)N=CC=C4)N2)=CC=CS1,C1(C2=NC3=C(C4=C(C5=NC=CC=C53)N=CC=C4)N2)=CC=CS1,C1(C2=NC3=C(C4=C(C5=NC=CC=C53)N=CC=C4)N2)=CC=CS1,2,10.1016/j.ejmech.2014.09.041,,U251,,48,>100
C1(C2=NC3=C(C4=C(C5=NC=CC=C53)N=CC=C4)N2)=CC=CS1,C1(C2=NC3=C(C4=C(C5=NC=CC=C53)N=CC=C4)N2)=CC=CS1,C1(C2=NC=CC=C2C3=C4N=C5C(C=CC=C5)=N3)=C4C=CC=N1,2,10.1016/j.ejmech.2014.09.041,,A549,,48,23.0
C1(C2=NC3=C(C4=C(C5=NC=CC=C53)N=CC=C4)N2)=CC=CS1,C1(C2=NC3=C(C4=C(C5=NC=CC=C53)N=CC=C4)N2)=CC=CS1,C1(C2=NC=CC=C2C3=C4N=C5C(C=CC=C5)=N3)=C4C=CC=N1,2,10.1016/j.ejmech.2014.09.041,,HeLa,,48,55.0
C1(C2=NC3=C(C4=C(C5=NC=CC=C53)N=CC=C4)N2)=CC=CS1,C1(C2=NC3=C(C4=C(C5=NC=CC=C53)N=CC=C4)N2)=CC=CS1,C1(C2=NC=CC=C2C3=C4N=C5C(C=CC=C5)=N3)=C4C=CC=N1,2,10.1016/j.ejmech.2014.09.041,,HepG2,,48,91.0
C1(C2=NC3=C(C4=C(C5=NC=CC=C53)N=CC=C4)N2)=CC=CS1,C1(C2=NC3=C(C4=C(C5=NC=CC=C53)N=CC=C4)N2)=CC=CS1,C1(C2=NC=CC=C2C3=C4N=C5C(C=CC=C5)=N3)=C4C=CC=N1,2,10.1016/j.ejmech.2014.09.041,,MCF.7,,48,16.0
C1(C2=NC3=C(C4=C(C5=NC=CC=C53)N=CC=C4)N2)=CC=CS1,C1(C2=NC3=C(C4=C(C5=NC=CC=C53)N=CC=C4)N2)=CC=CS1,C1(C2=NC=CC=C2C3=C4N=C5C(C=CC=C5)=N3)=C4C=CC=N1,2,10.1016/j.ejmech.2014.09.041,,U251,,48,41.0
CC1=CC=NC(C2=CC(C)=CC=N2)=C1,CC1=CC=NC(C2=CC(C)=CC=N2)=C1,FC(O1)(F)OC(C1=C2)=CC=C2C3=NC4=C(C5=C(C6=NC=CC=C64)N=CC=C5)N3,2,10.1016/j.molstruc.2009.05.046,,HeLa,,48,54.95
CC1=CC=NC(C2=CC(C)=CC=N2)=C1,CC1=CC=NC(C2=CC(C)=CC=N2)=C1,FC(O1)(F)OC(C1=C2)=CC=C2C3=NC4=C(C5=C(C6=NC=CC=C64)N=CC=C5)N3,2,10.1016/j.molstruc.2009.05.046,,HepG2,,48,12.300
C1(C2=CC=CC=N2)=NC=CC=C1,C1(C2=CC=CC=N2)=NC=CC=C1,FC(O1)(F)OC(C1=C2)=CC=C2C3=NC4=C(C5=C(C6=NC=CC=C64)N=CC=C5)N3,2,10.1016/j.molstruc.2009.05.046,,HeLa,,48,21.38
C1(C2=CC=CC=N2)=NC=CC=C1,C1(C2=CC=CC=N2)=NC=CC=C1,FC(O1)(F)OC(C1=C2)=CC=C2C3=NC4=C(C5=C(C6=NC=CC=C64)N=CC=C5)N3,2,10.1016/j.molstruc.2009.05.046,,HepG2,,48,60.26
C1(NC2=NC=CC=C2)=CC=CC=N1,C1(NC2=NC=CC=C2)=CC=CC=N1,C1(C(N=CC=C2)=C2C3=C4NC(C5=CC=C(OC6=CC=CC=C6)C=C5)=N3)=C4C=CC=N1,2,10.1016/j.ejmech.2013.04.006,,A549,,48,15.0
C1(NC2=NC=CC=C2)=CC=CC=N1,C1(NC2=NC=CC=C2)=CC=CC=N1,C1(C(N=CC=C2)=C2C3=C4NC(C5=CC=C(OC6=CC=CC=C6)C=C5)=N3)=C4C=CC=N1,2,10.1016/j.ejmech.2013.04.006,,Du145,,48,23.0
C1(NC2=NC=CC=C2)=CC=CC=N1,C1(NC2=NC=CC=C2)=CC=CC=N1,C1(C(N=CC=C2)=C2C3=C4NC(C5=CC=C(OC6=CC=CC=C6)C=C5)=N3)=C4C=CC=N1,2,10.1016/j.ejmech.2013.04.006,,HeLa,,48,18.0
C1(NC2=NC=CC=C2)=CC=CC=N1,C1(NC2=NC=CC=C2)=CC=CC=N1,C1(C(N=CC=C2)=C2C3=C4NC(C5=CC=C(OC6=CC=CC=C6)C=C5)=N3)=C4C=CC=N1,2,10.1016/j.ejmech.2013.04.006,,MCF.7,,48,37.0
C1(NC2=NC=CC=C2)=CC=CC=N1,C1(NC2=NC=CC=C2)=CC=CC=N1,C1(C(N=CC=C2)=C2C3=C4NC(C5=CC=CC=C5)=N3)=C4C=CC=N1,2,10.1016/j.ejmech.2013.04.006,,A549,,48,47.00
C1(NC2=NC=CC=C2)=CC=CC=N1,C1(NC2=NC=CC=C2)=CC=CC=N1,C1(C(N=CC=C2)=C2C3=C4NC(C5=CC=CC=C5)=N3)=C4C=CC=N1,2,10.1016/j.ejmech.2013.04.006,,Du145,,48,26.0
C1(NC2=NC=CC=C2)=CC=CC=N1,C1(NC2=NC=CC=C2)=CC=CC=N1,C1(C(N=CC=C2)=C2C3=C4NC(C5=CC=CC=C5)=N3)=C4C=CC=N1,2,10.1016/j.ejmech.2013.04.006,,HeLa,,48,31.0
C1(NC2=NC=CC=C2)=CC=CC=N1,C1(NC2=NC=CC=C2)=CC=CC=N1,C1(C(N=CC=C2)=C2C3=C4NC(C5=CC=CC=C5)=N3)=C4C=CC=N1,2,10.1016/j.ejmech.2013.04.006,,MCF.7,,48,41.0
C1(NC2=NC=CC=C2)=CC=CC=N1,C1(NC2=NC=CC=C2)=CC=CC=N1,OC(C(OCC)=C1)=CC=C1C(N2)=NC3=C2C4=C(C5=C3C=CC=N5)N=CC=C4,2,10.1016/j.ejmech.2013.04.006,,A549,,48,68.0
C1(NC2=NC=CC=C2)=CC=CC=N1,C1(NC2=NC=CC=C2)=CC=CC=N1,OC(C(OCC)=C1)=CC=C1C(N2)=NC3=C2C4=C(C5=C3C=CC=N5)N=CC=C4,2,10.1016/j.ejmech.2013.04.006,,Du145,,48,52.0
C1(NC2=NC=CC=C2)=CC=CC=N1,C1(NC2=NC=CC=C2)=CC=CC=N1,OC(C(OCC)=C1)=CC=C1C(N2)=NC3=C2C4=C(C5=C3C=CC=N5)N=CC=C4,2,10.1016/j.ejmech.2013.04.006,,HeLa,,48,45.0
C1(NC2=NC=CC=C2)=CC=CC=N1,C1(NC2=NC=CC=C2)=CC=CC=N1,OC(C(OCC)=C1)=CC=C1C(N2)=NC3=C2C4=C(C5=C3C=CC=N5)N=CC=C4,2,10.1016/j.ejmech.2013.04.006,,MCF.7,,48,62.00
C1(C2=CC=CC=N2)=NC=CC=C1,C1(C2=CC=CC=N2)=NC=CC=C1,OC(C(Br)=C1)=CC=C1C(N2)=NC3=C2C4=C(C5=C3C=CC=N5)N=CC=C4,2,10.1089/dna.2011.1490,,BEL.7402,,48,42.3
C1(C2=CC=CC=N2)=NC=CC=C1,C1(C2=CC=CC=N2)=NC=CC=C1,OC(C(Br)=C1)=CC=C1C(N2)=NC3=C2C4=C(C5=C3C=CC=N5)N=CC=C4,2,10.1089/dna.2011.1490,,HeLa,,48,20.30
C1(C2=CC=CC=N2)=NC=CC=C1,C1(C2=CC=CC=N2)=NC=CC=C1,OC(C(Br)=C1)=CC=C1C(N2)=NC3=C2C4=C(C5=C3C=CC=N5)N=CC=C4,2,10.1089/dna.2011.1490,,MCF.7,,48,36.9
C1(C2=CC=CC=N2)=NC=CC=C1,C1(C2=CC=CC=N2)=NC=CC=C1,OC(C(Br)=C1)=CC=C1C(N2)=NC3=C2C4=C(C5=C3C=CC=N5)N=CC=C4,2,10.1089/dna.2011.1490,,MG63,,48,12.100
C1(C2=NC=CC=C2C=C3)=C3C=CC=N1,C1(C2=NC=CC=C2C=C3)=C3C=CC=N1,OC(C(Br)=C1)=CC=C1C(N2)=NC3=C2C4=C(C5=C3C=CC=N5)N=CC=C4,2,10.1089/dna.2011.1490,,BEL.7402,,48,20.60
C1(C2=NC=CC=C2C=C3)=C3C=CC=N1,C1(C2=NC=CC=C2C=C3)=C3C=CC=N1,OC(C(Br)=C1)=CC=C1C(N2)=NC3=C2C4=C(C5=C3C=CC=N5)N=CC=C4,2,10.1089/dna.2011.1490,,HeLa,,48,18.80
C1(C2=NC=CC=C2C=C3)=C3C=CC=N1,C1(C2=NC=CC=C2C=C3)=C3C=CC=N1,OC(C(Br)=C1)=CC=C1C(N2)=NC3=C2C4=C(C5=C3C=CC=N5)N=CC=C4,2,10.1089/dna.2011.1490,,MCF.7,,48,25.200
C1(C2=NC=CC=C2C=C3)=C3C=CC=N1,C1(C2=NC=CC=C2C=C3)=C3C=CC=N1,OC(C(Br)=C1)=CC=C1C(N2)=NC3=C2C4=C(C5=C3C=CC=N5)N=CC=C4,2,10.1089/dna.2011.1490,,MG63,,48,10.30
C1(C2=CC=CC=C2)=CC=NC3=C1C=CC4=C(C5=CC=CC=C5)C=CN=C34,C1(C2=CC=CC=C2)=CC=NC3=C1C=CC4=C(C5=CC=CC=C5)C=CN=C34,OC(C(Br)=C1)=CC=C1C(N2)=NC3=C2C4=C(C5=C3C=CC=N5)N=CC=C4,2,10.1089/dna.2011.1490,,BEL.7402,,48,58.30
C1(C2=CC=CC=C2)=CC=NC3=C1C=CC4=C(C5=CC=CC=C5)C=CN=C34,C1(C2=CC=CC=C2)=CC=NC3=C1C=CC4=C(C5=CC=CC=C5)C=CN=C34,OC(C(Br)=C1)=CC=C1C(N2)=NC3=C2C4=C(C5=C3C=CC=N5)N=CC=C4,2,10.1089/dna.2011.1490,,HeLa,,48,32.4
C1(C2=CC=CC=C2)=CC=NC3=C1C=CC4=C(C5=CC=CC=C5)C=CN=C34,C1(C2=CC=CC=C2)=CC=NC3=C1C=CC4=C(C5=CC=CC=C5)C=CN=C34,OC(C(Br)=C1)=CC=C1C(N2)=NC3=C2C4=C(C5=C3C=CC=N5)N=CC=C4,2,10.1089/dna.2011.1490,,MCF.7,,48,56.2
C1(C2=CC=CC=C2)=CC=NC3=C1C=CC4=C(C5=CC=CC=C5)C=CN=C34,C1(C2=CC=CC=C2)=CC=NC3=C1C=CC4=C(C5=CC=CC=C5)C=CN=C34,OC(C(Br)=C1)=CC=C1C(N2)=NC3=C2C4=C(C5=C3C=CC=N5)N=CC=C4,2,10.1089/dna.2011.1490,,MG63,,48,41.9
C1(C2=NC=CC=C2C3=C4N=C5C(C=CC=C5)=N3)=C4C=CC=N1,C1(C2=NC=CC=C2C3=C4N=C5C(C=CC=C5)=N3)=C4C=CC=N1,O=C(C1=CC2=NC3=C(N=C2C=C1)C4=CC=CN=C4C5=C3C=CC=N5)OC,2,10.1016/j.saa.2014.06.147,,HeLa,,48,19.35
C1(C2=NC=CC=C2C3=C4N=C5C(C=CC=C5)=N3)=C4C=CC=N1,C1(C2=NC=CC=C2C3=C4N=C5C(C=CC=C5)=N3)=C4C=CC=N1,O=C(C1=CC2=NC3=C(N=C2C=C1)C4=CC=CN=C4C5=C3C=CC=N5)OC,2,10.1016/j.saa.2014.06.147,,HepG2,,48,25.16
C1(C2=NC=CC=C2C3=C4N=C5C(C=CC=C5)=N3)=C4C=CC=N1,C1(C2=NC=CC=C2C3=C4N=C5C(C=CC=C5)=N3)=C4C=CC=N1,C1(C2=NC=CC=C2C3=C4N=C5C(C=CC=C5)=N3)=C4C=CC=N1,2,10.1016/j.saa.2014.06.147,,HeLa,,48,18.75
C1(C2=NC=CC=C2C3=C4N=C5C(C=CC=C5)=N3)=C4C=CC=N1,C1(C2=NC=CC=C2C3=C4N=C5C(C=CC=C5)=N3)=C4C=CC=N1,C1(C2=NC=CC=C2C3=C4N=C5C(C=CC=C5)=N3)=C4C=CC=N1,2,10.1016/j.saa.2014.06.147,,HepG2,,48,22.46
C1(C2=NC=CC=C2C3=C4N=C5C(C=CC=C5)=N3)=C4C=CC=N1,C1(C2=NC=CC=C2C3=C4N=C5C(C=CC=C5)=N3)=C4C=CC=N1,C1(C2=NC=CC=C2C=C3)=C3C=CC=N1,2,10.1016/j.ica.2012.01.023,,HeLa,,48,36.41
C1(C2=NC=CC=C2C3=C4N=C5C(C=CC=C5)=N3)=C4C=CC=N1,C1(C2=NC=CC=C2C3=C4N=C5C(C=CC=C5)=N3)=C4C=CC=N1,C1(C2=NC=CC=C2C=C3)=C3C=CC=N1,2,10.1016/j.ica.2012.01.023,,HepG2,,48,40.72
C1(C2=NC=CC=C2C3=C4N=C5C(C=CC=C5)=N3)=C4C=CC=N1,C1(C2=NC=CC=C2C3=C4N=C5C(C=CC=C5)=N3)=C4C=CC=N1,C1(C2=NC=CC=C2C3=C4N=C5C(C=CC=C5)=N3)=C4C=CC=N1,2,10.1016/j.ica.2012.01.023,,HeLa,,48,17.88
C1(C2=NC=CC=C2C3=C4N=C5C(C=CC=C5)=N3)=C4C=CC=N1,C1(C2=NC=CC=C2C3=C4N=C5C(C=CC=C5)=N3)=C4C=CC=N1,C1(C2=NC=CC=C2C3=C4N=C5C(C=CC=C5)=N3)=C4C=CC=N1,2,10.1016/j.ica.2012.01.023,,HepG2,,48,23.46
CC1=CC(C2=NC=CC(C)=C2)=NC=C1,CC1=CC(C2=NC=CC(C)=C2)=NC=C1,C1(C2=NC=CC=C2C3=C4N=C5C(C(N=C(C6=C7C8=CC=CC7=CC=C6)C8=N9)=C9C=C5)=N3)=C4C=CC=N1,2,10.1016/j.poly.2015.12.058,,BEL.7402,,48,59.4
CC1=CC(C2=NC=CC(C)=C2)=NC=C1,CC1=CC(C2=NC=CC(C)=C2)=NC=C1,C1(C2=NC=CC=C2C3=C4N=C5C(C(N=C(C6=C7C8=CC=CC7=CC=C6)C8=N9)=C9C=C5)=N3)=C4C=CC=N1,2,10.1016/j.poly.2015.12.058,,HeLa,,48,39.2
CC1=CC(C2=NC=CC(C)=C2)=NC=C1,CC1=CC(C2=NC=CC(C)=C2)=NC=C1,C1(C2=NC=CC=C2C3=C4N=C5C(C(N=C(C6=C7C8=CC=CC7=CC=C6)C8=N9)=C9C=C5)=N3)=C4C=CC=N1,2,10.1016/j.poly.2015.12.058,,MG63,,48,35.0
CC1=CC(C2=NC=CC(C)=C2)=NC=C1,CC1=CC(C2=NC=CC(C)=C2)=NC=C1,C1(C2=NC=CC=C2C3=C4N=C5C(C(N=C(C6=C7C8=CC=CC7=CC=C6)C8=N9)=C9C=C5)=N3)=C4C=CC=N1,2,10.1016/j.poly.2015.12.058,,A549,,48,24.200
C1(C2=NC=CC=C2)=NC=CC=C1,C1(C2=NC=CC=C2)=NC=CC=C1,C1(C2=NC=CC=C2C3=C4N=C5C(C(N=C(C6=C7C8=CC=CC7=CC=C6)C8=N9)=C9C=C5)=N3)=C4C=CC=N1,2,10.1016/j.poly.2015.12.058,,BEL.7402,,48,45.10
C1(C2=NC=CC=C2)=NC=CC=C1,C1(C2=NC=CC=C2)=NC=CC=C1,C1(C2=NC=CC=C2C3=C4N=C5C(C(N=C(C6=C7C8=CC=CC7=CC=C6)C8=N9)=C9C=C5)=N3)=C4C=CC=N1,2,10.1016/j.poly.2015.12.058,,HeLa,,48,58.3
C1(C2=NC=CC=C2)=NC=CC=C1,C1(C2=NC=CC=C2)=NC=CC=C1,C1(C2=NC=CC=C2C3=C4N=C5C(C(N=C(C6=C7C8=CC=CC7=CC=C6)C8=N9)=C9C=C5)=N3)=C4C=CC=N1,2,10.1016/j.poly.2015.12.058,,MG63,,48,20.70
C1(C2=NC=CC=C2)=NC=CC=C1,C1(C2=NC=CC=C2)=NC=CC=C1,C1(C2=NC=CC=C2C3=C4N=C5C(C(N=C(C6=C7C8=CC=CC7=CC=C6)C8=N9)=C9C=C5)=N3)=C4C=CC=N1,2,10.1016/j.poly.2015.12.058,,A549,,48,11.50
C1(C2=NC=CC=C2C=C3)=C3C=CC=N1,C1(C2=NC=CC=C2C=C3)=C3C=CC=N1,C1(C2=NC=CC=C2C3=C4N=C5C(C(N=C(C6=C7C8=CC=CC7=CC=C6)C8=N9)=C9C=C5)=N3)=C4C=CC=N1,2,10.1016/j.poly.2015.12.058,,BEL.7402,,48,7.100
C1(C2=NC=CC=C2C=C3)=C3C=CC=N1,C1(C2=NC=CC=C2C=C3)=C3C=CC=N1,C1(C2=NC=CC=C2C3=C4N=C5C(C(N=C(C6=C7C8=CC=CC7=CC=C6)C8=N9)=C9C=C5)=N3)=C4C=CC=N1,2,10.1016/j.poly.2015.12.058,,HeLa,,48,7.90
C1(C2=NC=CC=C2C=C3)=C3C=CC=N1,C1(C2=NC=CC=C2C=C3)=C3C=CC=N1,C1(C2=NC=CC=C2C3=C4N=C5C(C(N=C(C6=C7C8=CC=CC7=CC=C6)C8=N9)=C9C=C5)=N3)=C4C=CC=N1,2,10.1016/j.poly.2015.12.058,,MG63,,48,10.40
C1(C2=NC=CC=C2C=C3)=C3C=CC=N1,C1(C2=NC=CC=C2C=C3)=C3C=CC=N1,C1(C2=NC=CC=C2C3=C4N=C5C(C(N=C(C6=C7C8=CC=CC7=CC=C6)C8=N9)=C9C=C5)=N3)=C4C=CC=N1,2,10.1016/j.poly.2015.12.058,,A549,,48,3.40
CC1=CC=CC(C2=NC(C)=CC=C2)=N1,CC1=CC=CC(C2=NC(C)=CC=C2)=N1,C1(C2=NC=CC=C2C3=C4N=C5C(C(N=C(C6=C7C8=CC=CC7=CC=C6)C8=N9)=C9C=C5)=N3)=C4C=CC=N1,2,10.1016/j.poly.2015.12.058,,BEL.7402,,48,13.100
CC1=CC=CC(C2=NC(C)=CC=C2)=N1,CC1=CC=CC(C2=NC(C)=CC=C2)=N1,C1(C2=NC=CC=C2C3=C4N=C5C(C(N=C(C6=C7C8=CC=CC7=CC=C6)C8=N9)=C9C=C5)=N3)=C4C=CC=N1,2,10.1016/j.poly.2015.12.058,,HeLa,,48,>100
CC1=CC=CC(C2=NC(C)=CC=C2)=N1,CC1=CC=CC(C2=NC(C)=CC=C2)=N1,C1(C2=NC=CC=C2C3=C4N=C5C(C(N=C(C6=C7C8=CC=CC7=CC=C6)C8=N9)=C9C=C5)=N3)=C4C=CC=N1,2,10.1016/j.poly.2015.12.058,,MG63,,48,11.100
CC1=CC=CC(C2=NC(C)=CC=C2)=N1,CC1=CC=CC(C2=NC(C)=CC=C2)=N1,C1(C2=NC=CC=C2C3=C4N=C5C(C(N=C(C6=C7C8=CC=CC7=CC=C6)C8=N9)=C9C=C5)=N3)=C4C=CC=N1,2,10.1016/j.poly.2015.12.058,,A549,,48,9.70
C1(C2=NC=CC=C2C=C3)=C3C=CC=N1,C1(C2=NC=CC=C2C=C3)=C3C=CC=N1,C1(C(N=CC=C2)=C2C3=C4NC(/C=C/C5=CC=CO5)=N3)=C4C=CC=N1,2,10.1016/j.saa.2019.117534,,A549,,24,4.100
C1(C2=NC=CC=C2C=C3)=C3C=CC=N1,C1(C2=NC=CC=C2C=C3)=C3C=CC=N1,C1(C(N=CC=C2)=C2C3=C4NC(/C=C/C5=CC=CO5)=N3)=C4C=CC=N1,2,10.1016/j.saa.2019.117534,,HepG2,,24,>100
C1(C2=NC=CC=C2C=C3)=C3C=CC=N1,C1(C2=NC=CC=C2C=C3)=C3C=CC=N1,C1(C(N=CC=C2)=C2C3=C4NC(/C=C/C5=CC=CO5)=N3)=C4C=CC=N1,2,10.1016/j.saa.2019.117534,,SGC-7901,,24,27.0
C1(C2=NC=CC=C2C=C3)=C3C=CC=N1,C1(C2=NC=CC=C2C=C3)=C3C=CC=N1,C1(C(N=CC=C2)=C2C3=C4NC(/C=C/C5=CC=CO5)=N3)=C4C=CC=N1,2,10.1016/j.saa.2019.117534,,HeLa,,24,24.200
C1(C2=NC=CC=C2C=C3)=C3C=CC=N1,C1(C2=NC=CC=C2C=C3)=C3C=CC=N1,FC(C=C1)=CC=C1/C=C/C(N2)=NC3=C2C4=C(C5=C3C=CC=N5)N=CC=C4,2,10.1016/j.saa.2019.117534,,A549,,24,6.100
C1(C2=NC=CC=C2C=C3)=C3C=CC=N1,C1(C2=NC=CC=C2C=C3)=C3C=CC=N1,FC(C=C1)=CC=C1/C=C/C(N2)=NC3=C2C4=C(C5=C3C=CC=N5)N=CC=C4,2,10.1016/j.saa.2019.117534,,HepG2,,24,18.90
C1(C2=NC=CC=C2C=C3)=C3C=CC=N1,C1(C2=NC=CC=C2C=C3)=C3C=CC=N1,FC(C=C1)=CC=C1/C=C/C(N2)=NC3=C2C4=C(C5=C3C=CC=N5)N=CC=C4,2,10.1016/j.saa.2019.117534,,SGC-7901,,24,38.5
C1(C2=NC=CC=C2C=C3)=C3C=CC=N1,C1(C2=NC=CC=C2C=C3)=C3C=CC=N1,FC(C=C1)=CC=C1/C=C/C(N2)=NC3=C2C4=C(C5=C3C=CC=N5)N=CC=C4,2,10.1016/j.saa.2019.117534,,HeLa,,24,17.90
CC1=CC=C2C(C3=NC(C)=CC=C3C=C2)=N1,CC1=CC=C2C(C3=NC(C)=CC=C3C=C2)=N1,OC(C(Br)=C1)=CC=C1C(N2)=NC3=C2C4=C(C5=C3C=CC=N5)N=CC=C4,2,10.1080/00958972.2012.680592,,BEL.7402,,48,25.50
CC1=CC=C2C(C3=NC(C)=CC=C3C=C2)=N1,CC1=CC=C2C(C3=NC(C)=CC=C3C=C2)=N1,OC(C(Br)=C1)=CC=C1C(N2)=NC3=C2C4=C(C5=C3C=CC=N5)N=CC=C4,2,10.1080/00958972.2012.680592,,HeLa,,48,27.80
CC1=CC=C2C(C3=NC(C)=CC=C3C=C2)=N1,CC1=CC=C2C(C3=NC(C)=CC=C3C=C2)=N1,OC(C(Br)=C1)=CC=C1C(N2)=NC3=C2C4=C(C5=C3C=CC=N5)N=CC=C4,2,10.1080/00958972.2012.680592,,MCF.7,,48,39.40
CC1=CC=C2C(C3=NC(C)=CC=C3C=C2)=N1,CC1=CC=C2C(C3=NC(C)=CC=C3C=C2)=N1,OC(C(Br)=C1)=CC=C1C(N2)=NC3=C2C4=C(C5=C3C=CC=N5)N=CC=C4,2,10.1080/00958972.2012.680592,,MG63,,48,19.40
CC1=CC(C2=NC=CC(C)=C2)=NC=C1,CC1=CC(C2=NC=CC(C)=C2)=NC=C1,OC(C(Br)=C1)=CC=C1C(N2)=NC3=C2C4=C(C5=C3C=CC=N5)N=CC=C4,2,10.1080/00958972.2012.680592,,BEL.7402,,48,16.90
CC1=CC(C2=NC=CC(C)=C2)=NC=C1,CC1=CC(C2=NC=CC(C)=C2)=NC=C1,OC(C(Br)=C1)=CC=C1C(N2)=NC3=C2C4=C(C5=C3C=CC=N5)N=CC=C4,2,10.1080/00958972.2012.680592,,HeLa,,48,13.20
CC1=CC(C2=NC=CC(C)=C2)=NC=C1,CC1=CC(C2=NC=CC(C)=C2)=NC=C1,OC(C(Br)=C1)=CC=C1C(N2)=NC3=C2C4=C(C5=C3C=CC=N5)N=CC=C4,2,10.1080/00958972.2012.680592,,MCF.7,,48,16.50
CC1=CC(C2=NC=CC(C)=C2)=NC=C1,CC1=CC(C2=NC=CC(C)=C2)=NC=C1,OC(C(Br)=C1)=CC=C1C(N2)=NC3=C2C4=C(C5=C3C=CC=N5)N=CC=C4,2,10.1080/00958972.2012.680592,,MG63,,48,17.100
C12=NC=CC=C1C=CC3=CC=CN=C23,C12=NC=CC=C1C=CC3=CC=CN=C23,CN(C)C(C=C1)=CC=C1C(N2)=NC3=C2C4=C(C5=C3C=CC=N5)N=CC=C4,2,10.1007/s10895-014-1355-6,,A549,,48,30.0
C12=NC=CC=C1C=CC3=CC=CN=C23,C12=NC=CC=C1C=CC3=CC=CN=C23,CN(C)C(C=C1)=CC=C1C(N2)=NC3=C2C4=C(C5=C3C=CC=N5)N=CC=C4,2,10.1007/s10895-014-1355-6,,HeLa,,48,28.0
C1(C2=NC=CC=C2)=NC=CC=C1,C1(C2=NC=CC=C2)=NC=CC=C1,CN(C)C(C=C1)=CC=C1C(N2)=NC3=C2C4=C(C5=C3C=CC=N5)N=CC=C4,2,10.1007/s10895-014-1355-6,,A549,,48,27.0
C1(C2=NC=CC=C2)=NC=CC=C1,C1(C2=NC=CC=C2)=NC=CC=C1,CN(C)C(C=C1)=CC=C1C(N2)=NC3=C2C4=C(C5=C3C=CC=N5)N=CC=C4,2,10.1007/s10895-014-1355-6,,HeLa,,48,35.0
CC1=CC(C2=NC=CC(C)=C2)=NC=C1,CC1=CC(C2=NC=CC(C)=C2)=NC=C1,C12=CC=NC(C3=[C-]C=CC=C3)=C1NC4=C2C=CC=C4,1,10.1016/j.ejmech.2017.09.007,1.38,A549,,48,2.200
CC1=CC(C2=NC=CC(C)=C2)=NC=C1,CC1=CC(C2=NC=CC(C)=C2)=NC=C1,C12=CC=NC(C3=[C-]C=CC=C3)=C1NC4=C2C=CC=C4,1,10.1016/j.ejmech.2017.09.007,1.38,HeLa,,48,1.90
CC1=CC(C2=NC=CC(C)=C2)=NC=C1,CC1=CC(C2=NC=CC(C)=C2)=NC=C1,C12=CC=NC(C3=[C-]C=CC=C3)=C1NC4=C2C=CC=C4,1,10.1016/j.ejmech.2017.09.007,1.38,NCl-H460,,48,3.80
CC1=CC(C2=NC=CC(C)=C2)=NC=C1,CC1=CC(C2=NC=CC(C)=C2)=NC=C1,C12=CC=NC(C3=[C-]C=CC=C3)=C1NC4=C2C=CC=C4,1,10.1016/j.ejmech.2017.09.007,1.38,HepG2,,48,10.30
C1(C2=NC=CC=C2)=NC=CC=C1,C1(C2=NC=CC=C2)=NC=CC=C1,C12=CC=NC(C3=[C-]C=CC=C3)=C1NC4=C2C=CC=C4,1,10.1016/j.ejmech.2017.09.007,1.22,A549,nucleus,48,3.60
C1(C2=NC=CC=C2)=NC=CC=C1,C1(C2=NC=CC=C2)=NC=CC=C1,C12=CC=NC(C3=[C-]C=CC=C3)=C1NC4=C2C=CC=C4,1,10.1016/j.ejmech.2017.09.007,1.22,HeLa,nucleus,48,3.40
C1(C2=NC=CC=C2)=NC=CC=C1,C1(C2=NC=CC=C2)=NC=CC=C1,C12=CC=NC(C3=[C-]C=CC=C3)=C1NC4=C2C=CC=C4,1,10.1016/j.ejmech.2017.09.007,1.22,NCl-H460,nucleus,48,4.90
C1(C2=NC=CC=C2)=NC=CC=C1,C1(C2=NC=CC=C2)=NC=CC=C1,C12=CC=NC(C3=[C-]C=CC=C3)=C1NC4=C2C=CC=C4,1,10.1016/j.ejmech.2017.09.007,1.22,HepG2,nucleus,48,15.80
C1(C2=NC=CC=C2)=NC=CC=C1,C1(C2=NC=CC=C2)=NC=CC=C1,[O-]C(C1=NC(C)=CC=C1)=O,1,10.1080/00958972.2017.1282611,,HeLa,,72,>200
C1(C2=NC=CC=C2)=NC=CC=C1,C1(C2=NC=CC=C2)=NC=CC=C1,[O-]C(C1=NC(C)=CC=C1)=O,1,10.1080/00958972.2017.1282611,,A549,,72,>200
C1(C2=NC=CC=C2)=NC=CC=C1,C1(C2=NC=CC=C2)=NC=CC=C1,[O-]C(C1=NC(C)=CC=C1)=O,1,10.1080/00958972.2017.1282611,,LS-174,,72,>200
C1(C2=NC=CC=C2)=NC=CC=C1,C1(C2=NC=CC=C2)=NC=CC=C1,[O-]C(C1=NC(C)=CC=C1)=O,1,10.1080/00958972.2017.1282611,,MRC-5,,72,>200
C1(C2=NC=CC=C2)=NC=CC=C1,C1(C2=NC=CC=C2)=NC=CC=C1,[O-]C(C1=NC=CC=C1C)=O,1,10.1080/00958972.2017.1282611,,HeLa,,72,132.0
C1(C2=NC=CC=C2)=NC=CC=C1,C1(C2=NC=CC=C2)=NC=CC=C1,[O-]C(C1=NC=CC=C1C)=O,1,10.1080/00958972.2017.1282611,,A549,,72,>200
C1(C2=NC=CC=C2)=NC=CC=C1,C1(C2=NC=CC=C2)=NC=CC=C1,[O-]C(C1=NC=CC=C1C)=O,1,10.1080/00958972.2017.1282611,,LS-174,,72,180.0
C1(C2=NC=CC=C2)=NC=CC=C1,C1(C2=NC=CC=C2)=NC=CC=C1,[O-]C(C1=NC=CC=C1C)=O,1,10.1080/00958972.2017.1282611,,MRC-5,,72,>200
C1(C2=NC=CC=C2)=NC=CC=C1,C1(C2=NC=CC=C2)=NC=CC=C1,[O-]C(C1=NC=CC(Br)=C1)=O,1,10.1080/00958972.2017.1282611,,HeLa,,72,184.0
C1(C2=NC=CC=C2)=NC=CC=C1,C1(C2=NC=CC=C2)=NC=CC=C1,[O-]C(C1=NC=CC(Br)=C1)=O,1,10.1080/00958972.2017.1282611,,A549,,72,>200
C1(C2=NC=CC=C2)=NC=CC=C1,C1(C2=NC=CC=C2)=NC=CC=C1,[O-]C(C1=NC=CC(Br)=C1)=O,1,10.1080/00958972.2017.1282611,,LS-174,,72,>200
C1(C2=NC=CC=C2)=NC=CC=C1,C1(C2=NC=CC=C2)=NC=CC=C1,[O-]C(C1=NC=CC(Br)=C1)=O,1,10.1080/00958972.2017.1282611,,MRC-5,,72,>200
C1(C2=NC=CC=C2)=NC=CC=C1,C1(C2=NC=CC=C2)=NC=CC=C1,[O-]C(C1=NC=CC=C1Br)=O,1,10.1080/00958972.2017.1282611,,HeLa,,72,148.0
C1(C2=NC=CC=C2)=NC=CC=C1,C1(C2=NC=CC=C2)=NC=CC=C1,[O-]C(C1=NC=CC=C1Br)=O,1,10.1080/00958972.2017.1282611,,A549,,72,>200
C1(C2=NC=CC=C2)=NC=CC=C1,C1(C2=NC=CC=C2)=NC=CC=C1,[O-]C(C1=NC=CC=C1Br)=O,1,10.1080/00958972.2017.1282611,,LS-174,,72,>200
C1(C2=NC=CC=C2)=NC=CC=C1,C1(C2=NC=CC=C2)=NC=CC=C1,[O-]C(C1=NC=CC=C1Br)=O,1,10.1080/00958972.2017.1282611,,MRC-5,,72,>200
C12=NC=CC=C1C=CC3=CC=CN=C23,C12=NC=CC=C1C=CC3=CC=CN=C23,CC1=NC(C2=NC(C)=CC=C2C3=C4N=C5C(C=CC=C5)=N3)=C4C=C1,2,10.1007/s11243-011-9575-y,,MCF.7,,48,21.70
C12=NC=CC=C1C=CC3=CC=CN=C23,C12=NC=CC=C1C=CC3=CC=CN=C23,CC1=NC(C2=NC(C)=CC=C2C3=C4N=C5C(C=CC=C5)=N3)=C4C=C1,2,10.1007/s11243-011-9575-y,,HeLa,,48,16.90
C12=NC=CC=C1C=CC3=CC=CN=C23,C12=NC=CC=C1C=CC3=CC=CN=C23,CC1=NC(C2=NC(C)=CC=C2C3=C4N=C5C(C=CC=C5)=N3)=C4C=C1,2,10.1007/s11243-011-9575-y,,BEL.7402,,48,13.80
C12=NC=CC=C1C=CC3=CC=CN=C23,C12=NC=CC=C1C=CC3=CC=CN=C23,CC1=NC(C2=NC(C)=CC=C2C3=C4N=C5C(C=CC=C5)=N3)=C4C=C1,2,10.1007/s11243-011-9575-y,,MG63,,48,35.7
CC1=CC=C2C(C3=NC(C)=CC=C3C=C2)=N1,CC1=CC=C2C(C3=NC(C)=CC=C3C=C2)=N1,CC1=NC(C2=NC(C)=CC=C2C3=C4N=C5C(C=CC=C5)=N3)=C4C=C1,2,10.1007/s11243-011-9575-y,,MCF.7,,48,5.100
CC1=CC=C2C(C3=NC(C)=CC=C3C=C2)=N1,CC1=CC=C2C(C3=NC(C)=CC=C3C=C2)=N1,CC1=NC(C2=NC(C)=CC=C2C3=C4N=C5C(C=CC=C5)=N3)=C4C=C1,2,10.1007/s11243-011-9575-y,,HeLa,,48,4.70
CC1=CC=C2C(C3=NC(C)=CC=C3C=C2)=N1,CC1=CC=C2C(C3=NC(C)=CC=C3C=C2)=N1,CC1=NC(C2=NC(C)=CC=C2C3=C4N=C5C(C=CC=C5)=N3)=C4C=C1,2,10.1007/s11243-011-9575-y,,BEL.7402,,48,8.40
CC1=CC=C2C(C3=NC(C)=CC=C3C=C2)=N1,CC1=CC=C2C(C3=NC(C)=CC=C3C=C2)=N1,CC1=NC(C2=NC(C)=CC=C2C3=C4N=C5C(C=CC=C5)=N3)=C4C=C1,2,10.1007/s11243-011-9575-y,,MG63,,48,6.40
C12=NC=CC=C1C=CC3=CC=CN=C23,C12=NC=CC=C1C=CC3=CC=CN=C23,OB(O)C1=CC(C(N2)=NC3=C2C4=C(C5=C3C=CC=N5)N=CC=C4)=CC=C1,2,10.1007/s10895-013-1283-x,,A549,,48,0.798
C12=NC=CC=C1C=CC3=CC=CN=C23,C12=NC=CC=C1C=CC3=CC=CN=C23,OB(O)C1=CC(C(N2)=NC3=C2C4=C(C5=C3C=CC=N5)N=CC=C4)=CC=C1,2,10.1007/s10895-013-1283-x,,MCF.7,,48,2.582
C12=NC=CC=C1C=CC3=CC=CN=C23,C12=NC=CC=C1C=CC3=CC=CN=C23,OB(O)C1=CC(C(N2)=NC3=C2C4=C(C5=C3C=CC=N5)N=CC=C4)=CC=C1,2,10.1007/s10895-013-1283-x,,HeLa,,48,18.185
C12=NC=CC=C1C=CC3=CC=CN=C23,C12=NC=CC=C1C=CC3=CC=CN=C23,OB(O)C1=CC(C(N2)=NC3=C2C4=C(C5=C3C=CC=N5)N=CC=C4)=CC=C1,2,10.1007/s10895-013-1283-x,,MDA-MB-231,,48,7.952
C1(C2=NC=CC=C2)=NC=CC=C1,C1(C2=NC=CC=C2)=NC=CC=C1,OB(O)C1=CC(C(N2)=NC3=C2C4=C(C5=C3C=CC=N5)N=CC=C4)=CC=C1,2,10.1007/s10895-013-1283-x,,A549,,48,5.312
C1(C2=NC=CC=C2)=NC=CC=C1,C1(C2=NC=CC=C2)=NC=CC=C1,OB(O)C1=CC(C(N2)=NC3=C2C4=C(C5=C3C=CC=N5)N=CC=C4)=CC=C1,2,10.1007/s10895-013-1283-x,,MCF.7,,48,5.678
C1(C2=NC=CC=C2)=NC=CC=C1,C1(C2=NC=CC=C2)=NC=CC=C1,OB(O)C1=CC(C(N2)=NC3=C2C4=C(C5=C3C=CC=N5)N=CC=C4)=CC=C1,2,10.1007/s10895-013-1283-x,,HeLa,,48,39.845
C1(C2=NC=CC=C2)=NC=CC=C1,C1(C2=NC=CC=C2)=NC=CC=C1,OB(O)C1=CC(C(N2)=NC3=C2C4=C(C5=C3C=CC=N5)N=CC=C4)=CC=C1,2,10.1007/s10895-013-1283-x,,MDA-MB-231,,48,18.192
CC1=CC(C2=NC=CC(C)=C2)=NC=C1,CC1=CC(C2=NC=CC(C)=C2)=NC=C1,OB(O)C1=CC(C(N2)=NC3=C2C4=C(C5=C3C=CC=N5)N=CC=C4)=CC=C1,2,10.1007/s10895-013-1283-x,,A549,,48,28.29114
CC1=CC(C2=NC=CC(C)=C2)=NC=C1,CC1=CC(C2=NC=CC(C)=C2)=NC=C1,OB(O)C1=CC(C(N2)=NC3=C2C4=C(C5=C3C=CC=N5)N=CC=C4)=CC=C1,2,10.1007/s10895-013-1283-x,,MCF.7,,48,20.8069
CC1=CC(C2=NC=CC(C)=C2)=NC=C1,CC1=CC(C2=NC=CC(C)=C2)=NC=C1,OB(O)C1=CC(C(N2)=NC3=C2C4=C(C5=C3C=CC=N5)N=CC=C4)=CC=C1,2,10.1007/s10895-013-1283-x,,HeLa,,48,30.517
CC1=CC(C2=NC=CC(C)=C2)=NC=C1,CC1=CC(C2=NC=CC(C)=C2)=NC=C1,OB(O)C1=CC(C(N2)=NC3=C2C4=C(C5=C3C=CC=N5)N=CC=C4)=CC=C1,2,10.1007/s10895-013-1283-x,,MDA-MB-231,,48,25.973
CC1=NC(C2=NC(C)=CC=C2C3=C4N=C5C(C=CC=C5)=N3)=C4C=C1,CC1=NC(C2=NC(C)=CC=C2C3=C4N=C5C(C=CC=C5)=N3)=C4C=C1,CC1=NC(C2=NC(C)=CC=C2C3=C4N=C5C(C=CC=C5)=N3)=C4C=C1,2,10.1002/cbic.202000289,3.080,MRC-5,,48,42.28
CC1=NC(C2=NC(C)=CC=C2C3=C4N=C5C(C=CC=C5)=N3)=C4C=C1,CC1=NC(C2=NC(C)=CC=C2C3=C4N=C5C(C=CC=C5)=N3)=C4C=C1,CC1=NC(C2=NC(C)=CC=C2C3=C4N=C5C(C=CC=C5)=N3)=C4C=C1,2,10.1002/cbic.202000289,3.080,HeLa,,48,>100
CC1=NC(C2=NC(C)=CC=C2C3=C4N=C5C(C=C(F)C(F)=C5)=N3)=C4C=C1,CC1=NC(C2=NC(C)=CC=C2C3=C4N=C5C(C=C(F)C(F)=C5)=N3)=C4C=C1,CC1=NC(C2=NC(C)=CC=C2C3=C4N=C5C(C=C(F)C(F)=C5)=N3)=C4C=C1,2,10.1002/cbic.202000289,3.44,MRC-5,,48,41.05
CC1=NC(C2=NC(C)=CC=C2C3=C4N=C5C(C=C(F)C(F)=C5)=N3)=C4C=C1,CC1=NC(C2=NC(C)=CC=C2C3=C4N=C5C(C=C(F)C(F)=C5)=N3)=C4C=C1,CC1=NC(C2=NC(C)=CC=C2C3=C4N=C5C(C=C(F)C(F)=C5)=N3)=C4C=C1,2,10.1002/cbic.202000289,3.44,HeLa,,48,>100
CC1=NC(C2=NC(C)=CC=C2C3=C4N=C5C(C=C(Cl)C(Cl)=C5)=N3)=C4C=C1,CC1=NC(C2=NC(C)=CC=C2C3=C4N=C5C(C=C(Cl)C(Cl)=C5)=N3)=C4C=C1,CC1=NC(C2=NC(C)=CC=C2C3=C4N=C5C(C=C(Cl)C(Cl)=C5)=N3)=C4C=C1,2,10.1002/cbic.202000289,4.33,MRC-5,,48,34.30
CC1=NC(C2=NC(C)=CC=C2C3=C4N=C5C(C=C(Cl)C(Cl)=C5)=N3)=C4C=C1,CC1=NC(C2=NC(C)=CC=C2C3=C4N=C5C(C=C(Cl)C(Cl)=C5)=N3)=C4C=C1,CC1=NC(C2=NC(C)=CC=C2C3=C4N=C5C(C=C(Cl)C(Cl)=C5)=N3)=C4C=C1,2,10.1002/cbic.202000289,4.33,HeLa,,48,>100
CC1=NC(C2=NC(C)=CC=C2C3=C4N=C5C(C=C(Br)C(Br)=C5)=N3)=C4C=C1,CC1=NC(C2=NC(C)=CC=C2C3=C4N=C5C(C=C(Br)C(Br)=C5)=N3)=C4C=C1,CC1=NC(C2=NC(C)=CC=C2C3=C4N=C5C(C=C(Br)C(Br)=C5)=N3)=C4C=C1,2,10.1002/cbic.202000289,4.51,MRC-5,,48,23.0
CC1=NC(C2=NC(C)=CC=C2C3=C4N=C5C(C=C(Br)C(Br)=C5)=N3)=C4C=C1,CC1=NC(C2=NC(C)=CC=C2C3=C4N=C5C(C=C(Br)C(Br)=C5)=N3)=C4C=C1,CC1=NC(C2=NC(C)=CC=C2C3=C4N=C5C(C=C(Br)C(Br)=C5)=N3)=C4C=C1,2,10.1002/cbic.202000289,4.51,HeLa,,48,>100
CC1=NC(C2=NC(C)=CC=C2C3=C4N=C5C(C=C(I)C(I)=C5)=N3)=C4C=C1,CC1=NC(C2=NC(C)=CC=C2C3=C4N=C5C(C=C(I)C(I)=C5)=N3)=C4C=C1,CC1=NC(C2=NC(C)=CC=C2C3=C4N=C5C(C=C(I)C(I)=C5)=N3)=C4C=C1,2,10.1002/cbic.202000289,4.64,MRC-5,,48,43.01
CC1=NC(C2=NC(C)=CC=C2C3=C4N=C5C(C=C(I)C(I)=C5)=N3)=C4C=C1,CC1=NC(C2=NC(C)=CC=C2C3=C4N=C5C(C=C(I)C(I)=C5)=N3)=C4C=C1,CC1=NC(C2=NC(C)=CC=C2C3=C4N=C5C(C=C(I)C(I)=C5)=N3)=C4C=C1,2,10.1002/cbic.202000289,6.64,HeLa,,48,>100
C12=NC=CC=C1C=CC3=CC=CN=C23,C12=NC=CC=C1C=CC3=CC=CN=C23,CCN(CC)C(C=C1)=CC=C1C(N2)=NC3=C2C4=C(C5=C3C=CC=N5)N=CC=C4,2,10.1007/s10895-017-2091-5,,HeLa,,48,32.50
C12=NC=CC=C1C=CC3=CC=CN=C23,C12=NC=CC=C1C=CC3=CC=CN=C23,CCN(CC)C(C=C1)=CC=C1C(N2)=NC3=C2C4=C(C5=C3C=CC=N5)N=CC=C4,2,10.1007/s10895-017-2091-5,,PC-3,,48,60.39
C12=NC=CC=C1C=CC3=CC=CN=C23,C12=NC=CC=C1C=CC3=CC=CN=C23,CCN(CC)C(C=C1)=CC=C1C(N2)=NC3=C2C4=C(C5=C3C=CC=N5)N=CC=C4,2,10.1007/s10895-017-2091-5,,LanCap,,48,67.17
C12=NC=CC=C1C=CC3=CC=CN=C23,C12=NC=CC=C1C=CC3=CC=CN=C23,CCN(CC)C(C=C1)=CC=C1C(N2)=NC3=C2C4=C(C5=C3C=CC=N5)N=CC=C4,2,10.1007/s10895-017-2091-5,,MCF.7,,48,60.09
C12=NC=CC=C1C=CC3=CC=CN=C23,C12=NC=CC=C1C=CC3=CC=CN=C23,CCN(CC)C(C=C1)=CC=C1C(N2)=NC3=C2C4=C(C5=C3C=CC=N5)N=CC=C4,2,10.1007/s10895-017-2091-5,,MD-MBA-231,,48,64.04
C1(C2=NC=CC=C2)=NC=CC=C1,C1(C2=NC=CC=C2)=NC=CC=C1,CCN(CC)C(C=C1)=CC=C1C(N2)=NC3=C2C4=C(C5=C3C=CC=N5)N=CC=C4,2,10.1007/s10895-017-2091-5,,HeLa,,48,41.30
C1(C2=NC=CC=C2)=NC=CC=C1,C1(C2=NC=CC=C2)=NC=CC=C1,CCN(CC)C(C=C1)=CC=C1C(N2)=NC3=C2C4=C(C5=C3C=CC=N5)N=CC=C4,2,10.1007/s10895-017-2091-5,,PC-3,,48,75.57
C1(C2=NC=CC=C2)=NC=CC=C1,C1(C2=NC=CC=C2)=NC=CC=C1,CCN(CC)C(C=C1)=CC=C1C(N2)=NC3=C2C4=C(C5=C3C=CC=N5)N=CC=C4,2,10.1007/s10895-017-2091-5,,LanCap,,48,75.7
C1(C2=NC=CC=C2)=NC=CC=C1,C1(C2=NC=CC=C2)=NC=CC=C1,CCN(CC)C(C=C1)=CC=C1C(N2)=NC3=C2C4=C(C5=C3C=CC=N5)N=CC=C4,2,10.1007/s10895-017-2091-5,,MCF.7,,48,76.7
C1(C2=NC=CC=C2)=NC=CC=C1,C1(C2=NC=CC=C2)=NC=CC=C1,CCN(CC)C(C=C1)=CC=C1C(N2)=NC3=C2C4=C(C5=C3C=CC=N5)N=CC=C4,2,10.1007/s10895-017-2091-5,,MD-MBA-231,,48,74.29
CC1=CC(C2=NC=CC(C)=C2)=NC=C1,CC1=CC(C2=NC=CC(C)=C2)=NC=C1,CCN(CC)C(C=C1)=CC=C1C(N2)=NC3=C2C4=C(C5=C3C=CC=N5)N=CC=C4,2,10.1007/s10895-017-2091-5,,HeLa,,48,49.17
CC1=CC(C2=NC=CC(C)=C2)=NC=C1,CC1=CC(C2=NC=CC(C)=C2)=NC=C1,CCN(CC)C(C=C1)=CC=C1C(N2)=NC3=C2C4=C(C5=C3C=CC=N5)N=CC=C4,2,10.1007/s10895-017-2091-5,,PC-3,,48,76.17
CC1=CC(C2=NC=CC(C)=C2)=NC=C1,CC1=CC(C2=NC=CC(C)=C2)=NC=C1,CCN(CC)C(C=C1)=CC=C1C(N2)=NC3=C2C4=C(C5=C3C=CC=N5)N=CC=C4,2,10.1007/s10895-017-2091-5,,LanCap,,48,76.1
CC1=CC(C2=NC=CC(C)=C2)=NC=C1,CC1=CC(C2=NC=CC(C)=C2)=NC=C1,CCN(CC)C(C=C1)=CC=C1C(N2)=NC3=C2C4=C(C5=C3C=CC=N5)N=CC=C4,2,10.1007/s10895-017-2091-5,,MCF.7,,48,76.5
CC1=CC(C2=NC=CC(C)=C2)=NC=C1,CC1=CC(C2=NC=CC(C)=C2)=NC=C1,CCN(CC)C(C=C1)=CC=C1C(N2)=NC3=C2C4=C(C5=C3C=CC=N5)N=CC=C4,2,10.1007/s10895-017-2091-5,,MD-MBA-231,,48,77.93
C12=NC=CC=C1C=CC3=CC=CN=C23,C12=NC=CC=C1C=CC3=CC=CN=C23,O=C1C2=C(C=CC(Br)=C2)OC=C1C(N3)=NC4=C3C5=C(C6=C4C=CC=N6)N=CC=C5,2,10.1016/j.jphotobiol.2014.09.003,,HeLa,cytoplasm,48,18.15
C1(C2=NC=CC=C2)=NC=CC=C1,C1(C2=NC=CC=C2)=NC=CC=C1,O=C1C2=C(C=CC(Br)=C2)OC=C1C(N3)=NC4=C3C5=C(C6=C4C=CC=N6)N=CC=C5,2,10.1016/j.jphotobiol.2014.09.003,,HeLa,cytoplasm,48,29.060
CC1=CC(C2=NC=CC(C)=C2)=NC=C1,CC1=CC(C2=NC=CC(C)=C2)=NC=C1,O=C1C2=C(C=CC(Br)=C2)OC=C1C(N3)=NC4=C3C5=C(C6=C4C=CC=N6)N=CC=C5,2,10.1016/j.jphotobiol.2014.09.003,,HeLa,cytoplasm,48,36.30
C1(C2=NC=CC=C2)=NC=CC=C1,C1(C2=NC=CC=C2)=NC=CC=C1,ClC(C=C1)=CC=C1/N=N/C2=CC=C[NH2+]2,1,10.1080/00958972.2013.814048,,HeLa,,24,22.0
C1(C2=NC=CC=C2)=NC=CC=C1,C1(C2=NC=CC=C2)=NC=CC=C1,ClC(C=C1)=CC=C1/N=N/C2=CC=C[NH2+]2,1,10.1080/00958972.2013.814048,,MCF.7,,24,22.0
C1(C2=NC=CC=C2)=NC=CC=C1,C1(C2=NC=CC=C2)=NC=CC=C1,ClC(C=C1)=CC=C1/N=N/C2=CC=C[NH2+]2,1,10.1080/00958972.2013.814048,,MDA-MB-231,,24,20.0
C1(C2=NC=CC=C2)=NC=CC=C1,C1(C2=NC=CC=C2)=NC=CC=C1,O=[N+](C(C=C1)=CC=C1/N=N/C2=CC=C[NH2+]2)[O-],1,10.1080/00958972.2013.814048,,HeLa,,24,75.4
C1(C2=NC=CC=C2)=NC=CC=C1,C1(C2=NC=CC=C2)=NC=CC=C1,OC(C=CC(OC)=C1)=C1C(N2)=NC3=C2C4=C(C5=C3C=CC=N5)N=CC=C4,2,10.1016/j.matpr.2023.03.361,,HeLa,,24,99.80
C1(C2=NC=CC=C2C3=C4N=C5C(C=CC=C5)=N3)=C4C=CC=N1,C1(C2=NC=CC=C2C3=C4N=C5C(C=CC=C5)=N3)=C4C=CC=N1,OC(C1=NC(C2=NC=CC=C2)=NC=C1)=O,2,10.1002/ange.201309576,,HeLa,mitochondria,4,16.0
C1(C2=NC=CC=C2C3=C4N=C5C(C=CC=C5)=N3)=C4C=CC=N1,C1(C2=NC=CC=C2C3=C4N=C5C(C=CC=C5)=N3)=C4C=CC=N1,OC(C1=NC(C2=NC=CC=C2)=NC=C1)=O,2,10.1002/ange.201309576,,U2OS,mitochondria,4,30.50
C1(C2=NC=CC=C2C3=C4N=C5C(C=CC=C5)=N3)=C4C=CC=N1,C1(C2=NC=CC=C2C3=C4N=C5C(C=CC=C5)=N3)=C4C=CC=N1,OC(C1=NC(C2=NC=CC=C2)=NC=C1)=O,2,10.1002/ange.201309576,,HeLa,mitochondria,48,10.0
C1(C2=NC=CC=C2C3=C4N=C5C(C=CC=C5)=N3)=C4C=CC=N1,C1(C2=NC=CC=C2C3=C4N=C5C(C=CC=C5)=N3)=C4C=CC=N1,OC(C1=NC(C2=NC=CC=C2)=NC=C1)=O,2,10.1002/ange.201309576,,U2OS,mitochondria,48,13.50
C1(C2=NC=CC=C2C3=C4N=C5C(C=CC=C5)=N3)=C4C=CC=N1,C1(C2=NC=CC=C2C3=C4N=C5C(C=CC=C5)=N3)=C4C=CC=N1,OC(C1=NC(C2=NC=CC=C2)=NC=C1)=O,2,10.1002/ange.201309576,,MRC-5,mitochondria,48,15.100
C1(C2=NC=CC=C2C3=C4N=C5C(C=CC=C5)=N3)=C4C=CC=N1,C1(C2=NC=CC=C2C3=C4N=C5C(C=CC=C5)=N3)=C4C=CC=N1,O=C(OC(C)C(C)C1=CC(OC)=C(OC)C=C1[N+]([O-])=O)C2=CC=NC(C3=NC=CC=C3)=N2,2,10.1002/ange.201309576,,HeLa,nucleus,4,>100
C1(C2=NC=CC=C2C3=C4N=C5C(C=CC=C5)=N3)=C4C=CC=N1,C1(C2=NC=CC=C2C3=C4N=C5C(C=CC=C5)=N3)=C4C=CC=N1,O=C(OC(C)C(C)C1=CC(OC)=C(OC)C=C1[N+]([O-])=O)C2=CC=NC(C3=NC=CC=C3)=N2,2,10.1002/ange.201309576,,U2OS,nucleus,4,>100
C1(C2=NC=CC=C2C3=C4N=C5C(C=CC=C5)=N3)=C4C=CC=N1,C1(C2=NC=CC=C2C3=C4N=C5C(C=CC=C5)=N3)=C4C=CC=N1,O=C(OC(C)C(C)C1=CC(OC)=C(OC)C=C1[N+]([O-])=O)C2=CC=NC(C3=NC=CC=C3)=N2,2,10.1002/ange.201309576,,HeLa,nucleus,48,85.8
C1(C2=NC=CC=C2C3=C4N=C5C(C=CC=C5)=N3)=C4C=CC=N1,C1(C2=NC=CC=C2C3=C4N=C5C(C=CC=C5)=N3)=C4C=CC=N1,O=C(OC(C)C(C)C1=CC(OC)=C(OC)C=C1[N+]([O-])=O)C2=CC=NC(C3=NC=CC=C3)=N2,2,10.1002/ange.201309576,,U2OS,nucleus,48,>100
C1(C2=NC=CC=C2C3=C4N=C5C(C=CC=C5)=N3)=C4C=CC=N1,C1(C2=NC=CC=C2C3=C4N=C5C(C=CC=C5)=N3)=C4C=CC=N1,O=C(OC(C)C(C)C1=CC(OC)=C(OC)C=C1[N+]([O-])=O)C2=CC=NC(C3=NC=CC=C3)=N2,2,10.1002/ange.201309576,,MRC-5,nucleus,48,85.3
C1(C2=NC=CC=C2C3=C4N=C5C(C=CC=C5)=N3)=C4C=CC=N1,C1(C2=NC=CC=C2C3=C4N=C5C(C=CC=C5)=N3)=C4C=CC=N1,O=C(OC(C)C(C)C1=CC(OC)=C(OC)C=C1[N+]([O-])=O)C2=CC=NC(C3=NC=CC=C3)=N2,2,10.1002/ange.201309576,,HeLa,cytoplasm,4,>100
C1(C2=NC=CC=C2C3=C4N=C5C(C=CC=C5)=N3)=C4C=CC=N1,C1(C2=NC=CC=C2C3=C4N=C5C(C=CC=C5)=N3)=C4C=CC=N1,O=C(OC(C)C(C)C1=CC(OC)=C(OC)C=C1[N+]([O-])=O)C2=CC=NC(C3=NC=CC=C3)=N2,2,10.1002/ange.201309576,,U2OS,cytoplasm,4,>100
C1(C2=NC=CC=C2C3=C4N=C5C(C=CC=C5)=N3)=C4C=CC=N1,C1(C2=NC=CC=C2C3=C4N=C5C(C=CC=C5)=N3)=C4C=CC=N1,O=C(OC(C)C(C)C1=CC(OC)=C(OC)C=C1[N+]([O-])=O)C2=CC=NC(C3=NC=CC=C3)=N2,2,10.1002/ange.201309576,,HeLa,cytoplasm,48,85.8
C1(C2=NC=CC=C2C3=C4N=C5C(C=CC=C5)=N3)=C4C=CC=N1,C1(C2=NC=CC=C2C3=C4N=C5C(C=CC=C5)=N3)=C4C=CC=N1,O=C(OC(C)C(C)C1=CC(OC)=C(OC)C=C1[N+]([O-])=O)C2=CC=NC(C3=NC=CC=C3)=N2,2,10.1002/ange.201309576,,U2OS,cytoplasm,48,>100
C1(C2=NC=CC=C2C3=C4N=C5C(C=CC=C5)=N3)=C4C=CC=N1,C1(C2=NC=CC=C2C3=C4N=C5C(C=CC=C5)=N3)=C4C=CC=N1,O=C(OC(C)C(C)C1=CC(OC)=C(OC)C=C1[N+]([O-])=O)C2=CC=NC(C3=NC=CC=C3)=N2,2,10.1002/ange.201309576,,MRC-5,cytoplasm,48,85.3
ClC1=CC2=C(C(N=CC(Cl)=C3)=C3C4=C2C=CC=C4)N=C1,ClC1=CC2=C(C(N=CC(Cl)=C3)=C3C4=C2C=CC=C4)N=C1,ClC1=CC2=C(C(N=CC(Cl)=C3)=C3C4=C2C=CC=C4)N=C1,2,10.1016/j.bioorg.2022.106044,,HeLa,,24,>100
ClC1=CC2=C(C(N=CC(Cl)=C3)=C3C4=C2C=CC=C4)N=C1,ClC1=CC2=C(C(N=CC(Cl)=C3)=C3C4=C2C=CC=C4)N=C1,ClC1=CC2=C(C(N=CC(Cl)=C3)=C3C4=C2C=CC=C4)N=C1,2,10.1016/j.bioorg.2022.106044,,HeLa,,78,>100
OC1=NC(C2=NC(O)=CC=C2)=CC=C1,C1(C2=NC=CC=C2)=CC=CC=N1,C1(C2=NC=CC=C2)=CC=CC=N1,2,10.3390/ijms24065980,1.40,MCF.7,,48,>500
O=C1C=CC=C(C(N2)=CC=CC2=O)N1,C1(C2=NC=CC=C2)=CC=CC=N1,C1(C2=NC=CC=C2)=CC=CC=N1,2,10.3390/ijms24065980,1.40,MCF.7,,48,>500
OC1=NC(C2=NC(O)=CC=C2)=CC=C1,C12=C(C3=NC=CC=C3C=C2)N=CC=C1,C12=C(C3=NC=CC=C3C=C2)N=CC=C1,2,10.3390/ijms24065980,1.60,MCF.7,,48,490.0
O=C1C=CC=C(C(N2)=CC=CC2=O)N1,C12=C(C3=NC=CC=C3C=C2)N=CC=C1,C12=C(C3=NC=CC=C3C=C2)N=CC=C1,2,10.3390/ijms24065980,1.60,MCF.7,,48,490.0
OC1=NC(C2=NC(O)=CC=C2)=CC=C1,C12=C(C3=NC=CC=C3C4=C2OCCO4)N=CC=C1,C12=C(C3=NC=CC=C3C4=C2OCCO4)N=CC=C1,2,10.3390/ijms24065980,1.80,MCF.7,nucleus,48,490.0
O=C1C=CC=C(C(N2)=CC=CC2=O)N1,C12=C(C3=NC=CC=C3C4=C2OCCO4)N=CC=C1,C12=C(C3=NC=CC=C3C4=C2OCCO4)N=CC=C1,2,10.3390/ijms24065980,1.80,MCF.7,nucleus,48,490.0
OC1=NC(C2=NC(O)=CC=C2)=CC=C1,C1(C2=CC=CC=C2)=CC=NC3=C1C=CC4=C(C5=CC=CC=C5)C=CN=C34,C1(C2=CC=CC=C2)=CC=NC3=C1C=CC4=C(C5=CC=CC=C5)C=CN=C34,2,10.3390/ijms24065980,3.0,MCF.7,mitochondria,48,18.0
O=C1C=CC=C(C(N2)=CC=CC2=O)N1,C1(C2=CC=CC=C2)=CC=NC3=C1C=CC4=C(C5=CC=CC=C5)C=CN=C34,C1(C2=CC=CC=C2)=CC=NC3=C1C=CC4=C(C5=CC=CC=C5)C=CN=C34,2,10.3390/ijms24065980,3.0,MCF.7,mitochondria,48,18.0
OC1=CC=NC(C2=CC(O)=CC=N2)=C1,C1(C2=NC=CC=C2)=CC=CC=N1,C1(C2=NC=CC=C2)=CC=CC=N1,2,10.3390/ijms24065980,-1.2,MCF.7,,48,>100
O=C1C=CNC(C2=CC(C=CN2)=O)=C1,C1(C2=NC=CC=C2)=CC=CC=N1,C1(C2=NC=CC=C2)=CC=CC=N1,2,10.3390/ijms24065980,-1.2,MCF.7,,48,>100
OC1=CC=NC(C2=CC(O)=CC=N2)=C1,C12=C(C3=NC=CC=C3C=C2)N=CC=C1,C12=C(C3=NC=CC=C3C=C2)N=CC=C1,2,10.3390/ijms24065980,-0.1,MCF.7,,48,>300
O=C1C=CNC(C2=CC(C=CN2)=O)=C1,C12=C(C3=NC=CC=C3C=C2)N=CC=C1,C12=C(C3=NC=CC=C3C=C2)N=CC=C1,2,10.3390/ijms24065980,-0.1,MCF.7,,48,>300
OC1=CC=NC(C2=CC(O)=CC=N2)=C1,C12=C(C3=NC=CC=C3C4=C2OCCO4)N=CC=C1,C12=C(C3=NC=CC=C3C4=C2OCCO4)N=CC=C1,2,10.3390/ijms24065980,0.8,MCF.7,,48,>100
O=C1C=CNC(C2=CC(C=CN2)=O)=C1,C12=C(C3=NC=CC=C3C4=C2OCCO4)N=CC=C1,C12=C(C3=NC=CC=C3C4=C2OCCO4)N=CC=C1,2,10.3390/ijms24065980,0.8,MCF.7,,48,>100
OC1=CC=NC(C2=CC(O)=CC=N2)=C1,C1(C2=CC=CC=C2)=CC=NC3=C1C=CC4=C(C5=CC=CC=C5)C=CN=C34,C1(C2=CC=CC=C2)=CC=NC3=C1C=CC4=C(C5=CC=CC=C5)C=CN=C34,2,10.3390/ijms24065980,3.0,MCF.7,mitochondria,48,>100
O=C1C=CNC(C2=CC(C=CN2)=O)=C1,C1(C2=CC=CC=C2)=CC=NC3=C1C=CC4=C(C5=CC=CC=C5)C=CN=C34,C1(C2=CC=CC=C2)=CC=NC3=C1C=CC4=C(C5=CC=CC=C5)C=CN=C34,2,10.3390/ijms24065980,3.0,MCF.7,mitochondria,48,>100
CC1=NC(C2=NC(C)=CC=C2)=CC=C1,CC1=NC(C2=NC(C)=CC=C2)=CC=C1,C12=NC=CC=C1C3=C(N=C(C4=CC=CC=C4)N3)C5=CC=CN=C25,2,10.1111/php.13177,,SK-MEL-28,,48,143.0
CC1=NC(C2=NC(C)=CC=C2)=CC=C1,CC1=NC(C2=NC(C)=CC=C2)=CC=C1,C12=NC=CC=C1C3=C(N=C(C4=CC=C(C(C=CC=C5)=C5C6)C6=C4)N3)C7=CC=CN=C27,2,10.1111/php.13177,,SK-MEL-28,,48,82.0
CC1=NC(C2=NC(C)=CC=C2)=CC=C1,CC1=NC(C2=NC(C)=CC=C2)=CC=C1,C12=NC=CC=C1C3=C(N=C(C4=C(C=CC=C5)C5=C(C=CC=C6)C6=C4)N3)C7=CC=CN=C27,2,10.1111/php.13177,,SK-MEL-28,,48,59.0
CC1=NC(C2=NC(C)=CC=C2)=CC=C1,CC1=NC(C2=NC(C)=CC=C2)=CC=C1,C12=NC=CC=C1C3=C(N=C(C4=C(C=CC=C5)C5=CC=C4)N3)C6=CC=CN=C26,2,10.1111/php.13177,,SK-MEL-28,,48,133.0
CC1=NC(C2=NC(C)=CC=C2)=CC=C1,CC1=NC(C2=NC(C)=CC=C2)=CC=C1,C12=NC=CC=C1C3=C(N=C(C4=CC(C=CC=C5)=C5C=C4)N3)C6=CC=CN=C26,2,10.1111/php.13177,,SK-MEL-28,,48,96.0
CC1=NC(C2=NC(C)=CC=C2)=CC=C1,CC1=NC(C2=NC(C)=CC=C2)=CC=C1,C12=NC=CC=C1C3=C(N=C(C4=C(C=CC=C5)C5=CC6=C4C=CC=C6)N3)C7=CC=CN=C27,2,10.1111/php.13177,,SK-MEL-28,,48,98.0
CC1=NC(C2=NC(C)=CC=C2)=CC=C1,CC1=NC(C2=NC(C)=CC=C2)=CC=C1,C12=NC=CC=C1C3=C(N=C(C4=C5C(C6C(C=C7)=CC=CC6=CC5)=C7C=C4)N3)C8=CC=CN=C28,2,10.1111/php.13177,,SK-MEL-28,,48,230.0
C1(C2=NC=CC=C2)=CC=CC=N1,C1(C2=NC=CC=C2)=CC=CC=N1,C12=NC=CC=C1C3=C(C4=CC=C[C-]=C24)N=C(N3)C5=CC=CS5,1,10.1021/acs.inorgchem.9b01044,0.7,SK-MEL-28,nucleus,48,1.120
C1(C2=NC=CC=C2)=CC=CC=N1,C1(C2=NC=CC=C2)=CC=CC=N1,C12=NC=CC=C1C3=C(C4=CC=C[C-]=C24)N=C(N3)C5=CC=C(S5)C6=CC=CS6,1,10.1021/acs.inorgchem.9b01044,1.100,SK-MEL-28,nucleus,48,19.50
C1(C2=NC=CC=C2)=CC=CC=N1,C1(C2=NC=CC=C2)=CC=CC=N1,C12=NC=CC=C1C3=C(C4=CC=C[C-]=C24)N=C(N3)C5=CC=C(S5)C6=CC=C(S6)C7=CC=CS7,1,10.1021/acs.inorgchem.9b01044,1.50,SK-MEL-28,nucleus,48,5.53
C1(C2=NC=CC=C2)=CC=CC=N1,C1(C2=NC=CC=C2)=CC=CC=N1,C12=NC=CC=C1C3=C(C4=CC=C[C-]=C24)N=C(N3)C5=CC=C(S5)C6=CC=C(S6)C7=CC=C(S7)C8=CC=CS8,1,10.1021/acs.inorgchem.9b01044,1.70,SK-MEL-28,nucleus,48,>300
C1(C2=NC=CC=C2)=CC=CC=N1,C1(C2=NC=CC=C2)=CC=CC=N1,C12=NC=CC=C1C(C3=CC=CS3)=CC4=CC=CN=C24,2,10.1111/php.13012,,CCD-1064-Sk,,48,>300
C1(C2=NC=CC=C2)=CC=CC=N1,C1(C2=NC=CC=C2)=CC=CC=N1,C12=NC=CC=C1C(C3=CC=CS3)=CC4=CC=CN=C24,2,10.1111/php.13012,,SK-MEL-28,,48,>300
C1(C2=NC=CC=C2)=CC=CC=N1,C1(C2=NC=CC=C2)=CC=CC=N1,C12=NC=CC=C1C(C3=CC=CS3)=CC4=CC=CN=C24,2,10.1111/php.13012,,HL-60,,48,>300
C1(C2=NC=CC=C2)=CC=CC=N1,C1(C2=NC=CC=C2)=CC=CC=N1,C12=NC=CC=C1C(C3=CC=C(C4=CC=CS4)S3)=CC5=CC=CN=C25,2,10.1111/php.13012,,CCD-1064-Sk,,48,253.0
C1(C2=NC=CC=C2)=CC=CC=N1,C1(C2=NC=CC=C2)=CC=CC=N1,C12=NC=CC=C1C(C3=CC=C(C4=CC=CS4)S3)=CC5=CC=CN=C25,2,10.1111/php.13012,,SK-MEL-28,,48,32.0
C1(C2=NC=CC=C2)=CC=CC=N1,C1(C2=NC=CC=C2)=CC=CC=N1,C12=NC=CC=C1C(C3=CC=C(C4=CC=CS4)S3)=CC5=CC=CN=C25,2,10.1111/php.13012,,HL-60,,48,259.0
C1(C2=NC=CC=C2)=CC=CC=N1,C1(C2=NC=CC=C2)=CC=CC=N1,C12=NC=CC=C1C(C3=CC=C(C4=CC=C(C5=CC=CS5)S4)S3)=CC6=CC=CN=C26,2,10.1111/php.13012,,CCD-1064-Sk,,48,190.0
C1(C2=NC=CC=C2)=CC=CC=N1,C1(C2=NC=CC=C2)=CC=CC=N1,C12=NC=CC=C1C(C3=CC=C(C4=CC=C(C5=CC=CS5)S4)S3)=CC6=CC=CN=C26,2,10.1111/php.13012,,SK-MEL-28,,48,49.9
C1(C2=NC=CC=C2)=CC=CC=N1,C1(C2=NC=CC=C2)=CC=CC=N1,C12=NC=CC=C1C(C3=CC=C(C4=CC=C(C5=CC=CS5)S4)S3)=CC6=CC=CN=C26,2,10.1111/php.13012,,HL-60,,48,168.0
C1(C2=NC=CC=C2)=CC=CC=N1,C1(C2=NC=CC=C2)=CC=CC=N1,C12=NC=CC=C1C3=C(C4=CC=C[C-]=C24)N=C(N3)C5=CC=CS5,1,10.1021/acs.inorgchem.8b00689,0.7,SK-MEL-28,nucleus,48,0.51
C1(C2=NC=CC=C2)=CC=CC=N1,C1(C2=NC=CC=C2)=CC=CC=N1,C12=NC=CC=C1C3=C(C4=CC=C[C-]=C24)N=C(N3)C5=CC=C(S5)C6=CC=CS6,1,10.1021/acs.inorgchem.8b00689,1.100,SK-MEL-28,nucleus,48,0.38
C1(C2=NC=CC=C2)=CC=CC=N1,C1(C2=NC=CC=C2)=CC=CC=N1,C12=NC=CC=C1C3=C(C4=CC=C[C-]=C24)N=C(N3)C5=CC=C(S5)C6=CC=C(S6)C7=CC=CS7,1,10.1021/acs.inorgchem.8b00689,1.50,SK-MEL-28,nucleus,48,5.110
C1(C2=NC=CC=C2)=CC=CC=N1,C1(C2=NC=CC=C2)=CC=CC=N1,C12=NC=CC=C1C3=C(C4=CC=C[C-]=C24)N=C(N3)C5=CC=C(S5)C6=CC=C(S6)C7=CC=C(S7)C8=CC=CS8,1,10.1021/acs.inorgchem.8b00689,1.70,SK-MEL-28,nucleus,48,>300
C1(C2=NC=CC=C2)=CC=CC=N1,C1(C2=NC=CC=C2)=CC=CC=N1,S=C(OCC)C1=C(C)C(C)=C(C)[N-]1,1,10.1021/acs.inorgchem.7b00072,,HL-60,,48,1.080
C1(C2=NC=CC=C2)=CC=CC=N1,C1(C2=NC=CC=C2)=CC=CC=N1,S=C(OCC)C1=C(C)C(C)=C(C)[N-]1,1,10.1021/acs.inorgchem.7b00072,,SK-MEL-28,,48,0.280
C1(C2=NC=CC=C2)=CC=CC=N1,C1(C2=NC=CC=C2)=CC=CC=N1,S=C(OCC)C1=C(C)C(C)=C(C)[N-]1,1,10.1021/acs.inorgchem.7b00072,,CCD-1064-Sk,,48,0.394
C1(C2=NC=CC=C2)=CC=CC=N1,C1(C2=NC=CC=C2)=CC=CC=N1,S=C(OCC1=CC=CC=C1)C2=C(C)C(C)=C(C)[N-]2,1,10.1021/acs.inorgchem.7b00072,,HL-60,,48,1.170
C1(C2=NC=CC=C2)=CC=CC=N1,C1(C2=NC=CC=C2)=CC=CC=N1,S=C(OCC1=CC=CC=C1)C2=C(C)C(C)=C(C)[N-]2,1,10.1021/acs.inorgchem.7b00072,,SK-MEL-28,,48,2.190
C1(C2=NC=CC=C2)=CC=CC=N1,C1(C2=NC=CC=C2)=CC=CC=N1,S=C(OCC1=CC=CC=C1)C2=C(C)C(C)=C(C)[N-]2,1,10.1021/acs.inorgchem.7b00072,,CCD-1064-Sk,,48,2.32
C1(C2=NC=CC=C2)=CC=CC=N1,C1(C2=NC=CC=C2)=CC=CC=N1,[H]C1=C(C)[N-]C(C(OCC)=S)=C1C,1,10.1021/acs.inorgchem.7b00072,,HL-60,,48,1.230
C1(C2=NC=CC=C2)=CC=CC=N1,C1(C2=NC=CC=C2)=CC=CC=N1,[H]C1=C(C)[N-]C(C(OCC)=S)=C1C,1,10.1021/acs.inorgchem.7b00072,,SK-MEL-28,,48,2.0100
C1(C2=NC=CC=C2)=CC=CC=N1,C1(C2=NC=CC=C2)=CC=CC=N1,[H]C1=C(C)[N-]C(C(OCC)=S)=C1C,1,10.1021/acs.inorgchem.7b00072,,CCD-1064-Sk,,48,6.300
C1(C2=NC=CC=C2)=CC=CC=N1,C1(C2=NC=CC=C2)=CC=CC=N1,S=C(OCC)C1=C(C)C(CCC)=C(C)[N-]1,1,10.1021/acs.inorgchem.7b00072,,HL-60,,48,1.74
C1(C2=NC=CC=C2)=CC=CC=N1,C1(C2=NC=CC=C2)=CC=CC=N1,S=C(OCC)C1=C(C)C(CCC)=C(C)[N-]1,1,10.1021/acs.inorgchem.7b00072,,SK-MEL-28,,48,1.090
C1(C2=NC=CC=C2)=CC=CC=N1,C1(C2=NC=CC=C2)=CC=CC=N1,S=C(OCC)C1=C(C)C(CCC)=C(C)[N-]1,1,10.1021/acs.inorgchem.7b00072,,CCD-1064-Sk,,48,2.35
C1(C2=NC=CC=C2)=CC=CC=N1,C1(C2=NC=CC=C2)=CC=CC=N1,S=C(OCC)C1=C(C)C(C(OCC)=O)=C(C)[N-]1,1,10.1021/acs.inorgchem.7b00072,,HL-60,,48,1.43
C1(C2=NC=CC=C2)=CC=CC=N1,C1(C2=NC=CC=C2)=CC=CC=N1,S=C(OCC)C1=C(C)C(C(OCC)=O)=C(C)[N-]1,1,10.1021/acs.inorgchem.7b00072,,SK-MEL-28,,48,2.070
C1(C2=NC=CC=C2)=CC=CC=N1,C1(C2=NC=CC=C2)=CC=CC=N1,S=C(OCC)C1=C(C)C(C(OCC)=O)=C(C)[N-]1,1,10.1021/acs.inorgchem.7b00072,,CCD-1064-Sk,,48,4.090
C1(C2=NC=CC=C2)=CC=CC=N1,C1(C2=NC=CC=C2)=CC=CC=N1,S=C(CC1=CC=CC=C1)C2=C(C)C(C3=CC=CC=C3)=C(C)[N-]2,1,10.1021/acs.inorgchem.7b00072,,HL-60,,48,1.42
C1(C2=NC=CC=C2)=CC=CC=N1,C1(C2=NC=CC=C2)=CC=CC=N1,S=C(CC1=CC=CC=C1)C2=C(C)C(C3=CC=CC=C3)=C(C)[N-]2,1,10.1021/acs.inorgchem.7b00072,,SK-MEL-28,,48,0.281
C1(C2=NC=CC=C2)=CC=CC=N1,C1(C2=NC=CC=C2)=CC=CC=N1,S=C(CC1=CC=CC=C1)C2=C(C)C(C3=CC=CC=C3)=C(C)[N-]2,1,10.1021/acs.inorgchem.7b00072,,CCD-1064-Sk,,48,0.35
C1(C2=NC=CC=C2)=CC=CC=N1,C1(C2=NC=CC=C2)=CC=CC=N1,CCCCCCCCC1(CCCCCCCC)C(C=C(C2=NC(C=CC=C3)=C3S2)C=C4)=C4C(C=C5)=C1C=C5C6=CN=C(C(N=CC(C7=CC=C(C8=CC=C(C9=NC(C=CC=C%10)=C%10S9)C=C8C%11(CCCCCCCC)CCCCCCCC)C%11=C7)=C%12)=C%12C=C%13)C%13=C6,2,10.1021/acs.inorgchem.6b02624,,SK-MEL-28,nucleus,48,298.0
C1(C2=NC=CC=C2)=CC=CC=N1,C1(C2=NC=CC=C2)=CC=CC=N1,CCCCCCCCC1(CCCCCCCC)C(C=C(C2=NC(C=CC=C3)=C3S2)C=C4)=C4C(C=C5)=C1C=C5C6=CN=C(C(N=CC(C7=CC=C(C8=CC=C(C9=NC(C=CC=C%10)=C%10S9)C=C8C%11(CCCCCCCC)CCCCCCCC)C%11=C7)=C%12)=C%12C=C%13)C%13=C6,2,10.1021/acs.inorgchem.6b02624,,HL-60,nucleus,48,>300
C1(C(N=CC=C2)=C2C=C3)=C3C=CC=N1,C1(C(N=CC=C2)=C2C=C3)=C3C=CC=N1,CCCCCCCCC1(CCCCCCCC)C(C=C(C2=NC(C=CC=C3)=C3S2)C=C4)=C4C(C=C5)=C1C=C5C6=CN=C(C(N=CC(C7=CC=C(C8=CC=C(C9=NC(C=CC=C%10)=C%10S9)C=C8C%11(CCCCCCCC)CCCCCCCC)C%11=C7)=C%12)=C%12C=C%13)C%13=C6,2,10.1021/acs.inorgchem.6b02624,,SK-MEL-28,nucleus,48,226.0
C1(C(N=CC=C2)=C2C=C3)=C3C=CC=N1,C1(C(N=CC=C2)=C2C=C3)=C3C=CC=N1,CCCCCCCCC1(CCCCCCCC)C(C=C(C2=NC(C=CC=C3)=C3S2)C=C4)=C4C(C=C5)=C1C=C5C6=CN=C(C(N=CC(C7=CC=C(C8=CC=C(C9=NC(C=CC=C%10)=C%10S9)C=C8C%11(CCCCCCCC)CCCCCCCC)C%11=C7)=C%12)=C%12C=C%13)C%13=C6,2,10.1021/acs.inorgchem.6b02624,,HL-60,nucleus,48,>300
C1(C(N=CC=C2)=C2C3=C4N=CC=N3)=C4C=CC=N1,C1(C(N=CC=C2)=C2C3=C4N=CC=N3)=C4C=CC=N1,CCCCCCCCC1(CCCCCCCC)C(C=C(C2=NC(C=CC=C3)=C3S2)C=C4)=C4C(C=C5)=C1C=C5C6=CN=C(C(N=CC(C7=CC=C(C8=CC=C(C9=NC(C=CC=C%10)=C%10S9)C=C8C%11(CCCCCCCC)CCCCCCCC)C%11=C7)=C%12)=C%12C=C%13)C%13=C6,2,10.1021/acs.inorgchem.6b02624,,SK-MEL-28,nucleus,48,84.5
C1(C(N=CC=C2)=C2C3=C4N=CC=N3)=C4C=CC=N1,C1(C(N=CC=C2)=C2C3=C4N=CC=N3)=C4C=CC=N1,CCCCCCCCC1(CCCCCCCC)C(C=C(C2=NC(C=CC=C3)=C3S2)C=C4)=C4C(C=C5)=C1C=C5C6=CN=C(C(N=CC(C7=CC=C(C8=CC=C(C9=NC(C=CC=C%10)=C%10S9)C=C8C%11(CCCCCCCC)CCCCCCCC)C%11=C7)=C%12)=C%12C=C%13)C%13=C6,2,10.1021/acs.inorgchem.6b02624,,HL-60,nucleus,48,146.0
C1(C(N=CC=C2)=C2C3=C4N=C5C(C=CC=C5)=N3)=C4C=CC=N1,C1(C(N=CC=C2)=C2C3=C4N=C5C(C=CC=C5)=N3)=C4C=CC=N1,CCCCCCCCC1(CCCCCCCC)C(C=C(C2=NC(C=CC=C3)=C3S2)C=C4)=C4C(C=C5)=C1C=C5C6=CN=C(C(N=CC(C7=CC=C(C8=CC=C(C9=NC(C=CC=C%10)=C%10S9)C=C8C%11(CCCCCCCC)CCCCCCCC)C%11=C7)=C%12)=C%12C=C%13)C%13=C6,2,10.1021/acs.inorgchem.6b02624,,SK-MEL-28,nucleus,48,47.1
C1(C(N=CC=C2)=C2C3=C4N=C5C(C=CC=C5)=N3)=C4C=CC=N1,C1(C(N=CC=C2)=C2C3=C4N=C5C(C=CC=C5)=N3)=C4C=CC=N1,CCCCCCCCC1(CCCCCCCC)C(C=C(C2=NC(C=CC=C3)=C3S2)C=C4)=C4C(C=C5)=C1C=C5C6=CN=C(C(N=CC(C7=CC=C(C8=CC=C(C9=NC(C=CC=C%10)=C%10S9)C=C8C%11(CCCCCCCC)CCCCCCCC)C%11=C7)=C%12)=C%12C=C%13)C%13=C6,2,10.1021/acs.inorgchem.6b02624,,HL-60,nucleus,48,96.2
C1(C(N=CC=C2)=C2C3=C4N=C5C(C=C(C=CC=C6)C6=C5)=N3)=C4C=CC=N1,C1(C(N=CC=C2)=C2C3=C4N=C5C(C=C(C=CC=C6)C6=C5)=N3)=C4C=CC=N1,CCCCCCCCC1(CCCCCCCC)C(C=C(C2=NC(C=CC=C3)=C3S2)C=C4)=C4C(C=C5)=C1C=C5C6=CN=C(C(N=CC(C7=CC=C(C8=CC=C(C9=NC(C=CC=C%10)=C%10S9)C=C8C%11(CCCCCCCC)CCCCCCCC)C%11=C7)=C%12)=C%12C=C%13)C%13=C6,2,10.1021/acs.inorgchem.6b02624,,SK-MEL-28,nucleus,48,123.0
C1(C(N=CC=C2)=C2C3=C4N=C5C(C=C(C=CC=C6)C6=C5)=N3)=C4C=CC=N1,C1(C(N=CC=C2)=C2C3=C4N=C5C(C=C(C=CC=C6)C6=C5)=N3)=C4C=CC=N1,CCCCCCCCC1(CCCCCCCC)C(C=C(C2=NC(C=CC=C3)=C3S2)C=C4)=C4C(C=C5)=C1C=C5C6=CN=C(C(N=CC(C7=CC=C(C8=CC=C(C9=NC(C=CC=C%10)=C%10S9)C=C8C%11(CCCCCCCC)CCCCCCCC)C%11=C7)=C%12)=C%12C=C%13)C%13=C6,2,10.1021/acs.inorgchem.6b02624,,HL-60,nucleus,48,143.0
C1(C2=NC=CC=C2)=CC=CC=N1,C1(C2=NC=CC=C2)=CC=CC=N1,C12=C(C=CC=[C-]2)C=CC3=C1N=CC=C3,1,10.1021/acs.inorgchem.5b01838,,SK-MEL-28,,48,1.94
C1(C2=NC=CC=C2)=CC=CC=N1,C1(C2=NC=CC=C2)=CC=CC=N1,C12=C(C=CC=[C-]2)C=CC3=C1N=CC=C3,1,10.1021/acs.inorgchem.5b01838,,HL-60,,48,1.29
C1(C2=NC=CC=C2)=CC=CC=N1,C1(C2=NC=CC=C2)=CC=CC=N1,C1(C(N=CC=C2)=C2C3=C4N=CC=N3)=C4C=CC=[C-]1,1,10.1021/acs.inorgchem.5b01838,,SK-MEL-28,,48,1.160
C1(C2=NC=CC=C2)=CC=CC=N1,C1(C2=NC=CC=C2)=CC=CC=N1,C1(C(N=CC=C2)=C2C3=C4N=CC=N3)=C4C=CC=[C-]1,1,10.1021/acs.inorgchem.5b01838,,HL-60,,48,3.060
C1(C2=NC=CC=C2)=CC=CC=N1,C1(C2=NC=CC=C2)=CC=CC=N1,C1(C(N=CC=C2)=C2C3=C4N=C5C(C=CC=C5)=N3)=C4C=CC=[C-]1,1,10.1021/acs.inorgchem.5b01838,,SK-MEL-28,,48,1.92
C1(C2=NC=CC=C2)=CC=CC=N1,C1(C2=NC=CC=C2)=CC=CC=N1,C1(C(N=CC=C2)=C2C3=C4N=C5C(C=CC=C5)=N3)=C4C=CC=[C-]1,1,10.1021/acs.inorgchem.5b01838,,HL-60,,48,1.140
C1(C2=NC=CC=C2)=CC=CC=N1,C1(C2=NC=CC=C2)=CC=CC=N1,C1(C(N=CC=C2)=C2C3=C4N=C5C(C=C(C=CC=C6)C6=C5)=N3)=C4C=CC=[C-]1,1,10.1021/acs.inorgchem.5b01838,,SK-MEL-28,nucleus,48,>300
C1(C2=NC=CC=C2)=CC=CC=N1,C1(C2=NC=CC=C2)=CC=CC=N1,C1(C(N=CC=C2)=C2C3=C4N=C5C(C=C(C=CC=C6)C6=C5)=N3)=C4C=CC=[C-]1,1,10.1021/acs.inorgchem.5b01838,,HL-60,nucleus,48,>300
C1(C2=NC=CC=C2)=CC=CC=N1,C1(C2=NC=CC=C2)=CC=CC=N1,C1(C(N=CC=C2)=C2C=C3)=C3C=CC=N1,2,10.1021/acs.inorgchem.5b01838,,SK-MEL-28,,48,>300
C1(C2=NC=CC=C2)=CC=CC=N1,C1(C2=NC=CC=C2)=CC=CC=N1,C1(C(N=CC=C2)=C2C=C3)=C3C=CC=N1,2,10.1021/acs.inorgchem.5b01838,,HL-60,,48,>300
C1(C2=NC=CC=C2)=CC=CC=N1,C1(C2=NC=CC=C2)=CC=CC=N1,C1(C(N=CC=C2)=C2C3=C4N=CC=N3)=C4C=CC=N1,2,10.1021/acs.inorgchem.5b01838,,SK-MEL-28,,48,>300
C1(C2=NC=CC=C2)=CC=CC=N1,C1(C2=NC=CC=C2)=CC=CC=N1,C1(C(N=CC=C2)=C2C3=C4N=CC=N3)=C4C=CC=N1,2,10.1021/acs.inorgchem.5b01838,,HL-60,,48,>300
C1(C2=NC=CC=C2)=CC=CC=N1,C1(C2=NC=CC=C2)=CC=CC=N1,C1(C(N=CC=C2)=C2C3=C4N=C5C(C=CC=C5)=N3)=C4C=CC=N1,2,10.1021/acs.inorgchem.5b01838,,SK-MEL-28,,48,>300
C1(C2=NC=CC=C2)=CC=CC=N1,C1(C2=NC=CC=C2)=CC=CC=N1,C1(C(N=CC=C2)=C2C3=C4N=C5C(C=CC=C5)=N3)=C4C=CC=N1,2,10.1021/acs.inorgchem.5b01838,,HL-60,,48,>300
C1(C2=NC=CC=C2)=CC=CC=N1,C1(C2=NC=CC=C2)=CC=CC=N1,C1(C(N=CC=C2)=C2C3=C4N=C5C(C=C(C=CC=C6)C6=C5)=N3)=C4C=CC=N1,2,10.1021/acs.inorgchem.5b01838,,SK-MEL-28,,48,>300
C1(C2=NC=CC=C2)=CC=CC=N1,C1(C2=NC=CC=C2)=CC=CC=N1,C1(C(N=CC=C2)=C2C3=C4N=C5C(C=C(C=CC=C6)C6=C5)=N3)=C4C=CC=N1,2,10.1021/acs.inorgchem.5b01838,,HL-60,,48,>300
CC1=CC=NC(C2=NC=CC(C)=C2)=C1,CC1=CC=NC(C2=NC=CC(C)=C2)=C1,C1(C(N=CC=C2)=C2C3=C4NC(C5=CC=CS5)=N3)=C4C=CC=N1,2,10.1016/j.ccr.2014.04.012,,HL-60,,,>300
CC1=CC=NC(C2=NC=CC(C)=C2)=C1,CC1=CC=NC(C2=NC=CC(C)=C2)=C1,C1(C(N=CC=C2)=C2C3=C4NC(C5=CC=C(C6=CC=CS6)S5)=N3)=C4C=CC=N1,2,10.1016/j.ccr.2014.04.012,,HL-60,,,>300
CC1=CC=NC(C2=NC=CC(C)=C2)=C1,CC1=CC=NC(C2=NC=CC(C)=C2)=C1,C1(C(N=CC=C2)=C2C3=C4NC(C5=CC=C(C6=CC=C(C7=CC=CS7)S6)S5)=N3)=C4C=CC=N1,2,10.1016/j.ccr.2014.04.012,,HL-60,,,>300
CC1=CC=NC(C2=NC=CC(C)=C2)=C1,CC1=CC=NC(C2=NC=CC(C)=C2)=C1,C1(C(N=CC=C2)=C2C3=C4NC(C5=CC=C(C6=CC=C(C7=CC=C(C8=CC=CS8)S7)S6)S5)=N3)=C4C=CC=N1,2,10.1016/j.ccr.2014.04.012,,HL-60,,,>300
C1(C2=NC=CC=C2)=CC=CC=N1,C1(C2=NC=CC=C2)=CC=CC=N1,C1(C2=C(C3=C4NC(C5=C(C=CC6=C7C(C=C8)=CC=C6)C7=C8C=C5)=N3)C=CC=N2)=C4C=CC=N1,2,10.1021/jp504330s,,HL-60,,48,165.0
C1(C(N=CC=C2)=C2C=C3)=C3C=CC=N1,C1(C(N=CC=C2)=C2C=C3)=C3C=CC=N1,C1(C2=C(C3=C4NC(C5=C(C=CC6=C7C(C=C8)=CC=C6)C7=C8C=C5)=N3)C=CC=N2)=C4C=CC=N1,2,10.1021/jp504330s,,HL-60,,48,111.0
CC1=CC=NC(C2=CC(C)=CC=N2)=C1,CC1=CC=NC(C2=CC(C)=CC=N2)=C1,C1(C2=C(C3=C4NC(C5=C(C=CC6=C7C(C=C8)=CC=C6)C7=C8C=C5)=N3)C=CC=N2)=C4C=CC=N1,2,10.1021/jp504330s,,HL-60,,48,69.0
CC(C)(C)C1=CC=NC(C2=CC(C(C)(C)C)=CC=N2)=C1,CC(C)(C)C1=CC=NC(C2=CC(C(C)(C)C)=CC=N2)=C1,C1(C2=C(C3=C4NC(C5=C(C=CC6=C7C(C=C8)=CC=C6)C7=C8C=C5)=N3)C=CC=N2)=C4C=CC=N1,2,10.1021/jp504330s,,HL-60,,48,26.0
C1(C2=NC=CC=C2C3=C4NC(/C=C/C5=CC=CC=C5)=N3)=C4C=CC=N1,C1(C2=NC=CC=C2C3=C4NC(/C=C/C5=CC=CC=C5)=N3)=C4C=CC=N1,C1(C2=NC=CC=C2C3=C4NC(/C=C/C5=CC=CC=C5)=N3)=C4C=CC=N1,2,10.1021/acs.inorgchem.3c00585,2.34,A375,mitochondria,48,>200
O=[N+](C(C=C1)=CC=C1/C=C/C(N2)=NC3=C2C4=C(C5=NC=CC=C53)N=CC=C4)[O-],O=[N+](C(C=C1)=CC=C1/C=C/C(N2)=NC3=C2C4=C(C5=NC=CC=C53)N=CC=C4)[O-],O=[N+](C(C=C1)=CC=C1/C=C/C(N2)=NC3=C2C4=C(C5=NC=CC=C53)N=CC=C4)[O-],2,10.1021/acs.inorgchem.3c00585,1.47,A375,mitochondria,48,>200
COC(C=C1)=CC=C1/C=C/C(N2)=NC3=C2C4=C(C5=NC=CC=C53)N=CC=C4,COC(C=C1)=CC=C1/C=C/C(N2)=NC3=C2C4=C(C5=NC=CC=C53)N=CC=C4,COC(C=C1)=CC=C1/C=C/C(N2)=NC3=C2C4=C(C5=NC=CC=C53)N=CC=C4,2,10.1021/acs.inorgchem.3c00585,1.93,A375,mitochondria,48,>200
C1(C2=NC=CC=C2)=CC=CC=N1,C1(C2=NC=CC=C2)=CC=CC=N1,C1(C2=NC=CC=C2C3=C4NC(/C=C/C5=CC=CC=C5)=N3)=C4C=CC=N1,2,10.1021/acs.inorgchem.3c00585,,A375,,48,28.60
C1(C2=CC=CC=C2)=CC=NC3=C1C=CC4=C3N=CC=C4C5=CC=CC=C5,C1(C2=CC=CC=C2)=CC=NC3=C1C=CC4=C3N=CC=C4C5=CC=CC=C5,OC1=NC(C2=NC(O)=CC=C2)=CC=C1,2,10.1111/php.13508,3.0,MDA-MB-231,mitochondria,48,10.0
C1(C2=CC=CC=C2)=CC=NC3=C1C=CC4=C3N=CC=C4C5=CC=CC=C5,C1(C2=CC=CC=C2)=CC=NC3=C1C=CC4=C3N=CC=C4C5=CC=CC=C5,OC1=NC(C2=NC(O)=CC=C2)=CC=C1,2,10.1111/php.13508,3.0,MCF.7,mitochondria,48,18.0
C1(C2=CC=CC=C2)=CC=NC3=C1C=CC4=C3N=CC=C4C5=CC=CC=C5,C1(C2=CC=CC=C2)=CC=NC3=C1C=CC4=C3N=CC=C4C5=CC=CC=C5,OC1=NC(C2=NC(O)=CC=C2)=CC=C1,2,10.1111/php.13508,3.0,MCF.10.A,mitochondria,48,3.90
C1(C2=CC=CC=C2)=CC=NC3=C1C=CC4=C3N=CC=C4C5=CC=CC=C5,C1(C2=CC=CC=C2)=CC=NC3=C1C=CC4=C3N=CC=C4C5=CC=CC=C5,OC1=CC=NC(C2=NC=CC(O)=C2)=C1,2,10.1111/php.13508,3.0,MDA-MB-231,mitochondria,48,30.0
C1(C2=CC=CC=C2)=CC=NC3=C1C=CC4=C3N=CC=C4C5=CC=CC=C5,C1(C2=CC=CC=C2)=CC=NC3=C1C=CC4=C3N=CC=C4C5=CC=CC=C5,OC1=CC=NC(C2=NC=CC(O)=C2)=C1,2,10.1111/php.13508,3.0,MCF.7,mitochondria,48,>100
C1(C2=CC=CC=C2)=CC=NC3=C1C=CC4=C3N=CC=C4C5=CC=CC=C5,C1(C2=CC=CC=C2)=CC=NC3=C1C=CC4=C3N=CC=C4C5=CC=CC=C5,OC1=CC=NC(C2=NC=CC(O)=C2)=C1,2,10.1111/php.13508,3.0,MCF.10.A,mitochondria,48,38.0
CC1=NC(C2=CC=CC(C)=N2)=CC=C1,CC1=NC(C2=CC=CC(C)=N2)=CC=C1,C1(C2=NC=CC=C2C3=C4NC(C5=C(C=CC=C6)C6=CC=C5)=N3)=C4C=CC=N1,2,10.1111/php.13395,,SK-MEL-28,,,45.0
CC1=NC(C2=CC=CC(C)=N2)=CC=C1,CC1=NC(C2=CC=CC(C)=N2)=CC=C1,COC(C=C1)=C2C(C=CC=C2)=C1C(N3)=NC4=C3C5=C(C6=NC=CC=C64)N=CC=C5,2,10.1111/php.13395,,SK-MEL-28,,,42.3
CC1=NC(C2=CC=CC(C)=N2)=CC=C1,CC1=NC(C2=CC=CC(C)=N2)=CC=C1,COC(C=C1)=C2C(C=C(OC)C=C2)=C1C(N3)=NC4=C3C5=C(C6=NC=CC=C64)N=CC=C5,2,10.1111/php.13395,,SK-MEL-28,,,37.7
CC1=NC(C2=CC=CC(C)=N2)=CC=C1,CC1=NC(C2=CC=CC(C)=N2)=CC=C1,FC(C=C1)=C2C(C=CC=C2)=C1C(N3)=NC4=C3C5=C(C6=NC=CC=C64)N=CC=C5,2,10.1111/php.13395,,SK-MEL-28,,,36.1
CC1=NC(C2=CC=CC(C)=N2)=CC=C1,CC1=NC(C2=CC=CC(C)=N2)=CC=C1,C1(C2=NC=CC=C2C3=C4NC(C5=CC(C=CC=C6)=C6C=C5)=N3)=C4C=CC=N1,2,10.1111/php.13395,,SK-MEL-28,,,31.30
CC1=NC(C2=CC=CC(C)=N2)=CC=C1,CC1=NC(C2=CC=CC(C)=N2)=CC=C1,COC1=CC(C=C2)=C(C=C1)C=C2C(N3)=NC4=C3C5=C(C6=NC=CC=C64)N=CC=C5,2,10.1111/php.13395,,SK-MEL-28,,,35.9
CC1=NC(C2=CC=CC(C)=N2)=CC=C1,CC1=NC(C2=CC=CC(C)=N2)=CC=C1,CC(C=C1)=CC2=C1C=CC(C(N3)=NC4=C3C5=C(C6=NC=CC=C64)N=CC=C5)=C2,2,10.1111/php.13395,,SK-MEL-28,,,24.80
CC1=NC(C2=CC=CC(C)=N2)=CC=C1,CC1=NC(C2=CC=CC(C)=N2)=CC=C1,C1(C2=NC=CC=C2C3=C4NC(C5=CC=CC=C5)=N3)=C4C=CC=N1,2,10.1111/php.13174,-1.310,SK-MEL-28,,48,101.0
CC1=NC(C2=CC=CC(C)=N2)=CC=C1,CC1=NC(C2=CC=CC(C)=N2)=CC=C1,C1(C2=NC=CC=C2C3=C4NC(C5=CC=C(C(C=CC=C6)=C6C7)C7=C5)=N3)=C4C=CC=N1,2,10.1111/php.13174,-0.521,SK-MEL-28,,48,20.50
CC1=NC(C2=CC=CC(C)=N2)=CC=C1,CC1=NC(C2=CC=CC(C)=N2)=CC=C1,C1(C2=NC=CC=C2C3=C4NC(C5=C(C=CC=C6)C6=C(C=CC=C7)C7=C5)=N3)=C4C=CC=N1,2,10.1111/php.13174,-0.272,SK-MEL-28,,48,98.1
CC1=NC(C2=CC=CC(C)=N2)=CC=C1,CC1=NC(C2=CC=CC(C)=N2)=CC=C1,C1(C2=NC=CC=C2C3=C4NC(C5=C(C=CC=C6)C6=CC=C5)=N3)=C4C=CC=N1,2,10.1111/php.13174,-0.774,SK-MEL-28,,48,53.80
CC1=NC(C2=CC=CC(C)=N2)=CC=C1,CC1=NC(C2=CC=CC(C)=N2)=CC=C1,C1(C2=NC=CC=C2C3=C4NC(C5=CC(C=CC=C6)=C6C=C5)=N3)=C4C=CC=N1,2,10.1111/php.13174,-0.879,SK-MEL-28,,48,31.80
CC1=NC(C2=CC=CC(C)=N2)=CC=C1,CC1=NC(C2=CC=CC(C)=N2)=CC=C1,C1(C2=NC=CC=C2C3=C4NC(C5=C(CC=C6CC=C7)C(C6=C7C=C8)=C8C=C5)=N3)=C4C=CC=N1,2,10.1111/php.13174,0.165,SK-MEL-28,,48,38.9
CC1=NC(C2=CC=CC(C)=N2)=CC=C1,CC1=NC(C2=CC=CC(C)=N2)=CC=C1,C1(C2=NC=CC=C2C3=C4NC(C5=C(C=CC=C6)C6=CC7=C5C=CC=C7)=N3)=C4C=CC=N1,2,10.1111/php.13174,-0.137,SK-MEL-28,,48,65.3
C1(C2=C(C=C3)C=CC=N2)=C3C=CC=N1,C1(C2=C(C=C3)C=CC=N2)=C3C=CC=N1,C12=C(C=CC=N2)C(NC(C3=CC=CS3)=N4)=C4C5=CC=CN=C15,2,10.1021/acs.inorgchem.3c03216,-1.524,SK-MEL-28,,48,138.0
C1(C2=C(C=C3)C=CC=N2)=C3C=CC=N1,C1(C2=C(C=C3)C=CC=N2)=C3C=CC=N1,C12=C(C=CC=N2)C(NC(C3=CC=C(S3)C4=CC=CS4)=N5)=C5C6=CC=CN=C16,2,10.1021/acs.inorgchem.3c03216,-0.212,SK-MEL-28,,48,113.0
C1(C2=C(C=C3)C=CC=N2)=C3C=CC=N1,C1(C2=C(C=C3)C=CC=N2)=C3C=CC=N1,C12=C(C=CC=N2)C(NC(C3=CC=C(S3)C4=CC=C(S4)C5=CC=CS5)=N6)=C6C7=CC=CN=C17,2,10.1021/acs.inorgchem.3c03216,0.772,SK-MEL-28,,48,66.40
C1(C2=C(C=C3)C=CC=N2)=C3C=CC=N1,C1(C2=C(C=C3)C=CC=N2)=C3C=CC=N1,C12=C(C=CC=N2)C(NC(C3=CC=C(S3)C4=CC=C(S4)C5=CC=C(S5)C6=CC=CS6)=N7)=C7C8=CC=CN=C18,2,10.1021/acs.inorgchem.3c03216,,SK-MEL-28,,48,84.0
C1(C2=C(C=C3)C=CC=N2)=C3C=CC=N1,C1(C2=C(C=C3)C=CC=N2)=C3C=CC=N1,C12=C(C=CC=N2)C(NC=N3)=C3C4=CC=CN=C14,2,10.1021/acs.inorgchem.3c03216,-1.524,SK-MEL-28,,48,>300
C1(C2=C(C=C3)C=CC=N2)=C3C=CC=N1,C1(C2=C(C=C3)C=CC=N2)=C3C=CC=N1,OC1=C(C=CC=C1C2=NC3=C(C4=C(N=CC=C4)C5=NC=CC=C53)N2)O,2,10.1016/j.ica.2017.09.056,,BEL.7402,mitochondria,48,30.50
C1(C2=C(C=C3)C=CC=N2)=C3C=CC=N1,C1(C2=C(C=C3)C=CC=N2)=C3C=CC=N1,OC1=C(C=CC=C1C2=NC3=C(C4=C(N=CC=C4)C5=NC=CC=C53)N2)O,2,10.1016/j.ica.2017.09.056,,H460,mitochondria,48,54.6
C1(C2=C(C=C3)C=CC=N2)=C3C=CC=N1,C1(C2=C(C=C3)C=CC=N2)=C3C=CC=N1,OC1=C(C=CC=C1C2=NC3=C(C4=C(N=CC=C4)C5=NC=CC=C53)N2)O,2,10.1016/j.ica.2017.09.056,,HBMEC,mitochondria,48,>100
C1(C2=C(C=C3)C=CC=N2)=C3C=CC=N1,C1(C2=C(C=C3)C=CC=N2)=C3C=CC=N1,OC1=CC(O)=CC=C1C2=NC3=C(C4=C(N=CC=C4)C5=NC=CC=C53)N2,2,10.1016/j.ica.2017.09.056,,BEL.7402,mitochondria,48,11.80
C1(C2=C(C=C3)C=CC=N2)=C3C=CC=N1,C1(C2=C(C=C3)C=CC=N2)=C3C=CC=N1,OC1=CC(O)=CC=C1C2=NC3=C(C4=C(N=CC=C4)C5=NC=CC=C53)N2,2,10.1016/j.ica.2017.09.056,,H460,mitochondria,48,29.60
C1(C2=C(C=C3)C=CC=N2)=C3C=CC=N1,C1(C2=C(C=C3)C=CC=N2)=C3C=CC=N1,OC1=CC(O)=CC=C1C2=NC3=C(C4=C(N=CC=C4)C5=NC=CC=C53)N2,2,10.1016/j.ica.2017.09.056,,HBMEC,mitochondria,48,>100
C1(C2=NC=CC=C2)=CC=CC=N1,C1(C2=NC=CC=C2)=CC=CC=N1,CC1=NC(C2=CC=CC(C)=N2)=CC=C1,2,10.1021/acs.inorgchem.3c03716,-1.9,A549,,48,11.0
CC1=CC=NC(C2=CC(C)=CC=N2)=C1,CC1=CC=NC(C2=CC(C)=CC=N2)=C1,C1(C2=NC=CC=C2)=CC=CC=N1,2,10.1039/D3CP02346J,,A549,,48,28.30
CC1=CC=NC(C2=CC(C)=CC=N2)=C1,CC1=CC=NC(C2=CC(C)=CC=N2)=C1,C1(C2=NC=CC=C2)=CC=CC=N1,2,10.1039/D3CP02346J,,A549-5FU,,48,66.6
CC1=CC=NC(C2=CC(C)=CC=N2)=C1,CC1=CC=NC(C2=CC(C)=CC=N2)=C1,C1(C2=NC=CC=C2)=CC=CC=N1,2,10.1039/D3CP02346J,,A549DDP,,48,51.4
CC1=CC=NC(C2=CC(C)=CC=N2)=C1,CC1=CC=NC(C2=CC(C)=CC=N2)=C1,C1(C2=CC=C(C3=C(C=CC=C4)C4=CC5=C3C=CC=C5)C=N2)=CC=CC=N1,2,10.1039/D3CP02346J,,A549,,48,65.0
CC1=CC=NC(C2=CC(C)=CC=N2)=C1,CC1=CC=NC(C2=CC(C)=CC=N2)=C1,C1(C2=CC=C(C3=C(C=CC=C4)C4=CC5=C3C=CC=C5)C=N2)=CC=CC=N1,2,10.1039/D3CP02346J,,A549-5FU,,48,67.2
CC1=CC=NC(C2=CC(C)=CC=N2)=C1,CC1=CC=NC(C2=CC(C)=CC=N2)=C1,C1(C2=CC=C(C3=C(C=CC=C4)C4=CC5=C3C=CC=C5)C=N2)=CC=CC=N1,2,10.1039/D3CP02346J,,A549DDP,,48,>100
C1(C2=CC=CC=C2)=CC=NC3=C1C=CC4=C3N=CC=C4C5=CC=CC=C5,C1(C2=CC=CC=C2)=CC=NC3=C1C=CC4=C3N=CC=C4C5=CC=CC=C5,C1(C2=C(C=C3)C=CC=N2)=C3C=CC=N1,2,10.1021/acs.inorgchem.3c02606,,CT-26,mitochondria,48,>100
C1(C2=CC=CC=C2)=CC=NC3=C1C=CC4=C3N=CC=C4C5=CC=CC=C5,C1(C2=CC=CC=C2)=CC=NC3=C1C=CC4=C3N=CC=C4C5=CC=CC=C5,C1(C2=C(C=C3)C=CC=N2)=C3C=CC=N1,2,10.1021/acs.inorgchem.3c02606,,HT-29,mitochondria,48,>100
C1(C2=CC=CC=C2)=CC=NC3=C1C=CC4=C3N=CC=C4C5=CC=CC=C5,C1(C2=CC=CC=C2)=CC=NC3=C1C=CC4=C3N=CC=C4C5=CC=CC=C5,C1(C2=C(C=C3)C=CC=N2)=C3C=CC=N1,2,10.1021/acs.inorgchem.3c02606,,RPE-1,mitochondria,48,>100
C1(C2=CC=CC=C2)=CC=NC3=C1C=CC4=C3N=CC=C4C5=CC=CC=C5,C1(C2=CC=CC=C2)=CC=NC3=C1C=CC4=C3N=CC=C4C5=CC=CC=C5,C1(C2=C(C=C3)N=CC=N2)=C3N=CC=N1,2,10.1021/acs.inorgchem.3c02606,,CT-26,mitochondria,48,>100
C1(C2=CC=CC=C2)=CC=NC3=C1C=CC4=C3N=CC=C4C5=CC=CC=C5,C1(C2=CC=CC=C2)=CC=NC3=C1C=CC4=C3N=CC=C4C5=CC=CC=C5,C1(C2=C(C=C3)N=CC=N2)=C3N=CC=N1,2,10.1021/acs.inorgchem.3c02606,,HT-29,mitochondria,48,>100
C1(C2=CC=CC=C2)=CC=NC3=C1C=CC4=C3N=CC=C4C5=CC=CC=C5,C1(C2=CC=CC=C2)=CC=NC3=C1C=CC4=C3N=CC=C4C5=CC=CC=C5,C1(C2=C(C=C3)N=CC=N2)=C3N=CC=N1,2,10.1021/acs.inorgchem.3c02606,,RPE-1,mitochondria,48,>100
C1(C(N=CC=C2)=C2C3=C4N=C5C(C=CC=C5)=N3)=C4C=CC=N1,C1(C(N=CC=C2)=C2C3=C4N=C5C(C=CC=C5)=N3)=C4C=CC=N1,C1(C2=C(C=C3)C=CC=N2)=C3C=CC=N1,2,10.1021/acs.inorgchem.3c02606,,CT-26,,48,>100
C1(C(N=CC=C2)=C2C3=C4N=C5C(C=CC=C5)=N3)=C4C=CC=N1,C1(C(N=CC=C2)=C2C3=C4N=C5C(C=CC=C5)=N3)=C4C=CC=N1,C1(C2=C(C=C3)C=CC=N2)=C3C=CC=N1,2,10.1021/acs.inorgchem.3c02606,,HT-29,,48,>100
C1(C(N=CC=C2)=C2C3=C4N=C5C(C=CC=C5)=N3)=C4C=CC=N1,C1(C(N=CC=C2)=C2C3=C4N=C5C(C=CC=C5)=N3)=C4C=CC=N1,C1(C2=C(C=C3)C=CC=N2)=C3C=CC=N1,2,10.1021/acs.inorgchem.3c02606,,RPE-1,,48,>100
C1(C(N=CC=C2)=C2C3=C4N=C5C(C=C(C=CC=C6)C6=C5)=N3)=C4C=CC=N1,C1(C(N=CC=C2)=C2C3=C4N=C5C(C=C(C=CC=C6)C6=C5)=N3)=C4C=CC=N1,C1(C2=C(C=C3)C=CC=N2)=C3C=CC=N1,2,10.1021/acs.inorgchem.3c02606,,CT-26,,48,>100
C1(C(N=CC=C2)=C2C3=C4N=C5C(C=C(C=CC=C6)C6=C5)=N3)=C4C=CC=N1,C1(C(N=CC=C2)=C2C3=C4N=C5C(C=C(C=CC=C6)C6=C5)=N3)=C4C=CC=N1,C1(C2=C(C=C3)C=CC=N2)=C3C=CC=N1,2,10.1021/acs.inorgchem.3c02606,,HT-29,,48,>100
C1(C(N=CC=C2)=C2C3=C4N=C5C(C=C(C=CC=C6)C6=C5)=N3)=C4C=CC=N1,C1(C(N=CC=C2)=C2C3=C4N=C5C(C=C(C=CC=C6)C6=C5)=N3)=C4C=CC=N1,C1(C2=C(C=C3)C=CC=N2)=C3C=CC=N1,2,10.1021/acs.inorgchem.3c02606,,RPE-1,,48,>100
CC1=NC2=C(N=C(C)C=C3)C3=CC=C2C=C1,CC1=NC2=C(N=C(C)C=C3)C3=CC=C2C=C1,COC(C=C1)=CC=C1C2NN=C(C3=NC=CC=C3)C2,2,10.1021/acsomega.0c02079,,HL-60,,72,1.0
CC1=NC2=C(N=C(C)C=C3)C3=CC=C2C=C1,CC1=NC2=C(N=C(C)C=C3)C3=CC=C2C=C1,COC(C=C1)=CC=C1C2=CC(C3=NC=CC=C3)=NN2,2,10.1021/acsomega.0c02079,,HL-60,,72,0.20
CC1=NC2=C(N=C(C)C=C3)C3=CC=C2C=C1,CC1=NC2=C(N=C(C)C=C3)C3=CC=C2C=C1,ClC(C=C1)=CC=C1C2NN=C(C3=NC=CC=C3)C2,2,10.1021/acsomega.0c02079,,HL-60,,72,0.6
CC1=NC2=C(N=C(C)C=C3)C3=CC=C2C=C1,CC1=NC2=C(N=C(C)C=C3)C3=CC=C2C=C1,COC(C=C1)=CC=C1C2N(C3=CC=CC=C3)N=C(C4=NC=CC=C4)C2,2,10.1021/acsomega.0c02079,,HL-60,,72,2.40
CC1=NC2=C(N=C(C)C=C3)C3=CC=C2C=C1,CC1=NC2=C(N=C(C)C=C3)C3=CC=C2C=C1,ClC(C=C1)=CC=C1C2N(C3=CC=CC=C3)N=C(C4=NC=CC=C4)C2,2,10.1021/acsomega.0c02079,,HL-60,,72,0.8
CC1=NC2=C(N=C(C)C=C3)C3=CC=C2C=C1,CC1=NC2=C(N=C(C)C=C3)C3=CC=C2C=C1,COC(C=C1)=CC=C1C2N(C3=CC=CC=N3)N=C(C4=CC=CC=C4)C2,2,10.1021/acsomega.0c02079,,HL-60,,72,0.8
CC1=NC2=C(N=C(C)C=C3)C3=CC=C2C=C1,CC1=NC2=C(N=C(C)C=C3)C3=CC=C2C=C1,ClC(C=C1)=CC=C1C2N(C3=CC=CC=N3)N=C(C4=CC=CC=C4)C2,2,10.1021/acsomega.0c02079,,HL-60,,72,1.0
CC1=NC2=C(N=C(C)C=C3)C3=CC=C2C=C1,CC1=NC2=C(N=C(C)C=C3)C3=CC=C2C=C1,COC(C=C1)=CC=C1C2=CC(C3=NC=CC=C3)=NN2C4=CC=CC=C4,2,10.1021/acsomega.0c02079,,HL-60,,72,0.9
CC1=NC2=C(N=C(C)C=C3)C3=CC=C2C=C1,CC1=NC2=C(N=C(C)C=C3)C3=CC=C2C=C1,ClC(C=C1)=CC=C1C2=CC(C3=NC=CC=C3)=NN2C4=CC=CC=C4,2,10.1021/acsomega.0c02079,,HL-60,,72,7.60
C1(C2=NC=CC=C2)=CC=CC=N1,C1(C2=NC=CC=C2)=CC=CC=N1,ClC(C=C1)=CC=C1C2=CC(C3=NC=CC=C3)=NN2C4=CC=CC=C4,2,10.1021/acsomega.0c02079,,HL-60,,72,44.7
C12=CC=C3C(N=CC=C3C4=CC=CC=C4)=C1N=CC=C2C5=CC=CC=C5,C12=CC=C3C(N=CC=C3C4=CC=CC=C4)=C1N=CC=C2C5=CC=CC=C5,ClC(C=C1)=CC=C1C2=CC(C3=NC=CC=C3)=NN2C4=CC=CC=C4,2,10.1021/acsomega.0c02079,,HL-60,,72,8.50
CC1=NC2=C(N=C(C)C=C3)C3=CC=C2C=C1,CC1=NC2=C(N=C(C)C=C3)C3=CC=C2C=C1,OC(C(C=C1)=CC=C1C2=CC(C3=NC=CC=C3)=NN2C4=CC=CC=C4)=O,2,10.1021/acsomega.0c02079,,HL-60,,72,116.7
C12=CC=C3C(N=CC=C3C4=CC=CC=C4)=C1N=CC=C2C5=CC=CC=C5,C12=CC=C3C(N=CC=C3C4=CC=CC=C4)=C1N=CC=C2C5=CC=CC=C5,OC(C(C=C1)=CC=C1C2=CC(C3=NC=CC=C3)=NN2C4=CC=CC=C4)=O,2,10.1021/acsomega.0c02079,,HL-60,,72,29.30
C1(C2=NC=CC=C2)=CC=CC=N1,C1(C2=NC=CC=C2)=CC=CC=N1,C1(CC2=NC=CC=C2)=CC=CC=N1,2,10.1016/j.jinorgbio.2022.112031,,HL-60,,1,>100
C1(C2=NC=CC=C2)=CC=CC=N1,C1(C2=NC=CC=C2)=CC=CC=N1,C1(NC2=NC=CC=C2)=CC=CC=N1,2,10.1016/j.jinorgbio.2022.112031,,HL-60,,1,>100
C1(C2=NC=CC=C2)=CC=CC=N1,C1(C2=NC=CC=C2)=CC=CC=N1,C1(OC2=NC=CC=C2)=CC=CC=N1,2,10.1016/j.jinorgbio.2022.112031,,HL-60,,1,100.0
C1(C2=NC=CC=C2)=CC=CC=N1,C1(C2=NC=CC=C2)=CC=CC=N1,C1(SC2=NC=CC=C2)=CC=CC=N1,2,10.1016/j.jinorgbio.2022.112031,,HL-60,,1,>100
C1(NC2=NC=CC=C2)=CC=CC=N1,C1(NC2=NC=CC=C2)=CC=CC=N1,C1(NC2=NC=CC=C2)=CC=CC=N1,2,10.1016/j.jinorgbio.2022.112031,,HL-60,,1,>100
CC1=NC2=C(N=C(C)C=C3)C3=CC=C2C=C1,CC1=NC2=C(N=C(C)C=C3)C3=CC=C2C=C1,[O-]C1=C(N=CC=C2)C2=CC=C1,1,10.1016/j.ejmech.2018.04.044,,HL-60,,72,0.52
CC1=NC2=C(N=C(C)C=C3)C3=CC=C2C=C1,CC1=NC2=C(N=C(C)C=C3)C3=CC=C2C=C1,[O-]C1=C(N=C(C)C=C2)C2=CC=C1,1,10.1016/j.ejmech.2018.04.044,,HL-60,,72,0.49
CC1=NC2=C(N=C(C)C=C3)C3=CC=C2C=C1,CC1=NC2=C(N=C(C)C=C3)C3=CC=C2C=C1,[O-]C1=C(N=C(Br)C=C2)C2=CC=C1,1,10.1016/j.ejmech.2018.04.044,,HL-60,,72,0.18
CC1=NC2=C(N=C(C)C=C3)C3=CC=C2C=C1,CC1=NC2=C(N=C(C)C=C3)C3=CC=C2C=C1,[O-]C1=C(N=C(Cl)C=C2)C2=CC=C1,1,10.1016/j.ejmech.2018.04.044,,HL-60,,72,0.11
CC1=NC2=C(N=C(C)C=C3)C3=CC=C2C=C1,CC1=NC2=C(N=C(C)C=C3)C3=CC=C2C=C1,[O-]C1=C(N=C(C2=CC=CC=C2C)C=C3)C3=CC=C1,1,10.1016/j.ejmech.2018.04.044,,HL-60,,72,0.20
CC1=NC2=C(N=C(C)C=C3)C3=CC=C2C=C1,CC1=NC2=C(N=C(C)C=C3)C3=CC=C2C=C1,[O-]C1=C(N=CC=C2)C2=C(Br)C=C1,1,10.1016/j.ejmech.2018.04.044,,HL-60,,72,0.32
CC1=NC2=C(N=C(C)C=C3)C3=CC=C2C=C1,CC1=NC2=C(N=C(C)C=C3)C3=CC=C2C=C1,[O-]C1=C(N=CC=C2)C2=C(Cl)C=C1,1,10.1016/j.ejmech.2018.04.044,,HL-60,,72,0.43
CC1=NC2=C(N=C(C)C=C3)C3=CC=C2C=C1,CC1=NC2=C(N=C(C)C=C3)C3=CC=C2C=C1,[O-]C1=C(N=CC=C2)C2=C(C3=CC=CC=C3C)C=C1,1,10.1016/j.ejmech.2018.04.044,,HL-60,,72,0.67
CC1=NC2=C(N=C(C)C=C3)C3=CC=C2C=C1,CC1=NC2=C(N=C(C)C=C3)C3=CC=C2C=C1,[O-]C1=C(N=CC=C2)C2=CC=C1Br,1,10.1016/j.ejmech.2018.04.044,,HL-60,,72,0.10
CC1=NC2=C(N=C(C)C=C3)C3=CC=C2C=C1,CC1=NC2=C(N=C(C)C=C3)C3=CC=C2C=C1,[O-]C1=C(N=CC=C2)C2=CC=C1Cl,1,10.1016/j.ejmech.2018.04.044,,HL-60,,72,0.09
CC1=NC2=C(N=C(C)C=C3)C3=CC=C2C=C1,CC1=NC2=C(N=C(C)C=C3)C3=CC=C2C=C1,[O-]C1=C(N=CC=C2)C2=CC=C1C3=C(C)C=CC=C3,1,10.1016/j.ejmech.2018.04.044,,HL-60,,72,0.96
CC1=NC2=C(N=C(C)C=C3)C3=CC=C2C=C1,CC1=NC2=C(N=C(C)C=C3)C3=CC=C2C=C1,[O-]C1=C(N=CC=C2)C2=C(C)C=C1C,1,10.1016/j.ejmech.2018.04.044,,HL-60,,72,0.18
CC1=NC2=C(N=C(C)C=C3)C3=CC=C2C=C1,CC1=NC2=C(N=C(C)C=C3)C3=CC=C2C=C1,[O-]C1=C(N=CC=C2)C2=C(Br)C=C1Br,1,10.1016/j.ejmech.2018.04.044,,HL-60,,72,0.07
CC1=NC2=C(N=C(C)C=C3)C3=CC=C2C=C1,CC1=NC2=C(N=C(C)C=C3)C3=CC=C2C=C1,[O-]C1=C(N=CC=C2)C2=C(Cl)C=C1Cl,1,10.1016/j.ejmech.2018.04.044,,HL-60,,72,0.11
CC1=NC2=C(N=C(C)C=C3)C3=CC=C2C=C1,CC1=NC2=C(N=C(C)C=C3)C3=CC=C2C=C1,[O-]C1=C(N=CC=C2)C2=C(Cl)C=C1Br,1,10.1016/j.ejmech.2018.04.044,,HL-60,,72,0.09
CC1=NC2=C(N=C(C)C=C3)C3=CC=C2C=C1,CC1=NC2=C(N=C(C)C=C3)C3=CC=C2C=C1,[O-]C1=C(N=CC=C2)C2=C(Cl)C=C1I,1,10.1016/j.ejmech.2018.04.044,,HL-60,,72,0.057
CC1=NC2=C(N=C(C)C=C3)C3=CC=C2C=C1,CC1=NC2=C(N=C(C)C=C3)C3=CC=C2C=C1,[O-]C1=C(N=CC=C2)C2=C(I)C=C1I,1,10.1016/j.ejmech.2018.04.044,,HL-60,,72,0.12
CC1=NC2=C(N=C(C)C=C3)C3=CC=C2C=C1,CC1=NC2=C(N=C(C)C=C3)C3=CC=C2C=C1,[O-]C1=C(N=C(C)C=C2)C2=C(C)C=C1C,1,10.1016/j.ejmech.2018.04.044,,HL-60,,72,0.25
CC1=NC2=C(N=C(C)C=C3)C3=CC=C2C=C1,CC1=NC2=C(N=C(C)C=C3)C3=CC=C2C=C1,[O-]C1=C(N=C(C)C=C2)C2=C(Br)C=C1Br,1,10.1016/j.ejmech.2018.04.044,,HL-60,,72,0.08
CC1=NC2=C(N=C(C)C=C3)C3=CC=C2C=C1,CC1=NC2=C(N=C(C)C=C3)C3=CC=C2C=C1,[O-]C1=C(N=C(C)C=C2)C2=C(Cl)C=C1Cl,1,10.1016/j.ejmech.2018.04.044,,HL-60,,72,0.12
CC1=NC2=C(N=C(C)C=C3)C3=CC=C2C=C1,CC1=NC2=C(N=C(C)C=C3)C3=CC=C2C=C1,[O-]C1=C(N=C(Cl)C=C2)C2=C(Br)C=C1Br,1,10.1016/j.ejmech.2018.04.044,,HL-60,,72,0.07
C1(C2=NC=CC=C2)=CC=CC=N1,C1(C2=NC=CC=C2)=CC=CC=N1,C12=CC=C3C(N=CC=C3)=C1N=CC=C2,2,10.1021/ja3009677,,HL-60,,12,240.0
C1(C2=NC=CC=C2)=CC=CC=N1,C1(C2=NC=CC=C2)=CC=CC=N1,C12=CC=C3C(N=CC=C3)=C1N=CC=C2,2,10.1021/ja3009677,,A549,,12,250.0
C1(C2=NC=CC=C2)=CC=CC=N1,C1(C2=NC=CC=C2)=CC=CC=N1,CC1=NC(C2=NC(C)=CC=C2)=CC=C1,2,10.1021/ja3009677,,HL-60,,12,>300
C1(C2=NC=CC=C2)=CC=CC=N1,C1(C2=NC=CC=C2)=CC=CC=N1,CC1=NC(C2=NC(C)=CC=C2)=CC=C1,2,10.1021/ja3009677,,A549,,12,150.0
C1(C2=NC=CC=C2)=CC=CC=N1,C1(C2=NC=CC=C2)=CC=CC=N1,CC1=NC(C2=NC(C)=CC=C2C3C4N=CC=N3)=C4C=C1,2,10.1021/ja3009677,,HL-60,,12,108.0
C1(C2=NC=CC=C2)=CC=CC=N1,C1(C2=NC=CC=C2)=CC=CC=N1,CC1=NC(C2=NC(C)=CC=C2C3C4N=CC=N3)=C4C=C1,2,10.1021/ja3009677,,A549,,12,250.0
C1(C2=NC=CC=C2)=CC=CC=N1,C1(C2=NC=CC=C2)=CC=CC=N1,CC1=NC(C2=NC(C)=CC=C2)=CC=C1,2,10.1021/acs.molpharmaceut.8b00407,,HL-60,nucleus,72,>300
C12=CC=C3C(N=CC=C3)=C1N=CC=C2,C12=CC=C3C(N=CC=C3)=C1N=CC=C2,C12=CC=C(C3=NC(C=CC=C4)=C4C=C3)N=C1C=CC=C2,2,10.1039/c2cc33359g,,HL-60,,12,52.5
C12=CC=C3C(N=CC=C3)=C1N=CC=C2,C12=CC=C(C3=NC(C=CC=C4)=C4C=C3)N=C1C=CC=C2,C12=CC=C(C3=NC(C=CC=C4)=C4C=C3)N=C1C=CC=C2,2,10.1039/c2cc33359g,,HL-60,,12,47.3
C12=CC=C3C(N=CC=C3C4=CC=CC=C4)=C1N=CC=C2C5=CC=CC=C5,C12=CC=C3C(N=CC=C3C4=CC=CC=C4)=C1N=CC=C2C5=CC=CC=C5,C1(C2=NC=CC=C2)=CC=CC=N1,2,10.1007/s00775-014-1187-5,0.328,4T1,,24,6.79
C12=CC=C3C(N=CC=C3C4=CC=CC=C4)=C1N=CC=C2C5=CC=CC=C5,C12=CC=C3C(N=CC=C3C4=CC=CC=C4)=C1N=CC=C2C5=CC=CC=C5,CC1=CC=NC(C2=NC=CC(C)=C2)=C1,2,10.1007/s00775-014-1187-5,0.484,4T1,,24,4.90
C12=CC=C3C(N=CC=C3C4=CC=CC=C4)=C1N=CC=C2C5=CC=CC=C5,C12=CC=C3C(N=CC=C3C4=CC=CC=C4)=C1N=CC=C2C5=CC=CC=C5,CC1=CC(C2=CC(C([O-])=O)=CC=N2)=NC=C1,1,10.1007/s00775-014-1187-5,1.857,4T1,,24,8.66
C12=CC=C3C(N=CC=C3C4=CC=CC=C4)=C1N=CC=C2C5=CC=CC=C5,C12=CC=C3C(N=CC=C3C4=CC=CC=C4)=C1N=CC=C2C5=CC=CC=C5,CC1=CC(C2=CC(C(N(C3CCCCC3)C(NC4CCCCC4)=O)=O)=CC=N2)=NC=C1,2,10.1007/s00775-014-1187-5,1.114,4T1,,24,4.71
C12=CC=C3C(N=CC=C3C4=CC=CC=C4)=C1N=CC=C2C5=CC=CC=C5,C12=CC=C3C(N=CC=C3C4=CC=CC=C4)=C1N=CC=C2C5=CC=CC=C5,CC1=CC(C2=CC(CCCN3C([N+]([O-])=O)=NC=C3)=CC=N2)=NC=C1,2,10.1007/s00775-014-1187-5,0.413,4T1,,24,10.64
CC1=CC(C2=CC(CCC#CC3=CN=C(/C=N/NC(N)=O)C=C3)=CC=N2)=NC=C1,C1(C2=NC=CC=C2)=CC=CC=N1,C1(C2=NC=CC=C2)=CC=CC=N1,2,10.1039/d0mt00019a,-1.54,A549,,24,240.0
CC1=CC(C2=CC(CCC#CC3=CN=C(/C=N/NC(N)=O)C=C3)=CC=N2)=NC=C1,CC1=CC=NC(C2=NC=CC(C)=C2)=C1,CC1=CC=NC(C2=NC=CC(C)=C2)=C1,2,10.1039/d0mt00019a,-0.86,A549,,24,158.0
CC1=CC(C2=CC(CCC#CC3=CN=C(/C=N/NC(N)=O)C=C3)=CC=N2)=NC=C1,CC(C)(C)C1=CC=NC(C2=NC=CC(C(C)(C)C)=C2)=C1,CC(C)(C)C1=CC=NC(C2=NC=CC(C(C)(C)C)=C2)=C1,2,10.1039/d0mt00019a,-0.11,A549,,24,14.100
CC1=CC(C2=CC(CCC#CC3=CN=C(/C=N/NC(N)=O)C=C3)=CC=N2)=NC=C1,C1(C2=CC=CC=C2)=CC=NC3=C1C=CC4=C(C5=CC=CC=C5)C=CN=C43,C1(C2=CC=CC=C2)=CC=NC3=C1C=CC4=C(C5=CC=CC=C5)C=CN=C43,2,10.1039/d0mt00019a,0.36,A549,,24,10.70
CC1=CC(C2=CC(CCC#CC3=CN=C(/C=N/NC(N)=O)C=C3)=CC=N2)=NC=C1,[O-][S+2]([O-])(C1=CC(C2=CC=NC3=C(N=CC=C4C5=CC([S+2]([O-])([O-])[O-])=CC=C5)C4=CC=C32)=CC=C1)[O-],[O-][S+2]([O-])(C1=CC(C2=CC=NC3=C(N=CC=C4C5=CC([S+2]([O-])([O-])[O-])=CC=C5)C4=CC=C32)=CC=C1)[O-],0,10.1039/d0mt00019a,-0.90,A549,,24,240.0
CC1=CC(C2=CC(CCC#CC3=CN=C(/C=N/NC(N)=O)C=C3)=CC=N2)=NC=C1,C1(C2=NC=CC=C2)=CC=CC=N1,C1(C2=NC=CC=C2)=CC=CC=N1,2,10.1016/j.jinorgbio.2017.07.006,,CT-26,lysosom,24,201.0
CC1=CC(C2=CC(CCC#CC3=CN=C(/C=N/NC(N)=O)C=C3)=CC=N2)=NC=C1,C1(C2=NC=CC=C2)=CC=CC=N1,C1(C2=NC=CC=C2)=CC=CC=N1,2,10.1016/j.jinorgbio.2017.07.006,,CT-26,lysosom,72,31.0
CC1=CC(C2=CC(CCC#CC3=CN=C(/C=N/NC(N)=O)C=C3)=CC=N2)=NC=C1,C1(C2=NC=CC=C2)=CC=CC=N1,C1(C2=NC=CC=C2)=CC=CC=N1,2,10.1016/j.jinorgbio.2017.07.006,,A549,lysosom,24,113.0
CC1=CC(C2=CC(CCC#CC3=CN=C(/C=N/NC(N)=O)C=C3)=CC=N2)=NC=C1,C1(C2=NC=CC=C2)=CC=CC=N1,C1(C2=NC=CC=C2)=CC=CC=N1,2,10.1016/j.jinorgbio.2017.07.006,,A549,lysosom,72,97.0
CC1=CC(C2=CC(CCC#CC3=CN=C(/C=N/NC(N)=O)C=C3)=CC=N2)=NC=C1,C12=CC=C3C(N=CC=C3C4=CC=CC=C4)=C1N=CC=C2C5=CC=CC=C5,C12=CC=C3C(N=CC=C3C4=CC=CC=C4)=C1N=CC=C2C5=CC=CC=C5,2,10.1016/j.jinorgbio.2017.07.006,,CT-26,mitochondria,24,4.60
CC1=CC(C2=CC(CCC#CC3=CN=C(/C=N/NC(N)=O)C=C3)=CC=N2)=NC=C1,C12=CC=C3C(N=CC=C3C4=CC=CC=C4)=C1N=CC=C2C5=CC=CC=C5,C12=CC=C3C(N=CC=C3C4=CC=CC=C4)=C1N=CC=C2C5=CC=CC=C5,2,10.1016/j.jinorgbio.2017.07.006,,CT-26,mitochondria,72,5.70
CC1=CC(C2=CC(CCC#CC3=CN=C(/C=N/NC(N)=O)C=C3)=CC=N2)=NC=C1,C12=CC=C3C(N=CC=C3C4=CC=CC=C4)=C1N=CC=C2C5=CC=CC=C5,C12=CC=C3C(N=CC=C3C4=CC=CC=C4)=C1N=CC=C2C5=CC=CC=C5,2,10.1016/j.jinorgbio.2017.07.006,,A549,mitochondria,24,6.80
CC1=CC(C2=CC(CCC#CC3=CN=C(/C=N/NC(N)=O)C=C3)=CC=N2)=NC=C1,C12=CC=C3C(N=CC=C3C4=CC=CC=C4)=C1N=CC=C2C5=CC=CC=C5,C12=CC=C3C(N=CC=C3C4=CC=CC=C4)=C1N=CC=C2C5=CC=CC=C5,2,10.1016/j.jinorgbio.2017.07.006,,A549,mitochondria,72,9.0
CC1=CC(C2=CC(CCC#CC3=CN=C(/C=N/NC(N)=O)C=C3)=CC=N2)=NC=C1,C12=CC=C3C(N=CC=C3C4=CC=CC=C4)=C1N=CC=C2C5=CC=CC=C5,C12=CC=C3C(N=CC=C3C4=CC=CC=C4)=C1N=CC=C2C5=CC=CC=C5,2,10.1016/j.jinorgbio.2017.07.006,,CT-26,endoplasmic reticulum,24,4.60
CC1=CC(C2=CC(CCC#CC3=CN=C(/C=N/NC(N)=O)C=C3)=CC=N2)=NC=C1,C12=CC=C3C(N=CC=C3C4=CC=CC=C4)=C1N=CC=C2C5=CC=CC=C5,C12=CC=C3C(N=CC=C3C4=CC=CC=C4)=C1N=CC=C2C5=CC=CC=C5,2,10.1016/j.jinorgbio.2017.07.006,,CT-26,endoplasmic reticulum,72,5.70
CC1=CC(C2=CC(CCC#CC3=CN=C(/C=N/NC(N)=O)C=C3)=CC=N2)=NC=C1,C12=CC=C3C(N=CC=C3C4=CC=CC=C4)=C1N=CC=C2C5=CC=CC=C5,C12=CC=C3C(N=CC=C3C4=CC=CC=C4)=C1N=CC=C2C5=CC=CC=C5,2,10.1016/j.jinorgbio.2017.07.006,,A549,endoplasmic reticulum,24,6.80
CC1=CC(C2=CC(CCC#CC3=CN=C(/C=N/NC(N)=O)C=C3)=CC=N2)=NC=C1,C12=CC=C3C(N=CC=C3C4=CC=CC=C4)=C1N=CC=C2C5=CC=CC=C5,C12=CC=C3C(N=CC=C3C4=CC=CC=C4)=C1N=CC=C2C5=CC=CC=C5,2,10.1016/j.jinorgbio.2017.07.006,,A549,endoplasmic reticulum,72,9.0
C1(C2=NC=CC(N3CCCC3)=C2)=CC=CC=N1,C1(C2=NC=CC(N3CCCC3)=C2)=CC=CC=N1,C1(C2=NC=CC(N3CCCC3)=C2)=CC=CC=N1,2,10.1016/j.ica.2015.12.021,,A549,lysosom,12,21.0
C1(C2=NC=CC(N3CCCC3)=C2)=CC=CC=N1,C1(C2=NC=CC(N3CCCC3)=C2)=CC=CC=N1,C1(C2=NC=CC(N3CCCC3)=C2)=CC=CC=N1,2,10.1016/j.ica.2015.12.021,,CT-26,lysosom,12,15.90
C1(N2CCCC2)=CC=NC(C3=NC=CC(N4CCCC4)=C3)=C1,C1(N2CCCC2)=CC=NC(C3=NC=CC(N4CCCC4)=C3)=C1,C1(N2CCCC2)=CC=NC(C3=NC=CC(N4CCCC4)=C3)=C1,2,10.1016/j.ica.2015.12.021,,A549,,12,3.80
C1(N2CCCC2)=CC=NC(C3=NC=CC(N4CCCC4)=C3)=C1,C1(N2CCCC2)=CC=NC(C3=NC=CC(N4CCCC4)=C3)=C1,C1(N2CCCC2)=CC=NC(C3=NC=CC(N4CCCC4)=C3)=C1,2,10.1016/j.ica.2015.12.021,,CT-26,,12,5.30
C1(C2=NC=CC=C2)=CC=CC=N1,C12=CC=C3C(N=CC=C3C4=CC=CC=C4)=C1N=CC=C2C5=CC=CC=C5,C12=CC=C3C(N=CC=C3C4=CC=CC=C4)=C1N=CC=C2C5=CC=CC=C5,2,10.1016/j.ejps.2017.01.020,,PANC-1,mitochondria,24,2.90
C1(C2=NC=CC=C2)=CC=CC=N1,C12=CC=C3C(N=CC=C3C4=CC=CC=C4)=C1N=CC=C2C5=CC=CC=C5,C12=CC=C3C(N=CC=C3C4=CC=CC=C4)=C1N=CC=C2C5=CC=CC=C5,2,10.1016/j.ejps.2017.01.020,,HaCat,mitochondria,24,4.300
C1(C2=NC=CC=C2)=CC=CC=N1,C12=CC=C3C(N=CC=C3C4=CC=CC=C4)=C1N=CC=C2C5=CC=CC=C5,C12=CC=C3C(N=CC=C3C4=CC=CC=C4)=C1N=CC=C2C5=CC=CC=C5,2,10.1016/j.ejps.2017.01.020,,PANC-1,mitochondria,72,1.100
C1(C2=NC=CC=C2)=CC=CC=N1,C12=CC=C3C(N=CC=C3C4=CC=CC=C4)=C1N=CC=C2C5=CC=CC=C5,C12=CC=C3C(N=CC=C3C4=CC=CC=C4)=C1N=CC=C2C5=CC=CC=C5,2,10.1016/j.ejps.2017.01.020,,HaCat,mitochondria,72,1.300
C12=CC=C3C(N=CC=C3C4=CC=CC=C4)=C1N=CC=C2C5=CC=CC=C5,C12=CC=C3C(N=CC=C3C4=CC=CC=C4)=C1N=CC=C2C5=CC=CC=C5,O=[N+](C1=NC=CN1CCCC2=CC=NC(C3=NC=CC=C3)=C2)[O-],2,10.1016/j.ejps.2017.01.020,,PANC-1,mitochondria,24,3.0
C12=CC=C3C(N=CC=C3C4=CC=CC=C4)=C1N=CC=C2C5=CC=CC=C5,C12=CC=C3C(N=CC=C3C4=CC=CC=C4)=C1N=CC=C2C5=CC=CC=C5,O=[N+](C1=NC=CN1CCCC2=CC=NC(C3=NC=CC=C3)=C2)[O-],2,10.1016/j.ejps.2017.01.020,,HaCat,mitochondria,24,5.00
C12=CC=C3C(N=CC=C3C4=CC=CC=C4)=C1N=CC=C2C5=CC=CC=C5,C12=CC=C3C(N=CC=C3C4=CC=CC=C4)=C1N=CC=C2C5=CC=CC=C5,O=[N+](C1=NC=CN1CCCC2=CC=NC(C3=NC=CC=C3)=C2)[O-],2,10.1016/j.ejps.2017.01.020,,PANC-1,mitochondria,72,1.200
C12=CC=C3C(N=CC=C3C4=CC=CC=C4)=C1N=CC=C2C5=CC=CC=C5,C12=CC=C3C(N=CC=C3C4=CC=CC=C4)=C1N=CC=C2C5=CC=CC=C5,O=[N+](C1=NC=CN1CCCC2=CC=NC(C3=NC=CC=C3)=C2)[O-],2,10.1016/j.ejps.2017.01.020,,HaCat,mitochondria,72,1.90
C12=CC=C3C(N=CC=C3C4=CC=CC=C4)=C1N=CC=C2C5=CC=CC=C5,C12=CC=C3C(N=CC=C3C4=CC=CC=C4)=C1N=CC=C2C5=CC=CC=C5,O=[N+](C1=NC=CN1CCCCCCC2=CC=NC(C3=NC=CC=C3)=C2)[O-],2,10.1016/j.ejps.2017.01.020,,PANC-1,mitochondria,24,3.300
C12=CC=C3C(N=CC=C3C4=CC=CC=C4)=C1N=CC=C2C5=CC=CC=C5,C12=CC=C3C(N=CC=C3C4=CC=CC=C4)=C1N=CC=C2C5=CC=CC=C5,O=[N+](C1=NC=CN1CCCCCCC2=CC=NC(C3=NC=CC=C3)=C2)[O-],2,10.1016/j.ejps.2017.01.020,,HaCat,mitochondria,24,5.00
C12=CC=C3C(N=CC=C3C4=CC=CC=C4)=C1N=CC=C2C5=CC=CC=C5,C12=CC=C3C(N=CC=C3C4=CC=CC=C4)=C1N=CC=C2C5=CC=CC=C5,O=[N+](C1=NC=CN1CCCCCCC2=CC=NC(C3=NC=CC=C3)=C2)[O-],2,10.1016/j.ejps.2017.01.020,,PANC-1,mitochondria,72,2.40
C12=CC=C3C(N=CC=C3C4=CC=CC=C4)=C1N=CC=C2C5=CC=CC=C5,C12=CC=C3C(N=CC=C3C4=CC=CC=C4)=C1N=CC=C2C5=CC=CC=C5,O=[N+](C1=NC=CN1CCCCCCC2=CC=NC(C3=NC=CC=C3)=C2)[O-],2,10.1016/j.ejps.2017.01.020,,HaCat,mitochondria,72,6.100
C12=CC=C3C(N=CC=C3C4=CC=CC=C4)=C1N=CC=C2C5=CC=CC=C5,C12=CC=C3C(N=CC=C3C4=CC=CC=C4)=C1N=CC=C2C5=CC=CC=C5,C1(C2=NC=CC=C2)=CC=CC=N1,2,10.1021/acs.jmedchem.2c00580,,A375,,24,9.70
C12=CC=C3C(N=CC=C3C4=CC=CC=C4)=C1N=CC=C2C5=CC=CC=C5,C12=CC=C3C(N=CC=C3C4=CC=CC=C4)=C1N=CC=C2C5=CC=CC=C5,C1(C2=NC=CC=C2)=CC=CC=N1,2,10.1021/acs.jmedchem.2c00580,,A2058,,24,4.90
C12=CC=C3C(N=CC=C3C4=CC=CC=C4)=C1N=CC=C2C5=CC=CC=C5,C12=CC=C3C(N=CC=C3C4=CC=CC=C4)=C1N=CC=C2C5=CC=CC=C5,C1(C2=NC=CC=C2)=CC=CC=N1,2,10.1021/acs.jmedchem.2c00580,,MCF.7,,24,3.90
C12=CC=C3C(N=CC=C3C4=CC=CC=C4)=C1N=CC=C2C5=CC=CC=C5,C12=CC=C3C(N=CC=C3C4=CC=CC=C4)=C1N=CC=C2C5=CC=CC=C5,C1(C2=NC=CC=C2)=CC=CC=N1,2,10.1021/acs.jmedchem.2c00580,,MDA-MB-231,,24,0.8
C12=CC=C3C(N=CC=C3C4=CC=CC=C4)=C1N=CC=C2C5=CC=CC=C5,C12=CC=C3C(N=CC=C3C4=CC=CC=C4)=C1N=CC=C2C5=CC=CC=C5,C1(C2=NC=CC=C2)=CC=CC=N1,2,10.1021/acs.jmedchem.2c00580,,HaCat,,24,22.0
C12=CC=C3C(N=CC=C3C4=CC=CC=C4)=C1N=CC=C2C5=CC=CC=C5,C12=CC=C3C(N=CC=C3C4=CC=CC=C4)=C1N=CC=C2C5=CC=CC=C5,O=[N+](C1=NC=CN1CCCC2=CC=NC(C3=NC=CC=C3)=C2)[O-],2,10.1021/acs.jmedchem.2c00580,,A375,,24,11.200
C12=CC=C3C(N=CC=C3C4=CC=CC=C4)=C1N=CC=C2C5=CC=CC=C5,C12=CC=C3C(N=CC=C3C4=CC=CC=C4)=C1N=CC=C2C5=CC=CC=C5,O=[N+](C1=NC=CN1CCCC2=CC=NC(C3=NC=CC=C3)=C2)[O-],2,10.1021/acs.jmedchem.2c00580,,A2058,,24,10.80
C12=CC=C3C(N=CC=C3C4=CC=CC=C4)=C1N=CC=C2C5=CC=CC=C5,C12=CC=C3C(N=CC=C3C4=CC=CC=C4)=C1N=CC=C2C5=CC=CC=C5,O=[N+](C1=NC=CN1CCCC2=CC=NC(C3=NC=CC=C3)=C2)[O-],2,10.1021/acs.jmedchem.2c00580,,MCF.7,,24,13.0
C12=CC=C3C(N=CC=C3C4=CC=CC=C4)=C1N=CC=C2C5=CC=CC=C5,C12=CC=C3C(N=CC=C3C4=CC=CC=C4)=C1N=CC=C2C5=CC=CC=C5,O=[N+](C1=NC=CN1CCCC2=CC=NC(C3=NC=CC=C3)=C2)[O-],2,10.1021/acs.jmedchem.2c00580,,MDA-MB-231,,24,3.80
C12=CC=C3C(N=CC=C3C4=CC=CC=C4)=C1N=CC=C2C5=CC=CC=C5,C12=CC=C3C(N=CC=C3C4=CC=CC=C4)=C1N=CC=C2C5=CC=CC=C5,O=[N+](C1=NC=CN1CCCC2=CC=NC(C3=NC=CC=C3)=C2)[O-],2,10.1021/acs.jmedchem.2c00580,,HaCat,,24,19.0
C12=CC=C3C(N=CC=C3C4=CC=CC=C4)=C1N=CC=C2C5=CC=CC=C5,C12=CC=C3C(N=CC=C3C4=CC=CC=C4)=C1N=CC=C2C5=CC=CC=C5,CC1=CC(C2=CC(CCC#CC3=CN=C(/C=N/NC(N)=O)C=C3)=CC=N2)=NC=C1,2,10.1021/acs.jmedchem.2c00580,,A375,,24,15.0
C12=CC=C3C(N=CC=C3C4=CC=CC=C4)=C1N=CC=C2C5=CC=CC=C5,C12=CC=C3C(N=CC=C3C4=CC=CC=C4)=C1N=CC=C2C5=CC=CC=C5,CC1=CC(C2=CC(CCC#CC3=CN=C(/C=N/NC(N)=O)C=C3)=CC=N2)=NC=C1,2,10.1021/acs.jmedchem.2c00580,,A2058,,24,4.70
C12=CC=C3C(N=CC=C3C4=CC=CC=C4)=C1N=CC=C2C5=CC=CC=C5,C12=CC=C3C(N=CC=C3C4=CC=CC=C4)=C1N=CC=C2C5=CC=CC=C5,CC1=CC(C2=CC(CCC#CC3=CN=C(/C=N/NC(N)=O)C=C3)=CC=N2)=NC=C1,2,10.1021/acs.jmedchem.2c00580,,MCF.7,,24,13.100
C12=CC=C3C(N=CC=C3C4=CC=CC=C4)=C1N=CC=C2C5=CC=CC=C5,C12=CC=C3C(N=CC=C3C4=CC=CC=C4)=C1N=CC=C2C5=CC=CC=C5,CC1=CC(C2=CC(CCC#CC3=CN=C(/C=N/NC(N)=O)C=C3)=CC=N2)=NC=C1,2,10.1021/acs.jmedchem.2c00580,,MDA-MB-231,,24,1.80
C12=CC=C3C(N=CC=C3C4=CC=CC=C4)=C1N=CC=C2C5=CC=CC=C5,C12=CC=C3C(N=CC=C3C4=CC=CC=C4)=C1N=CC=C2C5=CC=CC=C5,CC1=CC(C2=CC(CCC#CC3=CN=C(/C=N/NC(N)=O)C=C3)=CC=N2)=NC=C1,2,10.1021/acs.jmedchem.2c00580,,HaCat,,24,27.70
C1(C2=NC=CC=C2C3=C4N=C5C(C=C6C([C@H]7C8=C(C=CC=C8)[C@@H]6C9=CC=CC=C79)=C5)=N3)=C4C=CC=N1,C1(C2=NC=CC=C2C3=C4N=C5C(C=C6C([C@H]7C8=C(C=CC=C8)[C@@H]6C9=CC=CC=C79)=C5)=N3)=C4C=CC=N1,C1(C2=NC=CC=C2)=CC=CC=N1,2,10.1039/C7NJ00738H,,HeLa,,48,>60
C1(C2=NC=CC=C2C3=C4N=C5C(C=C6C([C@H]7C8=C(C=CC=C8)[C@@H]6C9=CC=CC=C79)=C5)=N3)=C4C=CC=N1,C1(C2=NC=CC=C2C3=C4N=C5C(C=C6C([C@H]7C8=C(C=CC=C8)[C@@H]6C9=CC=CC=C79)=C5)=N3)=C4C=CC=N1,C12=CC=C3C(N=CC=C3)=C1N=CC=C2,2,10.1039/C7NJ00738H,,HeLa,,48,>60
C1(C2=NC=CC=C2C3=C4N=C5C(C=C6C([C@H]7C8=C(C=CC=C8)[C@@H]6C9=CC=CC=C79)=C5)=N3)=C4C=CC=N1,C1(C2=NC=CC=C2C3=C4N=C5C(C=C6C([C@H]7C8=C(C=CC=C8)[C@@H]6C9=CC=CC=C79)=C5)=N3)=C4C=CC=N1,C1(C2=NC=CC=C2C3=C4N=C5C(C=CC=C5)=N3)=C4C=CC=N1,2,10.1039/C7NJ00738H,,HeLa,,48,>60
C1(C2=NC=CC=C2C3=C4N=C5C(C=C6C([C@H]7C8=C(C=CC=C8)[C@@H]6C9=CC=CC=C79)=C5)=N3)=C4C=CC=N1,C1(C2=NC=CC=C2C3=C4N=C5C(C=C6C([C@H]7C8=C(C=CC=C8)[C@@H]6C9=CC=CC=C79)=C5)=N3)=C4C=CC=N1,C1(C2=NC=CC=C2C3=C4N=C5C(C=C6C([C@H]7C8=C(C=CC=C8)[C@@H]6C9=CC=CC=C79)=C5)=N3)=C4C=CC=N1,2,10.1039/C7NJ00738H,,HeLa,,48,>60
C1(C2=NC=CC=C2)=CC=CC=N1,C1(C2=NC=CC=C2)=CC=CC=N1,NC1=CC=CC(C2=NC3=C4C(N=CC=C4)=C5C(C=CC=N5)=C3N2)=C1,2,10.1016/j.ejmech.2009.10.043,,BEL.7402,,48,87.00
C1(C2=NC=CC=C2)=CC=CC=N1,C1(C2=NC=CC=C2)=CC=CC=N1,NC1=CC=CC(C2=NC3=C4C(N=CC=C4)=C5C(C=CC=N5)=C3N2)=C1,2,10.1016/j.ejmech.2009.10.043,,C-6,,48,31.31
C1(C2=NC=CC=C2)=CC=CC=N1,C1(C2=NC=CC=C2)=CC=CC=N1,NC1=CC=CC(C2=NC3=C4C(N=CC=C4)=C5C(C=CC=N5)=C3N2)=C1,2,10.1016/j.ejmech.2009.10.043,,HepG2,,48,41.06
C1(C2=NC=CC=C2)=CC=CC=N1,C1(C2=NC=CC=C2)=CC=CC=N1,NC1=CC=CC(C2=NC3=C4C(N=CC=C4)=C5C(C=CC=N5)=C3N2)=C1,2,10.1016/j.ejmech.2009.10.043,,MCF.7,,48,28.60
C1(C2=NC=CC=C2)=CC=CC=N1,C1(C2=NC=CC=C2)=CC=CC=N1,NC(C=C1)=CC=C1C2=NC3=C4C(N=CC=C4)=C5C(C=CC=N5)=C3N2,2,10.1016/j.ejmech.2009.10.043,,BEL.7402,,48,95.33
C1(C2=NC=CC=C2)=CC=CC=N1,C1(C2=NC=CC=C2)=CC=CC=N1,NC(C=C1)=CC=C1C2=NC3=C4C(N=CC=C4)=C5C(C=CC=N5)=C3N2,2,10.1016/j.ejmech.2009.10.043,,C-6,,48,22.77
C1(C2=NC=CC=C2)=CC=CC=N1,C1(C2=NC=CC=C2)=CC=CC=N1,NC(C=C1)=CC=C1C2=NC3=C4C(N=CC=C4)=C5C(C=CC=N5)=C3N2,2,10.1016/j.ejmech.2009.10.043,,HepG2,,48,102.01
C1(C2=NC=CC=C2)=CC=CC=N1,C1(C2=NC=CC=C2)=CC=CC=N1,NC(C=C1)=CC=C1C2=NC3=C4C(N=CC=C4)=C5C(C=CC=N5)=C3N2,2,10.1016/j.ejmech.2009.10.043,,MCF.7,,48,23.00
C1(C2=NC=CC=C2)=CC=CC=N1,C1(C2=NC=CC=C2)=CC=CC=N1,OC(C(Br)=C1)=C(Br)C=C1C2=NC3=C4C(N=CC=C4)=C5C(C=CC=N5)=C3N2,2,10.1016/j.ejmech.2010.03.042,,BEL.7402,,24,56.10
C1(C2=NC=CC=C2)=CC=CC=N1,C1(C2=NC=CC=C2)=CC=CC=N1,OC(C(Br)=C1)=C(Br)C=C1C2=NC3=C4C(N=CC=C4)=C5C(C=CC=N5)=C3N2,2,10.1016/j.ejmech.2010.03.042,,BEL.7402,,48,41.29
C1(C2=NC=CC=C2)=CC=CC=N1,C1(C2=NC=CC=C2)=CC=CC=N1,OC(C(Br)=C1)=C(Br)C=C1C2=NC3=C4C(N=CC=C4)=C5C(C=CC=N5)=C3N2,2,10.1016/j.ejmech.2010.03.042,,C-6,,48,>100
C1(C2=NC=CC=C2)=CC=CC=N1,C1(C2=NC=CC=C2)=CC=CC=N1,OC(C(Br)=C1)=C(Br)C=C1C2=NC3=C4C(N=CC=C4)=C5C(C=CC=N5)=C3N2,2,10.1016/j.ejmech.2010.03.042,,HepG2,,48,>100
C1(C2=NC=CC=C2)=CC=CC=N1,C1(C2=NC=CC=C2)=CC=CC=N1,OC(C(Br)=C1)=C(Br)C=C1C2=NC3=C4C(N=CC=C4)=C5C(C=CC=N5)=C3N2,2,10.1016/j.ejmech.2010.03.042,,MCF.7,,48,>100
C12=CC=C3C(N=CC=C3)=C1N=CC=C2,C12=CC=C3C(N=CC=C3)=C1N=CC=C2,OC(C(Br)=C1)=C(Br)C=C1C2=NC3=C4C(N=CC=C4)=C5C(C=CC=N5)=C3N2,2,10.1016/j.ejmech.2010.03.042,,BEL.7402,,24,33.18
C12=CC=C3C(N=CC=C3)=C1N=CC=C2,C12=CC=C3C(N=CC=C3)=C1N=CC=C2,OC(C(Br)=C1)=C(Br)C=C1C2=NC3=C4C(N=CC=C4)=C5C(C=CC=N5)=C3N2,2,10.1016/j.ejmech.2010.03.042,,BEL.7402,,48,21.62
C12=CC=C3C(N=CC=C3)=C1N=CC=C2,C12=CC=C3C(N=CC=C3)=C1N=CC=C2,OC(C(Br)=C1)=C(Br)C=C1C2=NC3=C4C(N=CC=C4)=C5C(C=CC=N5)=C3N2,2,10.1016/j.ejmech.2010.03.042,,C-6,,48,30.75
C12=CC=C3C(N=CC=C3)=C1N=CC=C2,C12=CC=C3C(N=CC=C3)=C1N=CC=C2,OC(C(Br)=C1)=C(Br)C=C1C2=NC3=C4C(N=CC=C4)=C5C(C=CC=N5)=C3N2,2,10.1016/j.ejmech.2010.03.042,,HepG2,,48,28.35
C12=CC=C3C(N=CC=C3)=C1N=CC=C2,C12=CC=C3C(N=CC=C3)=C1N=CC=C2,OC(C(Br)=C1)=C(Br)C=C1C2=NC3=C4C(N=CC=C4)=C5C(C=CC=N5)=C3N2,2,10.1016/j.ejmech.2010.03.042,,MCF.7,,48,21.91
CC1=CC=NC(C2=NC=CC(C)=C2)=C1,CC1=CC=NC(C2=NC=CC(C)=C2)=C1,C1(C2=NC=CC=C2C3=C4N=C5C(C=C(N=C6C(C7=C(C6=CC=C8)C8=CC=C7)=N9)C9=C5)=N3)=C4C=CC=N1,2,10.1016/j.ejmech.2013.03.015,,BEL.7402,,48,12.50
CC1=CC=NC(C2=NC=CC(C)=C2)=C1,CC1=CC=NC(C2=NC=CC(C)=C2)=C1,C1(C2=NC=CC=C2C3=C4N=C5C(C=C(N=C6C(C7=C(C6=CC=C8)C8=CC=C7)=N9)C9=C5)=N3)=C4C=CC=N1,2,10.1016/j.ejmech.2013.03.015,,HeLa,,48,10.40
CC1=CC=NC(C2=NC=CC(C)=C2)=C1,CC1=CC=NC(C2=NC=CC(C)=C2)=C1,C1(C2=NC=CC=C2C3=C4N=C5C(C=C(N=C6C(C7=C(C6=CC=C8)C8=CC=C7)=N9)C9=C5)=N3)=C4C=CC=N1,2,10.1016/j.ejmech.2013.03.015,,MG63,,48,20.40
CC1=CC=NC(C2=NC=CC(C)=C2)=C1,CC1=CC=NC(C2=NC=CC(C)=C2)=C1,C1(C2=NC=CC=C2C3=C4N=C5C(C=C(N=C6C(C7=C(C6=CC=C8)C8=CC=C7)=N9)C9=C5)=N3)=C4C=CC=N1,2,10.1016/j.ejmech.2013.03.015,,SKBR3,,48,18.60
C1(C2=NC=CC=C2)=CC=CC=N1,C1(C2=NC=CC=C2)=CC=CC=N1,C1(C2=NC=CC=C2C3=C4N=C5C(C=C(N=C6C(C7=C(C6=CC=C8)C8=CC=C7)=N9)C9=C5)=N3)=C4C=CC=N1,2,10.1016/j.ejmech.2013.03.015,,BEL.7402,,48,12.80
C1(C2=NC=CC=C2)=CC=CC=N1,C1(C2=NC=CC=C2)=CC=CC=N1,C1(C2=NC=CC=C2C3=C4N=C5C(C=C(N=C6C(C7=C(C6=CC=C8)C8=CC=C7)=N9)C9=C5)=N3)=C4C=CC=N1,2,10.1016/j.ejmech.2013.03.015,,HeLa,,48,14.60
C1(C2=NC=CC=C2)=CC=CC=N1,C1(C2=NC=CC=C2)=CC=CC=N1,C1(C2=NC=CC=C2C3=C4N=C5C(C=C(N=C6C(C7=C(C6=CC=C8)C8=CC=C7)=N9)C9=C5)=N3)=C4C=CC=N1,2,10.1016/j.ejmech.2013.03.015,,MG63,,48,16.100
C1(C2=NC=CC=C2)=CC=CC=N1,C1(C2=NC=CC=C2)=CC=CC=N1,C1(C2=NC=CC=C2C3=C4N=C5C(C=C(N=C6C(C7=C(C6=CC=C8)C8=CC=C7)=N9)C9=C5)=N3)=C4C=CC=N1,2,10.1016/j.ejmech.2013.03.015,,SKBR3,,48,12.60
C1(C2=NC=CC=C2)=CC=CC=N1,C1(C2=NC=CC=C2)=CC=CC=N1,O=[N+](C(C=C1)=CC([N+]([O-])=O)=C1C2=NC3=C4C(N=CC=C4)=C5C(C=CC=N5)=C3N2)[O-],2,10.1016/j.ejmech.2011.04.049,,BEL.7402,nucleus,48,45.75
C1(C2=NC=CC=C2)=CC=CC=N1,C1(C2=NC=CC=C2)=CC=CC=N1,O=[N+](C(C=C1)=CC([N+]([O-])=O)=C1C2=NC3=C4C(N=CC=C4)=C5C(C=CC=N5)=C3N2)[O-],2,10.1016/j.ejmech.2011.04.049,,HepG2,nucleus,48,97.82
C1(C2=NC=CC=C2)=CC=CC=N1,C1(C2=NC=CC=C2)=CC=CC=N1,O=[N+](C(C=C1)=CC([N+]([O-])=O)=C1C2=NC3=C4C(N=CC=C4)=C5C(C=CC=N5)=C3N2)[O-],2,10.1016/j.ejmech.2011.04.049,,MCF.7,nucleus,48,68.80
C1(C2=NC=CC=C2)=CC=CC=N1,C1(C2=NC=CC=C2)=CC=CC=N1,NC(C=C1)=CC(N)=C1C2=NC3=C4C(N=CC=C4)=C5C(C=CC=N5)=C3N2,2,10.1016/j.ejmech.2011.04.049,,BEL.7402,nucleus,48,105.48
C1(C2=NC=CC=C2)=CC=CC=N1,C1(C2=NC=CC=C2)=CC=CC=N1,NC(C=C1)=CC(N)=C1C2=NC3=C4C(N=CC=C4)=C5C(C=CC=N5)=C3N2,2,10.1016/j.ejmech.2011.04.049,,HepG2,nucleus,48,52.87
C1(C2=NC=CC=C2)=CC=CC=N1,C1(C2=NC=CC=C2)=CC=CC=N1,NC(C=C1)=CC(N)=C1C2=NC3=C4C(N=CC=C4)=C5C(C=CC=N5)=C3N2,2,10.1016/j.ejmech.2011.04.049,,MCF.7,nucleus,48,77.98
C1(C2=NC=CC=C2)=CC=CC=N1,C1(C2=NC=CC=C2)=CC=CC=N1,NC1=CC2=NC3=C(N=C2C=C1)C4=CC=CN=C4C5=C3C=CC=N5,2,10.1007/s00775-013-1032-2,,A549,nucleus,48,85.3
C1(C2=NC=CC=C2)=CC=CC=N1,C1(C2=NC=CC=C2)=CC=CC=N1,NC1=CC2=NC3=C(N=C2C=C1)C4=CC=CN=C4C5=C3C=CC=N5,2,10.1007/s00775-013-1032-2,,BEL.7402,nucleus,48,13.80
C1(C2=NC=CC=C2)=CC=CC=N1,C1(C2=NC=CC=C2)=CC=CC=N1,NC1=CC2=NC3=C(N=C2C=C1)C4=CC=CN=C4C5=C3C=CC=N5,2,10.1007/s00775-013-1032-2,,MG63,nucleus,48,29.40
C1(C2=NC=CC=C2)=CC=CC=N1,C1(C2=NC=CC=C2)=CC=CC=N1,NC1=CC2=NC3=C(N=C2C=C1)C4=CC=CN=C4C5=C3C=CC=N5,2,10.1007/s00775-013-1032-2,,SKBR3,nucleus,48,23.30
CC1=CC=NC(C2=NC=CC(C)=C2)=C1,CC1=CC=NC(C2=NC=CC(C)=C2)=C1,NC1=CC2=NC3=C(N=C2C=C1)C4=CC=CN=C4C5=C3C=CC=N5,2,10.1007/s00775-013-1032-2,,A549,nucleus,48,22.0
CC1=CC=NC(C2=NC=CC(C)=C2)=C1,CC1=CC=NC(C2=NC=CC(C)=C2)=C1,NC1=CC2=NC3=C(N=C2C=C1)C4=CC=CN=C4C5=C3C=CC=N5,2,10.1007/s00775-013-1032-2,,BEL.7402,nucleus,48,97.4
CC1=CC=NC(C2=NC=CC(C)=C2)=C1,CC1=CC=NC(C2=NC=CC(C)=C2)=C1,NC1=CC2=NC3=C(N=C2C=C1)C4=CC=CN=C4C5=C3C=CC=N5,2,10.1007/s00775-013-1032-2,,MG63,nucleus,48,32.8
CC1=CC=NC(C2=NC=CC(C)=C2)=C1,CC1=CC=NC(C2=NC=CC(C)=C2)=C1,NC1=CC2=NC3=C(N=C2C=C1)C4=CC=CN=C4C5=C3C=CC=N5,2,10.1007/s00775-013-1032-2,,SKBR3,nucleus,48,41.6
CC1=NC2=C(N=C(C)C=C3)C3=CC=C2C=C1,CC1=NC2=C(N=C(C)C=C3)C3=CC=C2C=C1,NC1=CC2=NC3=C(N=C2C=C1)C4=CC=CN=C4C5=C3C=CC=N5,2,10.1007/s00775-013-1032-2,,A549,nucleus,48,2.40
CC1=NC2=C(N=C(C)C=C3)C3=CC=C2C=C1,CC1=NC2=C(N=C(C)C=C3)C3=CC=C2C=C1,NC1=CC2=NC3=C(N=C2C=C1)C4=CC=CN=C4C5=C3C=CC=N5,2,10.1007/s00775-013-1032-2,,BEL.7402,nucleus,48,17.100
CC1=NC2=C(N=C(C)C=C3)C3=CC=C2C=C1,CC1=NC2=C(N=C(C)C=C3)C3=CC=C2C=C1,NC1=CC2=NC3=C(N=C2C=C1)C4=CC=CN=C4C5=C3C=CC=N5,2,10.1007/s00775-013-1032-2,,MG63,nucleus,48,5.40
CC1=NC2=C(N=C(C)C=C3)C3=CC=C2C=C1,CC1=NC2=C(N=C(C)C=C3)C3=CC=C2C=C1,NC1=CC2=NC3=C(N=C2C=C1)C4=CC=CN=C4C5=C3C=CC=N5,2,10.1007/s00775-013-1032-2,,SKBR3,nucleus,48,2.200
C1(C2=NC=CC=C2)=CC=CC=N1,C1(C2=NC=CC=C2)=CC=CC=N1,O=CC(C1=C2C=CC=C1)=C3C(C=CC=C3)=C2C4=NC5=C6C(N=CC=C6)=C7C(C=CC=N7)=C5N4,2,10.1371/journal.pone.0096082,,BEL.7402,,48,9.80
C1(C2=NC=CC=C2)=CC=CC=N1,C1(C2=NC=CC=C2)=CC=CC=N1,O=CC(C1=C2C=CC=C1)=C3C(C=CC=C3)=C2C4=NC5=C6C(N=CC=C6)=C7C(C=CC=N7)=C5N4,2,10.1371/journal.pone.0096082,,A549,,48,20.20
C1(C2=NC=CC=C2)=CC=CC=N1,C1(C2=NC=CC=C2)=CC=CC=N1,O=CC(C1=C2C=CC=C1)=C3C(C=CC=C3)=C2C4=NC5=C6C(N=CC=C6)=C7C(C=CC=N7)=C5N4,2,10.1371/journal.pone.0096082,,MG63,,48,20.50
C1(C2=NC=CC=C2)=CC=CC=N1,C1(C2=NC=CC=C2)=CC=CC=N1,O=CC(C1=C2C=CC=C1)=C3C(C=CC=C3)=C2C4=NC5=C6C(N=CC=C6)=C7C(C=CC=N7)=C5N4,2,10.1371/journal.pone.0096082,,SKBR3,,48,9.40
C12=CC=C3C(N=CC=C3)=C1N=CC=C2,C12=CC=C3C(N=CC=C3)=C1N=CC=C2,O=CC(C1=C2C=CC=C1)=C3C(C=CC=C3)=C2C4=NC5=C6C(N=CC=C6)=C7C(C=CC=N7)=C5N4,2,10.1371/journal.pone.0096082,,BEL.7402,,48,11.200
C12=CC=C3C(N=CC=C3)=C1N=CC=C2,C12=CC=C3C(N=CC=C3)=C1N=CC=C2,O=CC(C1=C2C=CC=C1)=C3C(C=CC=C3)=C2C4=NC5=C6C(N=CC=C6)=C7C(C=CC=N7)=C5N4,2,10.1371/journal.pone.0096082,,A549,,48,12.60
C12=CC=C3C(N=CC=C3)=C1N=CC=C2,C12=CC=C3C(N=CC=C3)=C1N=CC=C2,O=CC(C1=C2C=CC=C1)=C3C(C=CC=C3)=C2C4=NC5=C6C(N=CC=C6)=C7C(C=CC=N7)=C5N4,2,10.1371/journal.pone.0096082,,MG63,,48,17.90
C12=CC=C3C(N=CC=C3)=C1N=CC=C2,C12=CC=C3C(N=CC=C3)=C1N=CC=C2,O=CC(C1=C2C=CC=C1)=C3C(C=CC=C3)=C2C4=NC5=C6C(N=CC=C6)=C7C(C=CC=N7)=C5N4,2,10.1371/journal.pone.0096082,,SKBR3,,48,4.100
C12=CC=C3C(N=CC=C3)=C1N=CC=C2,C12=CC=C3C(N=CC=C3)=C1N=CC=C2,NC(C=CC=C1)=C1C2=NC3=C4C(N=CC=C4)=C5C(C=CC=N5)=C3N2,2,10.1016/j.jorganchem.2011.04.020,,BEL.7402,nucleus,48,43.07
C12=CC=C3C(N=CC=C3)=C1N=CC=C2,C12=CC=C3C(N=CC=C3)=C1N=CC=C2,NC(C=CC=C1)=C1C2=NC3=C4C(N=CC=C4)=C5C(C=CC=N5)=C3N2,2,10.1016/j.jorganchem.2011.04.020,,HepG2,nucleus,48,35.17
C12=CC=C3C(N=CC=C3)=C1N=CC=C2,C12=CC=C3C(N=CC=C3)=C1N=CC=C2,NC(C=CC=C1)=C1C2=NC3=C4C(N=CC=C4)=C5C(C=CC=N5)=C3N2,2,10.1016/j.jorganchem.2011.04.020,,MCF.7,nucleus,48,44.35
C12=CC=C3C(N=CC=C3)=C1N=CC=C2,C12=CC=C3C(N=CC=C3)=C1N=CC=C2,NC1=CC=C(O)C(C2=NC3=C4C(N=CC=C4)=C5C(C=CC=N5)=C3N2)=C1,2,10.1016/j.jorganchem.2011.04.020,,BEL.7402,nucleus,48,179.82
C12=CC=C3C(N=CC=C3)=C1N=CC=C2,C12=CC=C3C(N=CC=C3)=C1N=CC=C2,NC1=CC=C(O)C(C2=NC3=C4C(N=CC=C4)=C5C(C=CC=N5)=C3N2)=C1,2,10.1016/j.jorganchem.2011.04.020,,HepG2,nucleus,48,146.25
C12=CC=C3C(N=CC=C3)=C1N=CC=C2,C12=CC=C3C(N=CC=C3)=C1N=CC=C2,NC1=CC=C(O)C(C2=NC3=C4C(N=CC=C4)=C5C(C=CC=N5)=C3N2)=C1,2,10.1016/j.jorganchem.2011.04.020,,MCF.7,nucleus,48,235.14
C1(C2=NC=CC=C2)=CC=CC=N1,C1(C2=NC=CC=C2)=CC=CC=N1,NC(C=CC=C1)=C1C2=NC3=C4C(N=CC=C4)=C5C(C=CC=N5)=C3N2,2,10.1016/j.ica.2012.01.003,,BEL.7402,nucleus,48,492.0
C1(C2=NC=CC=C2)=CC=CC=N1,C1(C2=NC=CC=C2)=CC=CC=N1,NC(C=CC=C1)=C1C2=NC3=C4C(N=CC=C4)=C5C(C=CC=N5)=C3N2,2,10.1016/j.ica.2012.01.003,,HepG2,nucleus,48,313.0
C1(C2=NC=CC=C2)=CC=CC=N1,C1(C2=NC=CC=C2)=CC=CC=N1,NC(C=CC=C1)=C1C2=NC3=C4C(N=CC=C4)=C5C(C=CC=N5)=C3N2,2,10.1016/j.ica.2012.01.003,,MCF.7,nucleus,48,215.0
C1(C2=NC=CC=C2)=CC=CC=N1,C1(C2=NC=CC=C2)=CC=CC=N1,NC1=CC=C(O)C(C2=NC3=C4C(N=CC=C4)=C5C(C=CC=N5)=C3N2)=C1,2,10.1016/j.ica.2012.01.003,,BEL.7402,nucleus,48,197.0
C1(C2=NC=CC=C2)=CC=CC=N1,C1(C2=NC=CC=C2)=CC=CC=N1,NC1=CC=C(O)C(C2=NC3=C4C(N=CC=C4)=C5C(C=CC=N5)=C3N2)=C1,2,10.1016/j.ica.2012.01.003,,HepG2,nucleus,48,97.0
C1(C2=NC=CC=C2)=CC=CC=N1,C1(C2=NC=CC=C2)=CC=CC=N1,NC1=CC=C(O)C(C2=NC3=C4C(N=CC=C4)=C5C(C=CC=N5)=C3N2)=C1,2,10.1016/j.ica.2012.01.003,,MCF.7,nucleus,48,118.0
O=C1NC2=CC=CC=C2/C1=N\NC(N)=S,C12=CC=C3C(N=CC=C3)=C1N=CC=C2,C12=CC=C3C(N=CC=C3)=C1N=CC=C2,2,10.1016/j.bmc.2007.08.014,,L1210,,,49.0
O=C1NC2=CC=CC=C2/C1=N\NC(N)=S,C12=CC=C3C(N=CC=C3)=C1N=CC=C2,C12=CC=C3C(N=CC=C3)=C1N=CC=C2,2,10.1016/j.bmc.2007.08.014,,Molt-4-C8,,,7.40
O=C1NC2=CC=CC=C2/C1=N\NC(N)=S,C12=CC=C3C(N=CC=C3)=C1N=CC=C2,C12=CC=C3C(N=CC=C3)=C1N=CC=C2,2,10.1016/j.bmc.2007.08.014,,CEM,,,3.90
O=C1NC2=CC=CC=C2/C1=N\NC(N)=S,C1(C2=NC=CC=C2)=CC=CC=N1,C1(C2=NC=CC=C2)=CC=CC=N1,2,10.1016/j.bmc.2007.08.014,,L1210,,,248.0
O=C1NC2=CC=CC=C2/C1=N\NC(N)=S,C1(C2=NC=CC=C2)=CC=CC=N1,C1(C2=NC=CC=C2)=CC=CC=N1,2,10.1016/j.bmc.2007.08.014,,Molt-4-C8,,,27.00
O=C1NC2=CC=CC=C2/C1=N\NC(N)=S,C1(C2=NC=CC=C2)=CC=CC=N1,C1(C2=NC=CC=C2)=CC=CC=N1,2,10.1016/j.bmc.2007.08.014,,CEM,,,48.0
S=C(N)N/N=C/C1=CC=C(OC)C=C1,C12=CC=C3C(N=CC=C3)=C1N=CC=C2,C12=CC=C3C(N=CC=C3)=C1N=CC=C2,2,10.1016/j.bmc.2007.08.014,,L1210,,,2.0
S=C(N)N/N=C/C1=CC=C(OC)C=C1,C12=CC=C3C(N=CC=C3)=C1N=CC=C2,C12=CC=C3C(N=CC=C3)=C1N=CC=C2,2,10.1016/j.bmc.2007.08.014,,Molt-4-C8,,,0.280
S=C(N)N/N=C/C1=CC=C(OC)C=C1,C12=CC=C3C(N=CC=C3)=C1N=CC=C2,C12=CC=C3C(N=CC=C3)=C1N=CC=C2,2,10.1016/j.bmc.2007.08.014,,CEM,,,0.30
S=C(N)N/N=C/C1=CC=C(OC)C=C1,C1(C2=NC=CC=C2)=CC=CC=N1,C1(C2=NC=CC=C2)=CC=CC=N1,2,10.1016/j.bmc.2007.08.014,,L1210,,,9.300
S=C(N)N/N=C/C1=CC=C(OC)C=C1,C1(C2=NC=CC=C2)=CC=CC=N1,C1(C2=NC=CC=C2)=CC=CC=N1,2,10.1016/j.bmc.2007.08.014,,Molt-4-C8,,,0.74
S=C(N)N/N=C/C1=CC=C(OC)C=C1,C1(C2=NC=CC=C2)=CC=CC=N1,C1(C2=NC=CC=C2)=CC=CC=N1,2,10.1016/j.bmc.2007.08.014,,CEM,,,1.70
C12=CC=C3C(N=CC=C3)=C1N=CC=C2,C12=CC=C3C(N=CC=C3)=C1N=CC=C2,S=C(N)N/N=C/C1=CC=C(Cl)C=C1,2,10.1016/j.bmc.2007.08.014,,L1210,,,0.94
C12=CC=C3C(N=CC=C3)=C1N=CC=C2,C12=CC=C3C(N=CC=C3)=C1N=CC=C2,S=C(N)N/N=C/C1=CC=C(Cl)C=C1,2,10.1016/j.bmc.2007.08.014,,Molt-4-C8,,,0.64
C12=CC=C3C(N=CC=C3)=C1N=CC=C2,C12=CC=C3C(N=CC=C3)=C1N=CC=C2,S=C(N)N/N=C/C1=CC=C(Cl)C=C1,2,10.1016/j.bmc.2007.08.014,,CEM,,,0.67
C1(C2=NC=CC=C2)=CC=CC=N1,C1(C2=NC=CC=C2)=CC=CC=N1,S=C(N)N/N=C/C1=CC=C(Cl)C=C1,2,10.1016/j.bmc.2007.08.014,,L1210,,,2.50
C1(C2=NC=CC=C2)=CC=CC=N1,C1(C2=NC=CC=C2)=CC=CC=N1,S=C(N)N/N=C/C1=CC=C(Cl)C=C1,2,10.1016/j.bmc.2007.08.014,,Molt-4-C8,,,1.0
C1(C2=NC=CC=C2)=CC=CC=N1,C1(C2=NC=CC=C2)=CC=CC=N1,S=C(N)N/N=C/C1=CC=C(Cl)C=C1,2,10.1016/j.bmc.2007.08.014,,CEM,,,0.280
C12=CC=C3C(N=CC=C3)=C1N=CC=C2,C12=CC=C3C(N=CC=C3)=C1N=CC=C2,S=C(N)N/N=C/C1=CC=CC=C1Cl,2,10.1016/j.bmc.2007.08.014,,L1210,,,0.95
C12=CC=C3C(N=CC=C3)=C1N=CC=C2,C12=CC=C3C(N=CC=C3)=C1N=CC=C2,S=C(N)N/N=C/C1=CC=CC=C1Cl,2,10.1016/j.bmc.2007.08.014,,Molt-4-C8,,,0.33
C12=CC=C3C(N=CC=C3)=C1N=CC=C2,C12=CC=C3C(N=CC=C3)=C1N=CC=C2,S=C(N)N/N=C/C1=CC=CC=C1Cl,2,10.1016/j.bmc.2007.08.014,,CEM,,,0.33
C1(C2=NC=CC=C2)=CC=CC=N1,C1(C2=NC=CC=C2)=CC=CC=N1,S=C(N)N/N=C/C1=CC=CC=C1Cl,2,10.1016/j.bmc.2007.08.014,,L1210,,,8.50
C1(C2=NC=CC=C2)=CC=CC=N1,C1(C2=NC=CC=C2)=CC=CC=N1,S=C(N)N/N=C/C1=CC=CC=C1Cl,2,10.1016/j.bmc.2007.08.014,,Molt-4-C8,,,1.60
C1(C2=NC=CC=C2)=CC=CC=N1,C1(C2=NC=CC=C2)=CC=CC=N1,S=C(N)N/N=C/C1=CC=CC=C1Cl,2,10.1016/j.bmc.2007.08.014,,CEM,,,1.60
C12=CC=C3C(N=CC=C3)=C1N=CC=C2,C12=CC=C3C(N=CC=C3)=C1N=CC=C2,S=C(N)N/N=C/C1=CC=CC=C1F,2,10.1016/j.bmc.2007.08.014,,L1210,,,0.94
C12=CC=C3C(N=CC=C3)=C1N=CC=C2,C12=CC=C3C(N=CC=C3)=C1N=CC=C2,S=C(N)N/N=C/C1=CC=CC=C1F,2,10.1016/j.bmc.2007.08.014,,Molt-4-C8,,,0.24
C12=CC=C3C(N=CC=C3)=C1N=CC=C2,C12=CC=C3C(N=CC=C3)=C1N=CC=C2,S=C(N)N/N=C/C1=CC=CC=C1F,2,10.1016/j.bmc.2007.08.014,,CEM,,,0.27
C1(C2=NC=CC=C2)=CC=CC=N1,C1(C2=NC=CC=C2)=CC=CC=N1,S=C(N)N/N=C/C1=CC=CC=C1F,2,10.1016/j.bmc.2007.08.014,,L1210,,,9.30
C1(C2=NC=CC=C2)=CC=CC=N1,C1(C2=NC=CC=C2)=CC=CC=N1,S=C(N)N/N=C/C1=CC=CC=C1F,2,10.1016/j.bmc.2007.08.014,,Molt-4-C8,,,0.84
C1(C2=NC=CC=C2)=CC=CC=N1,C1(C2=NC=CC=C2)=CC=CC=N1,S=C(N)N/N=C/C1=CC=CC=C1F,2,10.1016/j.bmc.2007.08.014,,CEM,,,1.200
C12=CC=C3C(N=CC=C3)=C1N=CC=C2,C12=CC=C3C(N=CC=C3)=C1N=CC=C2,[O-]C1=CC=CC=C1/C=N/C2=CC(Cl)=C(F)C=C2,1,10.1016/j.bmc.2007.08.014,,L1210,,,1.80
C12=CC=C3C(N=CC=C3)=C1N=CC=C2,C12=CC=C3C(N=CC=C3)=C1N=CC=C2,[O-]C1=CC=CC=C1/C=N/C2=CC(Cl)=C(F)C=C2,1,10.1016/j.bmc.2007.08.014,,Molt-4-C8,,,0.38
C12=CC=C3C(N=CC=C3)=C1N=CC=C2,C12=CC=C3C(N=CC=C3)=C1N=CC=C2,[O-]C1=CC=CC=C1/C=N/C2=CC(Cl)=C(F)C=C2,1,10.1016/j.bmc.2007.08.014,,CEM,,,1.0
C1(C2=NC=CC=C2)=CC=CC=N1,C1(C2=NC=CC=C2)=CC=CC=N1,[O-]C1=CC=CC=C1/C=N/C2=CC(Cl)=C(F)C=C2,1,10.1016/j.bmc.2007.08.014,,L1210,,,44.0
C1(C2=NC=CC=C2)=CC=CC=N1,C1(C2=NC=CC=C2)=CC=CC=N1,[O-]C1=CC=CC=C1/C=N/C2=CC(Cl)=C(F)C=C2,1,10.1016/j.bmc.2007.08.014,,Molt-4-C8,,,50.0
C1(C2=NC=CC=C2)=CC=CC=N1,C1(C2=NC=CC=C2)=CC=CC=N1,[O-]C1=CC=CC=C1/C=N/C2=CC(Cl)=C(F)C=C2,1,10.1016/j.bmc.2007.08.014,,CEM,,,36.0
NCCN,NCCN,C1(C2=NC=CC=C2C3=C4N=C5C(C=CC=C5)=N3)=C4C=CC=N1,2,10.1080/00958972.2013.788154,,HL-60,,12,37.85
NCCN,NCCN,C1(C2=NC=CC=C2C3=C4N=C5C(C=C(C6=C(C=CC=C7)C7=CC8=C6C=CC=C8)C=C5)=N3)=C4C=CC=N1,2,10.1080/00958972.2013.788154,,HL-60,,12,40.89
NCCN,NCCN,C1(C2=NC=CC=C2C3=C4N=C5C(C=C(C6=C(C=CC=C7)C7=CC8=C6C9=CC=C8)C9=C5)=N3)=C4C=CC=N1,2,10.1080/00958972.2013.788154,,HL-60,,12,81.74
CC1=CC=NC(C2=NC=CC(C)=C2)=C1,CC1=CC=NC(C2=NC=CC(C)=C2)=C1,NC1=CC=CC(C2=NC3=C4C(N=CC=C4)=C5C(C=CC=N5)=C3N2)=C1,2,10.1016/j.molstruc.2009.12.026,,BEL.7402,,48,19.21
CC1=CC=NC(C2=NC=CC(C)=C2)=C1,CC1=CC=NC(C2=NC=CC(C)=C2)=C1,NC1=CC=CC(C2=NC3=C4C(N=CC=C4)=C5C(C=CC=N5)=C3N2)=C1,2,10.1016/j.molstruc.2009.12.026,,C-6,,48,33.15
CC1=CC=NC(C2=NC=CC(C)=C2)=C1,CC1=CC=NC(C2=NC=CC(C)=C2)=C1,NC1=CC=CC(C2=NC3=C4C(N=CC=C4)=C5C(C=CC=N5)=C3N2)=C1,2,10.1016/j.molstruc.2009.12.026,,HepG2,,48,38.57
CC1=CC=NC(C2=NC=CC(C)=C2)=C1,CC1=CC=NC(C2=NC=CC(C)=C2)=C1,NC1=CC=CC(C2=NC3=C4C(N=CC=C4)=C5C(C=CC=N5)=C3N2)=C1,2,10.1016/j.molstruc.2009.12.026,,MCF.7,,48,21.15
CC1=CC=NC(C2=NC=CC(C)=C2)=C1,CC1=CC=NC(C2=NC=CC(C)=C2)=C1,NC(C=C1)=CC=C1C2=NC3=C4C(N=CC=C4)=C5C(C=CC=N5)=C3N2,2,10.1016/j.molstruc.2009.12.026,,BEL.7402,,48,41.77
CC1=CC=NC(C2=NC=CC(C)=C2)=C1,CC1=CC=NC(C2=NC=CC(C)=C2)=C1,NC(C=C1)=CC=C1C2=NC3=C4C(N=CC=C4)=C5C(C=CC=N5)=C3N2,2,10.1016/j.molstruc.2009.12.026,,C-6,,48,>100
CC1=CC=NC(C2=NC=CC(C)=C2)=C1,CC1=CC=NC(C2=NC=CC(C)=C2)=C1,NC(C=C1)=CC=C1C2=NC3=C4C(N=CC=C4)=C5C(C=CC=N5)=C3N2,2,10.1016/j.molstruc.2009.12.026,,HepG2,,48,>100
CC1=CC=NC(C2=NC=CC(C)=C2)=C1,CC1=CC=NC(C2=NC=CC(C)=C2)=C1,NC(C=C1)=CC=C1C2=NC3=C4C(N=CC=C4)=C5C(C=CC=N5)=C3N2,2,10.1016/j.molstruc.2009.12.026,,MCF.7,,48,49.11
P(C1=CC=CC=C1)(C2=CC=CC=C2)CP(C3=CC=CC=C3)C4=CC=CC=C4,P(C1=CC=CC=C1)(C2=CC=CC=C2)CP(C3=CC=CC=C3)C4=CC=CC=C4,O=C(CC1=CC=CC=C1NC2=C(Cl)C=CC=C2Cl)[O-],1,10.5935/0103-5053.20150161,,HepG2,,24,7.60
P(C1=CC=CC=C1)(C2=CC=CC=C2)CP(C3=CC=CC=C3)C4=CC=CC=C4,P(C1=CC=CC=C1)(C2=CC=CC=C2)CP(C3=CC=CC=C3)C4=CC=CC=C4,O=C(CC1=CC=CC=C1NC2=C(Cl)C=CC=C2Cl)[O-],1,10.5935/0103-5053.20150161,,MCF.7,,24,47.0
P(C1=CC=CC=C1)(C2=CC=CC=C2)CP(C3=CC=CC=C3)C4=CC=CC=C4,P(C1=CC=CC=C1)(C2=CC=CC=C2)CP(C3=CC=CC=C3)C4=CC=CC=C4,O=C(CC1=CC=CC=C1NC2=C(Cl)C=CC=C2Cl)[O-],1,10.5935/0103-5053.20150161,,MO59J,,24,8.0
P(C1=CC=CC=C1)(C2=CC=CC=C2)CP(C3=CC=CC=C3)C4=CC=CC=C4,P(C1=CC=CC=C1)(C2=CC=CC=C2)CP(C3=CC=CC=C3)C4=CC=CC=C4,O=C(CC1=CC=CC=C1NC2=C(Cl)C=CC=C2Cl)[O-],1,10.5935/0103-5053.20150161,,GM07492A,,24,2.0
P(C1=CC=CC=C1)(C2=CC=CC=C2)CP(C3=CC=CC=C3)C4=CC=CC=C4,P(C1=CC=CC=C1)(C2=CC=CC=C2)CP(C3=CC=CC=C3)C4=CC=CC=C4,O=C([C@@H](C)C1=CC=C(CC(C)C)C=C1)[O-],1,10.5935/0103-5053.20150161,,HepG2,,24,5.0
P(C1=CC=CC=C1)(C2=CC=CC=C2)CP(C3=CC=CC=C3)C4=CC=CC=C4,P(C1=CC=CC=C1)(C2=CC=CC=C2)CP(C3=CC=CC=C3)C4=CC=CC=C4,O=C([C@@H](C)C1=CC=C(CC(C)C)C=C1)[O-],1,10.5935/0103-5053.20150161,,MCF.7,,24,9.0
P(C1=CC=CC=C1)(C2=CC=CC=C2)CP(C3=CC=CC=C3)C4=CC=CC=C4,P(C1=CC=CC=C1)(C2=CC=CC=C2)CP(C3=CC=CC=C3)C4=CC=CC=C4,O=C([C@@H](C)C1=CC=C(CC(C)C)C=C1)[O-],1,10.5935/0103-5053.20150161,,MO59J,,24,6.50
P(C1=CC=CC=C1)(C2=CC=CC=C2)CP(C3=CC=CC=C3)C4=CC=CC=C4,P(C1=CC=CC=C1)(C2=CC=CC=C2)CP(C3=CC=CC=C3)C4=CC=CC=C4,O=C([C@@H](C)C1=CC=C(CC(C)C)C=C1)[O-],1,10.5935/0103-5053.20150161,,GM07492A,,24,6.0
CC1=CC(C2=CC(C)=CC=N2)=NC=C1,CC1=CC(C2=CC(C)=CC=N2)=NC=C1,OC1=NC(O)=NC(C1=N2)=NC3=C2C4=C(C5=C3C=CC=N5)N=CC=C4,2,10.1039/C5RA00553A,,HepG2,,48,20.60
CC1=CC(C2=CC(C)=CC=N2)=NC=C1,CC1=CC(C2=CC(C)=CC=N2)=NC=C1,OC1=NC(O)=NC(C1=N2)=NC3=C2C4=C(C5=C3C=CC=N5)N=CC=C4,2,10.1039/C5RA00553A,,A549,,48,18.80
CC1=CC(C2=CC(C)=CC=N2)=NC=C1,CC1=CC(C2=CC(C)=CC=N2)=NC=C1,OC1=NC(O)=NC(C1=N2)=NC3=C2C4=C(C5=C3C=CC=N5)N=CC=C4,2,10.1039/C5RA00553A,,HeLa,,48,20.80
CC1=CC(C2=CC(C)=CC=N2)=NC=C1,CC1=CC(C2=CC(C)=CC=N2)=NC=C1,OC1=NC(O)=NC(C1=N2)=NC3=C2C4=C(C5=C3C=CC=N5)N=CC=C4,2,10.1039/C5RA00553A,,MG63,,48,14.90
CC1=CC(C2=CC(C)=CC=N2)=NC=C1,CC1=CC(C2=CC(C)=CC=N2)=NC=C1,OC1=NC(O)=NC(C1=N2)=NC3=C2C4=C(C5=C3C=CC=N5)N=CC=C4,2,10.1039/C5RA00553A,,BEL.7402,,48,17.90
C1(C2=NC=CC=C2)=CC=CC=N1,C1(C2=NC=CC=C2)=CC=CC=N1,OC1=NC(O)=NC(C1=N2)=NC3=C2C4=C(C5=C3C=CC=N5)N=CC=C4,2,10.1039/C5RA00553A,,HepG2,,48,24.20
C1(C2=NC=CC=C2)=CC=CC=N1,C1(C2=NC=CC=C2)=CC=CC=N1,OC1=NC(O)=NC(C1=N2)=NC3=C2C4=C(C5=C3C=CC=N5)N=CC=C4,2,10.1039/C5RA00553A,,A549,,48,25.60
C1(C2=NC=CC=C2)=CC=CC=N1,C1(C2=NC=CC=C2)=CC=CC=N1,OC1=NC(O)=NC(C1=N2)=NC3=C2C4=C(C5=C3C=CC=N5)N=CC=C4,2,10.1039/C5RA00553A,,HeLa,,48,19.40
C1(C2=NC=CC=C2)=CC=CC=N1,C1(C2=NC=CC=C2)=CC=CC=N1,OC1=NC(O)=NC(C1=N2)=NC3=C2C4=C(C5=C3C=CC=N5)N=CC=C4,2,10.1039/C5RA00553A,,MG63,,48,19.100
C1(C2=NC=CC=C2)=CC=CC=N1,C1(C2=NC=CC=C2)=CC=CC=N1,OC1=NC(O)=NC(C1=N2)=NC3=C2C4=C(C5=C3C=CC=N5)N=CC=C4,2,10.1039/C5RA00553A,,BEL.7402,,48,20.20
C1(C2=NC=CC=C2C=C3)=C3C=CC=N1,C1(C2=NC=CC=C2C=C3)=C3C=CC=N1,OC1=NC(O)=NC(C1=N2)=NC3=C2C4=C(C5=C3C=CC=N5)N=CC=C4,2,10.1039/C5RA00553A,,HepG2,,48,30.100
C1(C2=NC=CC=C2C=C3)=C3C=CC=N1,C1(C2=NC=CC=C2C=C3)=C3C=CC=N1,OC1=NC(O)=NC(C1=N2)=NC3=C2C4=C(C5=C3C=CC=N5)N=CC=C4,2,10.1039/C5RA00553A,,A549,,48,26.100
C1(C2=NC=CC=C2C=C3)=C3C=CC=N1,C1(C2=NC=CC=C2C=C3)=C3C=CC=N1,OC1=NC(O)=NC(C1=N2)=NC3=C2C4=C(C5=C3C=CC=N5)N=CC=C4,2,10.1039/C5RA00553A,,HeLa,,48,18.20
C1(C2=NC=CC=C2C=C3)=C3C=CC=N1,C1(C2=NC=CC=C2C=C3)=C3C=CC=N1,OC1=NC(O)=NC(C1=N2)=NC3=C2C4=C(C5=C3C=CC=N5)N=CC=C4,2,10.1039/C5RA00553A,,MG63,,48,21.100
C1(C2=NC=CC=C2C=C3)=C3C=CC=N1,C1(C2=NC=CC=C2C=C3)=C3C=CC=N1,OC1=NC(O)=NC(C1=N2)=NC3=C2C4=C(C5=C3C=CC=N5)N=CC=C4,2,10.1039/C5RA00553A,,BEL.7402,,48,18.60
CC1=CC=C(C=C2)C(C3=C2C=CC(C)=N3)=N1,CC1=CC=C(C=C2)C(C3=C2C=CC(C)=N3)=N1,OC1=NC(O)=NC(C1=N2)=NC3=C2C4=C(C5=C3C=CC=N5)N=CC=C4,2,10.1039/C5RA00553A,,HepG2,,48,28.40
CC1=CC=C(C=C2)C(C3=C2C=CC(C)=N3)=N1,CC1=CC=C(C=C2)C(C3=C2C=CC(C)=N3)=N1,OC1=NC(O)=NC(C1=N2)=NC3=C2C4=C(C5=C3C=CC=N5)N=CC=C4,2,10.1039/C5RA00553A,,A549,,48,20.70
CC1=CC=C(C=C2)C(C3=C2C=CC(C)=N3)=N1,CC1=CC=C(C=C2)C(C3=C2C=CC(C)=N3)=N1,OC1=NC(O)=NC(C1=N2)=NC3=C2C4=C(C5=C3C=CC=N5)N=CC=C4,2,10.1039/C5RA00553A,,HeLa,,48,17.60
CC1=CC=C(C=C2)C(C3=C2C=CC(C)=N3)=N1,CC1=CC=C(C=C2)C(C3=C2C=CC(C)=N3)=N1,OC1=NC(O)=NC(C1=N2)=NC3=C2C4=C(C5=C3C=CC=N5)N=CC=C4,2,10.1039/C5RA00553A,,MG63,,48,15.90
CC1=CC=C(C=C2)C(C3=C2C=CC(C)=N3)=N1,CC1=CC=C(C=C2)C(C3=C2C=CC(C)=N3)=N1,OC1=NC(O)=NC(C1=N2)=NC3=C2C4=C(C5=C3C=CC=N5)N=CC=C4,2,10.1039/C5RA00553A,,BEL.7402,,48,21.60
C1(C2=NC=CC=C2)=CC=CC=N1,P(C1=CC=CC=C1)(C2=CC=CC=C2)CCP(C3=CC=CC=C3)C4=CC=CC=C4,O=C(C1=CC=CC=C1)/N=C(N(C)C)\[S-],1,10.1016/j.msec.2020.111106,0.45,MDA-MB-231,,48,0.211
C1(C2=NC=CC=C2)=CC=CC=N1,P(C1=CC=CC=C1)(C2=CC=CC=C2)CCP(C3=CC=CC=C3)C4=CC=CC=C4,O=C(C1=CC=CC=C1)/N=C(N(C)C)\[S-],1,10.1016/j.msec.2020.111106,0.45,MCF.10.A,,48,0.579
C1(C2=NC=CC=C2)=CC=CC=N1,P(C1=CC=CC=C1)(C2=CC=CC=C2)CCP(C3=CC=CC=C3)C4=CC=CC=C4,O=C(C1=CC=CC=C1)/N=C(N(C)C)\[S-],1,10.1016/j.msec.2020.111106,0.45,A549,,48,0.254
C1(C2=NC=CC=C2)=CC=CC=N1,P(C1=CC=CC=C1)(C2=CC=CC=C2)CCP(C3=CC=CC=C3)C4=CC=CC=C4,O=C(C1=CC=CC=C1)/N=C(N(C)C)\[S-],1,10.1016/j.msec.2020.111106,0.45,MRC-5,,48,0.813
C1(C2=NC=CC=C2)=CC=CC=N1,P(C1=CC=CC=C1)(C2=CC=CC=C2)CCP(C3=CC=CC=C3)C4=CC=CC=C4,O=C(C1=CC=CC=C1)/N=C(N(C)C)\[S-],1,10.1016/j.msec.2020.111106,0.45,Du145,,48,0.143
C1(C2=NC=CC=C2)=CC=CC=N1,P(C1=CC=CC=C1)(C2=CC=CC=C2)CCP(C3=CC=CC=C3)C4=CC=CC=C4,O=C(C1=CC=CS1)/N=C(N(C)C)\[S-],1,10.1016/j.msec.2020.111106,0.47,MDA-MB-231,,48,0.125
C1(C2=NC=CC=C2)=CC=CC=N1,P(C1=CC=CC=C1)(C2=CC=CC=C2)CCP(C3=CC=CC=C3)C4=CC=CC=C4,O=C(C1=CC=CS1)/N=C(N(C)C)\[S-],1,10.1016/j.msec.2020.111106,0.47,MCF.10.A,,48,0.552
C1(C2=NC=CC=C2)=CC=CC=N1,P(C1=CC=CC=C1)(C2=CC=CC=C2)CCP(C3=CC=CC=C3)C4=CC=CC=C4,O=C(C1=CC=CS1)/N=C(N(C)C)\[S-],1,10.1016/j.msec.2020.111106,0.47,A549,,48,0.154
C1(C2=NC=CC=C2)=CC=CC=N1,P(C1=CC=CC=C1)(C2=CC=CC=C2)CCP(C3=CC=CC=C3)C4=CC=CC=C4,O=C(C1=CC=CS1)/N=C(N(C)C)\[S-],1,10.1016/j.msec.2020.111106,0.47,MRC-5,,48,0.684
C1(C2=NC=CC=C2)=CC=CC=N1,P(C1=CC=CC=C1)(C2=CC=CC=C2)CCP(C3=CC=CC=C3)C4=CC=CC=C4,O=C(C1=CC=CS1)/N=C(N(C)C)\[S-],1,10.1016/j.msec.2020.111106,0.47,Du145,,48,0.211
C1(C2=NC=CC=C2)=CC=CC=N1,P(C1=CC=CC=C1)(C2=CC=CC=C2)CCP(C3=CC=CC=C3)C4=CC=CC=C4,O=C(C1=CC=CO1)/N=C(N(C)C)\[S-],1,10.1016/j.msec.2020.111106,0.54,MDA-MB-231,,48,0.133
C1(C2=NC=CC=C2)=CC=CC=N1,P(C1=CC=CC=C1)(C2=CC=CC=C2)CCP(C3=CC=CC=C3)C4=CC=CC=C4,O=C(C1=CC=CO1)/N=C(N(C)C)\[S-],1,10.1016/j.msec.2020.111106,0.54,MCF.10.A,,48,0.665
C1(C2=NC=CC=C2)=CC=CC=N1,P(C1=CC=CC=C1)(C2=CC=CC=C2)CCP(C3=CC=CC=C3)C4=CC=CC=C4,O=C(C1=CC=CO1)/N=C(N(C)C)\[S-],1,10.1016/j.msec.2020.111106,0.54,A549,,48,0.247
C1(C2=NC=CC=C2)=CC=CC=N1,P(C1=CC=CC=C1)(C2=CC=CC=C2)CCP(C3=CC=CC=C3)C4=CC=CC=C4,O=C(C1=CC=CO1)/N=C(N(C)C)\[S-],1,10.1016/j.msec.2020.111106,0.54,MRC-5,,48,0.748
C1(C2=NC=CC=C2)=CC=CC=N1,P(C1=CC=CC=C1)(C2=CC=CC=C2)CCP(C3=CC=CC=C3)C4=CC=CC=C4,O=C(C1=CC=CO1)/N=C(N(C)C)\[S-],1,10.1016/j.msec.2020.111106,0.54,Du145,,48,0.209
C1(C2=NC=CC=C2)=CC=CC=N1,P(CCCCP(C1=CC=CC=C1)C2=CC=CC=C2)(C3=CC=CC=C3)C4=CC=CC=C4,O=C(C1=CC=CC=C1)/N=C(N(C)C)\[S-],1,10.1016/j.msec.2020.111106,0.48,MDA-MB-231,,48,0.130
C1(C2=NC=CC=C2)=CC=CC=N1,P(CCCCP(C1=CC=CC=C1)C2=CC=CC=C2)(C3=CC=CC=C3)C4=CC=CC=C4,O=C(C1=CC=CC=C1)/N=C(N(C)C)\[S-],1,10.1016/j.msec.2020.111106,0.48,MCF.10.A,,48,0.765
C1(C2=NC=CC=C2)=CC=CC=N1,P(CCCCP(C1=CC=CC=C1)C2=CC=CC=C2)(C3=CC=CC=C3)C4=CC=CC=C4,O=C(C1=CC=CC=C1)/N=C(N(C)C)\[S-],1,10.1016/j.msec.2020.111106,0.48,A549,,48,0.232
C1(C2=NC=CC=C2)=CC=CC=N1,P(CCCCP(C1=CC=CC=C1)C2=CC=CC=C2)(C3=CC=CC=C3)C4=CC=CC=C4,O=C(C1=CC=CC=C1)/N=C(N(C)C)\[S-],1,10.1016/j.msec.2020.111106,0.48,MRC-5,,48,0.720
C1(C2=NC=CC=C2)=CC=CC=N1,P(CCCCP(C1=CC=CC=C1)C2=CC=CC=C2)(C3=CC=CC=C3)C4=CC=CC=C4,O=C(C1=CC=CC=C1)/N=C(N(C)C)\[S-],1,10.1016/j.msec.2020.111106,0.48,Du145,,48,0.187
C1(C2=NC=CC=C2)=CC=CC=N1,P(CCCCP(C1=CC=CC=C1)C2=CC=CC=C2)(C3=CC=CC=C3)C4=CC=CC=C4,O=C(C1=CC=CS1)/N=C(N(C)C)\[S-],1,10.1016/j.msec.2020.111106,0.44,MDA-MB-231,,48,0.119
C1(C2=NC=CC=C2)=CC=CC=N1,P(CCCCP(C1=CC=CC=C1)C2=CC=CC=C2)(C3=CC=CC=C3)C4=CC=CC=C4,O=C(C1=CC=CS1)/N=C(N(C)C)\[S-],1,10.1016/j.msec.2020.111106,0.44,MCF.10.A,,48,0.739
C1(C2=NC=CC=C2)=CC=CC=N1,P(CCCCP(C1=CC=CC=C1)C2=CC=CC=C2)(C3=CC=CC=C3)C4=CC=CC=C4,O=C(C1=CC=CS1)/N=C(N(C)C)\[S-],1,10.1016/j.msec.2020.111106,0.44,A549,,48,0.233
C1(C2=NC=CC=C2)=CC=CC=N1,P(CCCCP(C1=CC=CC=C1)C2=CC=CC=C2)(C3=CC=CC=C3)C4=CC=CC=C4,O=C(C1=CC=CS1)/N=C(N(C)C)\[S-],1,10.1016/j.msec.2020.111106,0.44,MRC-5,,48,0.588
C1(C2=NC=CC=C2)=CC=CC=N1,P(CCCCP(C1=CC=CC=C1)C2=CC=CC=C2)(C3=CC=CC=C3)C4=CC=CC=C4,O=C(C1=CC=CS1)/N=C(N(C)C)\[S-],1,10.1016/j.msec.2020.111106,0.44,Du145,,48,0.284
C1(C2=NC=CC=C2)=CC=CC=N1,P(CCCCP(C1=CC=CC=C1)C2=CC=CC=C2)(C3=CC=CC=C3)C4=CC=CC=C4,O=C(C1=CC=CO1)/N=C(N(C)C)\[S-],1,10.1016/j.msec.2020.111106,0.74,MDA-MB-231,,48,0.112
C1(C2=NC=CC=C2)=CC=CC=N1,P(CCCCP(C1=CC=CC=C1)C2=CC=CC=C2)(C3=CC=CC=C3)C4=CC=CC=C4,O=C(C1=CC=CO1)/N=C(N(C)C)\[S-],1,10.1016/j.msec.2020.111106,0.74,MCF.10.A,,48,0.774
C1(C2=NC=CC=C2)=CC=CC=N1,P(CCCCP(C1=CC=CC=C1)C2=CC=CC=C2)(C3=CC=CC=C3)C4=CC=CC=C4,O=C(C1=CC=CO1)/N=C(N(C)C)\[S-],1,10.1016/j.msec.2020.111106,0.74,A549,,48,0.252
C1(C2=NC=CC=C2)=CC=CC=N1,P(CCCCP(C1=CC=CC=C1)C2=CC=CC=C2)(C3=CC=CC=C3)C4=CC=CC=C4,O=C(C1=CC=CO1)/N=C(N(C)C)\[S-],1,10.1016/j.msec.2020.111106,0.74,MRC-5,,48,0.772
C1(C2=NC=CC=C2)=CC=CC=N1,P(CCCCP(C1=CC=CC=C1)C2=CC=CC=C2)(C3=CC=CC=C3)C4=CC=CC=C4,O=C(C1=CC=CO1)/N=C(N(C)C)\[S-],1,10.1016/j.msec.2020.111106,0.74,Du145,,48,0.186
CC1=CC(C2=CC(C)=CC=N2)=NC=C1,CC1=CC(C2=CC(C)=CC=N2)=NC=C1,O=C(C1=C2C=CC=C1)C(C2=N3)=NC4=C3C5=C(C6=C4C=CC=N6)N=CC=C5,2,10.1007/s11243-014-9901-2,,HepG2,nucleus,48,18.50
CC1=CC(C2=CC(C)=CC=N2)=NC=C1,CC1=CC(C2=CC(C)=CC=N2)=NC=C1,O=C(C1=C2C=CC=C1)C(C2=N3)=NC4=C3C5=C(C6=C4C=CC=N6)N=CC=C5,2,10.1007/s11243-014-9901-2,,HeLa,nucleus,48,13.90
CC1=CC(C2=CC(C)=CC=N2)=NC=C1,CC1=CC(C2=CC(C)=CC=N2)=NC=C1,O=C(C1=C2C=CC=C1)C(C2=N3)=NC4=C3C5=C(C6=C4C=CC=N6)N=CC=C5,2,10.1007/s11243-014-9901-2,,MG63,nucleus,48,22.40
CC1=CC(C2=CC(C)=CC=N2)=NC=C1,CC1=CC(C2=CC(C)=CC=N2)=NC=C1,O=C(C1=C2C=CC=C1)C(C2=N3)=NC4=C3C5=C(C6=C4C=CC=N6)N=CC=C5,2,10.1007/s11243-014-9901-2,,A549,nucleus,48,25.70
CC1=CC(C2=CC(C)=CC=N2)=NC=C1,CC1=CC(C2=CC(C)=CC=N2)=NC=C1,O=C(C1=C2C=CC=C1)C(C2=N3)=NC4=C3C5=C(C6=C4C=CC=N6)N=CC=C5,2,10.1007/s11243-014-9901-2,,BEL.7402,nucleus,48,19.90
C1(C2=NC=CC=C2)=CC=CC=N1,C1(C2=NC=CC=C2)=CC=CC=N1,O=C(C1=C2C=CC=C1)C(C2=N3)=NC4=C3C5=C(C6=C4C=CC=N6)N=CC=C5,2,10.1007/s11243-014-9901-2,,HepG2,nucleus,48,17.30
C1(C2=NC=CC=C2)=CC=CC=N1,C1(C2=NC=CC=C2)=CC=CC=N1,O=C(C1=C2C=CC=C1)C(C2=N3)=NC4=C3C5=C(C6=C4C=CC=N6)N=CC=C5,2,10.1007/s11243-014-9901-2,,HeLa,nucleus,48,30.90
C1(C2=NC=CC=C2)=CC=CC=N1,C1(C2=NC=CC=C2)=CC=CC=N1,O=C(C1=C2C=CC=C1)C(C2=N3)=NC4=C3C5=C(C6=C4C=CC=N6)N=CC=C5,2,10.1007/s11243-014-9901-2,,MG63,nucleus,48,24.0
C1(C2=NC=CC=C2)=CC=CC=N1,C1(C2=NC=CC=C2)=CC=CC=N1,O=C(C1=C2C=CC=C1)C(C2=N3)=NC4=C3C5=C(C6=C4C=CC=N6)N=CC=C5,2,10.1007/s11243-014-9901-2,,A549,nucleus,48,18.100
C1(C2=NC=CC=C2)=CC=CC=N1,C1(C2=NC=CC=C2)=CC=CC=N1,O=C(C1=C2C=CC=C1)C(C2=N3)=NC4=C3C5=C(C6=C4C=CC=N6)N=CC=C5,2,10.1007/s11243-014-9901-2,,BEL.7402,nucleus,48,20.60
C1(C2=NC=CC=C2)=CC=CC=N1,P(C1=CC=CC=C1)(C2=CC=CC=C2)CCCCP(C3=CC=CC=C3)C4=CC=CC=C4,C/C(C(O)=O)=C\C1=CC=CC=C1,2,10.1016/j.jinorgbio.2020.111021,,MCF.7,,48,3.42
C1(C2=NC=CC=C2)=CC=CC=N1,P(C1=CC=CC=C1)(C2=CC=CC=C2)CCCCP(C3=CC=CC=C3)C4=CC=CC=C4,C/C(C(O)=O)=C\C1=CC=CC=C1,2,10.1016/j.jinorgbio.2020.111021,,MDA-MB-231,,48,8.230
C1(C2=NC=CC=C2)=CC=CC=N1,P(C1=CC=CC=C1)(C2=CC=CC=C2)CCCCP(C3=CC=CC=C3)C4=CC=CC=C4,C/C(C(O)=O)=C\C1=CC=CC=C1,2,10.1016/j.jinorgbio.2020.111021,,L929,,48,1.290
C1(C2=NC=CC=C2)=CC=CC=N1,P(C1=CC=CC=C1)(C2=CC=CC=C2)CCCCP(C3=CC=CC=C3)C4=CC=CC=C4,C/C(C(O)=O)=C\C1=CC=CC=C1,2,10.1016/j.jinorgbio.2020.111021,,MCF.10.A,,48,3.93
C1(C2=NC=CC=C2)=CC=CC=N1,P(C1=CC=CC=C1)(C2=CC=CC=C2)CCCCP(C3=CC=CC=C3)C4=CC=CC=C4,O=C(O)/C=C/C1=CC=C(OC)C=C1,2,10.1016/j.jinorgbio.2020.111021,,MCF.7,,48,3.99
C1(C2=NC=CC=C2)=CC=CC=N1,P(C1=CC=CC=C1)(C2=CC=CC=C2)CCCCP(C3=CC=CC=C3)C4=CC=CC=C4,O=C(O)/C=C/C1=CC=C(OC)C=C1,2,10.1016/j.jinorgbio.2020.111021,,MDA-MB-231,,48,3.52
C1(C2=NC=CC=C2)=CC=CC=N1,P(C1=CC=CC=C1)(C2=CC=CC=C2)CCCCP(C3=CC=CC=C3)C4=CC=CC=C4,O=C(O)/C=C/C1=CC=C(OC)C=C1,2,10.1016/j.jinorgbio.2020.111021,,L929,,48,0.72
C1(C2=NC=CC=C2)=CC=CC=N1,P(C1=CC=CC=C1)(C2=CC=CC=C2)CCCCP(C3=CC=CC=C3)C4=CC=CC=C4,O=C(O)/C=C/C1=CC=C(OC)C=C1,2,10.1016/j.jinorgbio.2020.111021,,MCF.10.A,,48,12.88
C1(C2=NC=CC=C2)=CC=CC=N1,P(C1=CC=CC=C1)(C2=CC=CC=C2)CCCCP(C3=CC=CC=C3)C4=CC=CC=C4,O=C(O)/C=C/C1=CC(OCO2)=C2C=C1,2,10.1016/j.jinorgbio.2020.111021,,MCF.7,,48,5.58
C1(C2=NC=CC=C2)=CC=CC=N1,P(C1=CC=CC=C1)(C2=CC=CC=C2)CCCCP(C3=CC=CC=C3)C4=CC=CC=C4,O=C(O)/C=C/C1=CC(OCO2)=C2C=C1,2,10.1016/j.jinorgbio.2020.111021,,MDA-MB-231,,48,3.72
C1(C2=NC=CC=C2)=CC=CC=N1,P(C1=CC=CC=C1)(C2=CC=CC=C2)CCCCP(C3=CC=CC=C3)C4=CC=CC=C4,O=C(O)/C=C/C1=CC(OCO2)=C2C=C1,2,10.1016/j.jinorgbio.2020.111021,,L929,,48,1.180
C1(C2=NC=CC=C2)=CC=CC=N1,P(C1=CC=CC=C1)(C2=CC=CC=C2)CCCCP(C3=CC=CC=C3)C4=CC=CC=C4,O=C(O)/C=C/C1=CC(OCO2)=C2C=C1,2,10.1016/j.jinorgbio.2020.111021,,MCF.10.A,,48,13.30
C1(C2=NC=CC=C2)=CC=CC=N1,P(C1=CC=CC=C1)(C2=CC=CC=C2)CCCCP(C3=CC=CC=C3)C4=CC=CC=C4,O=C(O)/C=C/C1=CC=C(O)C=C1,2,10.1016/j.jinorgbio.2020.111021,,MCF.7,,48,10.67
C1(C2=NC=CC=C2)=CC=CC=N1,P(C1=CC=CC=C1)(C2=CC=CC=C2)CCCCP(C3=CC=CC=C3)C4=CC=CC=C4,O=C(O)/C=C/C1=CC=C(O)C=C1,2,10.1016/j.jinorgbio.2020.111021,,MDA-MB-231,,48,1.90
C1(C2=NC=CC=C2)=CC=CC=N1,P(C1=CC=CC=C1)(C2=CC=CC=C2)CCCCP(C3=CC=CC=C3)C4=CC=CC=C4,O=C(O)/C=C/C1=CC=C(O)C=C1,2,10.1016/j.jinorgbio.2020.111021,,L929,,48,2.69
C1(C2=NC=CC=C2)=CC=CC=N1,P(C1=CC=CC=C1)(C2=CC=CC=C2)CCCCP(C3=CC=CC=C3)C4=CC=CC=C4,O=C(O)/C=C/C1=CC=C(O)C=C1,2,10.1016/j.jinorgbio.2020.111021,,MCF.10.A,,48,17.040
C1(C2=NC=CC=C2)=CC=CC=N1,P(C1=CC=CC=C1)(C2=CC=CC=C2)CCCCP(C3=CC=CC=C3)C4=CC=CC=C4,O=C(O)/C=C/C1=CC(O)=C(O)C=C1,2,10.1016/j.jinorgbio.2020.111021,,MCF.7,,48,7.51
C1(C2=NC=CC=C2)=CC=CC=N1,P(C1=CC=CC=C1)(C2=CC=CC=C2)CCCCP(C3=CC=CC=C3)C4=CC=CC=C4,O=C(O)/C=C/C1=CC(O)=C(O)C=C1,2,10.1016/j.jinorgbio.2020.111021,,MDA-MB-231,,48,2.140
C1(C2=NC=CC=C2)=CC=CC=N1,P(C1=CC=CC=C1)(C2=CC=CC=C2)CCCCP(C3=CC=CC=C3)C4=CC=CC=C4,O=C(O)/C=C/C1=CC(O)=C(O)C=C1,2,10.1016/j.jinorgbio.2020.111021,,L929,,48,11.94
C1(C2=NC=CC=C2)=CC=CC=N1,P(C1=CC=CC=C1)(C2=CC=CC=C2)CCCCP(C3=CC=CC=C3)C4=CC=CC=C4,O=C(O)/C=C/C1=CC(O)=C(O)C=C1,2,10.1016/j.jinorgbio.2020.111021,,MCF.10.A,,48,24.49
C1(C2=NC=CC=C2C=C3)=C3C=CC=N1,C1(C2=NC=CC=C2C=C3)=C3C=CC=N1,S=C(N)N/N=C1C(N(C)C2=C\1C=CC=C2)=O,2,10.1007/s00044-011-9620-6,,HL-60,,48,7.030
C1(C2=NC=CC=C2C=C3)=C3C=CC=N1,C1(C2=NC=CC=C2C=C3)=C3C=CC=N1,S=C(N)N/N=C1C(N(C)C2=C\1C=CC=C2)=O,2,10.1007/s00044-011-9620-6,,K562,,48,7.79
C1(C2=NC=CC=C2)=CC=CC=N1,C1(C2=NC=CC=C2)=CC=CC=N1,S=C(NC1=CC=C(Cl)C=C1)N/N=C2C(N(C)C3=C\2C=CC=C3)=O,2,10.1007/s00044-011-9620-6,,HL-60,,48,9.160
C1(C2=NC=CC=C2)=CC=CC=N1,C1(C2=NC=CC=C2)=CC=CC=N1,S=C(NC1=CC=C(Cl)C=C1)N/N=C2C(N(C)C3=C\2C=CC=C3)=O,2,10.1007/s00044-011-9620-6,,K562,,48,9.48
C1(C2=NC=CC=C2C=C3)=C3C=CC=N1,C1(C2=NC=CC=C2C=C3)=C3C=CC=N1,COC(C=C1)=CC2=C1NC3=NC4=C(N=C32)C5=C(N=CC=C5)C6=C4C=CC=N6,2,10.1016/j.ejmech.2012.07.014,,HepG2,nucleus,48,58.0
C1(C2=NC=CC=C2C=C3)=C3C=CC=N1,C1(C2=NC=CC=C2C=C3)=C3C=CC=N1,COC(C=C1)=CC2=C1NC3=NC4=C(N=C32)C5=C(N=CC=C5)C6=C4C=CC=N6,2,10.1016/j.ejmech.2012.07.014,,A375,nucleus,48,37.0
C1(C2=NC=CC=C2C=C3)=C3C=CC=N1,C1(C2=NC=CC=C2C=C3)=C3C=CC=N1,COC(C=C1)=CC2=C1NC3=NC4=C(N=C32)C5=C(N=CC=C5)C6=C4C=CC=N6,2,10.1016/j.ejmech.2012.07.014,,HeLa,nucleus,48,27.0
C1(C2=NC=CC=C2C=C3)=C3C=CC=N1,C1(C2=NC=CC=C2C=C3)=C3C=CC=N1,COC(C=C1)=CC2=C1NC3=NC4=C(N=C32)C5=C(N=CC=C5)C6=C4C=CC=N6,2,10.1016/j.ejmech.2012.07.014,,SW620,nucleus,48,21.0
C1(C2=NC=CC=C2C=C3)=C3C=CC=N1,C1(C2=NC=CC=C2C=C3)=C3C=CC=N1,COC(C=C1)=CC2=C1NC3=NC4=C(N=C32)C5=C(N=CC=C5)C6=C4C=CC=N6,2,10.1016/j.ejmech.2012.07.014,,A549,nucleus,48,20.0
C1(C2=NC=CC=C2)=CC=CC=N1,C1(C2=NC=CC=C2)=CC=CC=N1,COC(C=C1)=CC2=C1NC3=NC4=C(N=C32)C5=C(N=CC=C5)C6=C4C=CC=N6,2,10.1016/j.ejmech.2012.07.014,,HepG2,nucleus,48,123.0
C1(C2=NC=CC=C2)=CC=CC=N1,C1(C2=NC=CC=C2)=CC=CC=N1,COC(C=C1)=CC2=C1NC3=NC4=C(N=C32)C5=C(N=CC=C5)C6=C4C=CC=N6,2,10.1016/j.ejmech.2012.07.014,,A375,nucleus,48,52.0
C1(C2=NC=CC=C2)=CC=CC=N1,C1(C2=NC=CC=C2)=CC=CC=N1,COC(C=C1)=CC2=C1NC3=NC4=C(N=C32)C5=C(N=CC=C5)C6=C4C=CC=N6,2,10.1016/j.ejmech.2012.07.014,,HeLa,nucleus,48,36.0
C1(C2=NC=CC=C2)=CC=CC=N1,C1(C2=NC=CC=C2)=CC=CC=N1,COC(C=C1)=CC2=C1NC3=NC4=C(N=C32)C5=C(N=CC=C5)C6=C4C=CC=N6,2,10.1016/j.ejmech.2012.07.014,,SW620,nucleus,48,34.0
C1(C2=NC=CC=C2)=CC=CC=N1,C1(C2=NC=CC=C2)=CC=CC=N1,COC(C=C1)=CC2=C1NC3=NC4=C(N=C32)C5=C(N=CC=C5)C6=C4C=CC=N6,2,10.1016/j.ejmech.2012.07.014,,A549,nucleus,48,52.0
C1(C2=NC=CC=C2)=CC=CC=N1,C1(C2=NC=CC=C2)=CC=CC=N1,COC(C=C1)=CC2=C1NC3=NC4=C(N=C32)C5=C(N=CC=C5)C6=C4C=CC=N6,2,10.1016/j.ejmech.2012.07.014,,HepG2,cytoplasm,48,123.0
C1(C2=NC=CC=C2)=CC=CC=N1,C1(C2=NC=CC=C2)=CC=CC=N1,COC(C=C1)=CC2=C1NC3=NC4=C(N=C32)C5=C(N=CC=C5)C6=C4C=CC=N6,2,10.1016/j.ejmech.2012.07.014,,A375,cytoplasm,48,52.0
C1(C2=NC=CC=C2)=CC=CC=N1,C1(C2=NC=CC=C2)=CC=CC=N1,COC(C=C1)=CC2=C1NC3=NC4=C(N=C32)C5=C(N=CC=C5)C6=C4C=CC=N6,2,10.1016/j.ejmech.2012.07.014,,HeLa,cytoplasm,48,36.0
C1(C2=NC=CC=C2)=CC=CC=N1,C1(C2=NC=CC=C2)=CC=CC=N1,COC(C=C1)=CC2=C1NC3=NC4=C(N=C32)C5=C(N=CC=C5)C6=C4C=CC=N6,2,10.1016/j.ejmech.2012.07.014,,SW620,cytoplasm,48,34.0
C1(C2=NC=CC=C2)=CC=CC=N1,C1(C2=NC=CC=C2)=CC=CC=N1,COC(C=C1)=CC2=C1NC3=NC4=C(N=C32)C5=C(N=CC=C5)C6=C4C=CC=N6,2,10.1016/j.ejmech.2012.07.014,,A549,cytoplasm,48,52.0
C1(C2=NC=CC=C2)=CC=CC=N1,C1(C2=NC=CC=C2)=CC=CC=N1,OC1=CC=CC(C1=N2)=NC3=C2C4=C(C5=C3C=CC=C5)C=CC=C4,1,10.1021/acs.inorgchem.8b01988,,A549,,48,6.60
C1(C2=NC=CC=C2C=C3)=C3C=CC=N1,C1(C2=NC=CC=C2C=C3)=C3C=CC=N1,OC1=CC=CC(C1=N2)=NC3=C2C4=C(C5=C3C=CC=C5)C=CC=C4,1,10.1021/acs.inorgchem.8b01988,,A549,,48,1.300
C1(C2=NC=CC=C2)=CC=CC=N1,C1(C2=NC=CC=C2)=CC=CC=N1,OC1=C(C2=NC(C=CC=C3)=C3S2)C=CC=C1,1,10.1021/acs.inorgchem.8b01988,,A549,,48,1.100
C1(C2=NC=CC=C2C=C3)=C3C=CC=N1,C1(C2=NC=CC=C2C=C3)=C3C=CC=N1,OC1=C(C2=NC(C=CC=C3)=C3S2)C=CC=C1,1,10.1021/acs.inorgchem.8b01988,,A549,,48,0.8
C1(C2=NC=CC=C2)=CC=CC=N1,C1(C2=NC=CC=C2)=CC=CC=N1,OC1=CC=CC2=CC=CN=C21,1,10.1021/acs.inorgchem.8b01988,,A549,,48,>50
CC1=CC(C2=CC(C)=CC=N2)=NC=C1,CC1=CC(C2=CC(C)=CC=N2)=NC=C1,C1(N=C(C2CC3C=CC2C3)N4)=C4C5=C(C6=C1C=CC=N6)N=CC=C5,2,10.1007/s11243-018-0264-y,,SGC-7901,,24,>200
CC1=CC(C2=CC(C)=CC=N2)=NC=C1,CC1=CC(C2=CC(C)=CC=N2)=NC=C1,C1(N=C(C2CC3C=CC2C3)N4)=C4C5=C(C6=C1C=CC=N6)N=CC=C5,2,10.1007/s11243-018-0264-y,,PC-12,,24,>200
CC1=CC(C2=CC(C)=CC=N2)=NC=C1,CC1=CC(C2=CC(C)=CC=N2)=NC=C1,C1(N=C(C2CC3C=CC2C3)N4)=C4C5=C(C6=C1C=CC=N6)N=CC=C5,2,10.1007/s11243-018-0264-y,,SiHa,,24,>200
CC1=CC(C2=CC(C)=CC=N2)=NC=C1,CC1=CC(C2=CC(C)=CC=N2)=NC=C1,C1(N=C(C2CC3C=CC2C3)N4)=C4C5=C(C6=C1C=CC=N6)N=CC=C5,2,10.1007/s11243-018-0264-y,,HepG2,,24,>200
CC1=CC(C2=CC(C)=CC=N2)=NC=C1,CC1=CC(C2=CC(C)=CC=N2)=NC=C1,C1(N=C(C2CC3C=CC2C3)N4)=C4C5=C(C6=C1C=CC=N6)N=CC=C5,2,10.1007/s11243-018-0264-y,,BEL.7402,,24,25.50
CC1=CC(C2=CC(C)=CC=N2)=NC=C1,CC1=CC(C2=CC(C)=CC=N2)=NC=C1,C1(N=C(C2CC3C=CC2C3)N4)=C4C5=C(C6=C1C=CC=N6)N=CC=C5,2,10.1007/s11243-018-0264-y,,A549,,24,>200
CC1=CC(C2=CC(C)=CC=N2)=NC=C1,CC1=CC(C2=CC(C)=CC=N2)=NC=C1,C1(N=C(C2CC3C=CC2C3)N4)=C4C5=C(C6=C1C=CC=N6)N=CC=C5,2,10.1007/s11243-018-0264-y,,HeLa,,24,>200
C1(C2=NC=CC=C2)=CC=CC=N1,C1(C2=NC=CC=C2)=CC=CC=N1,C1(N=C(C2CC3C=CC2C3)N4)=C4C5=C(C6=C1C=CC=N6)N=CC=C5,2,10.1007/s11243-018-0264-y,,SGC-7901,,24,91.8
C1(C2=NC=CC=C2)=CC=CC=N1,C1(C2=NC=CC=C2)=CC=CC=N1,C1(N=C(C2CC3C=CC2C3)N4)=C4C5=C(C6=C1C=CC=N6)N=CC=C5,2,10.1007/s11243-018-0264-y,,PC-12,,24,>200
C1(C2=NC=CC=C2)=CC=CC=N1,C1(C2=NC=CC=C2)=CC=CC=N1,C1(N=C(C2CC3C=CC2C3)N4)=C4C5=C(C6=C1C=CC=N6)N=CC=C5,2,10.1007/s11243-018-0264-y,,SiHa,,24,>200
C1(C2=NC=CC=C2)=CC=CC=N1,C1(C2=NC=CC=C2)=CC=CC=N1,C1(N=C(C2CC3C=CC2C3)N4)=C4C5=C(C6=C1C=CC=N6)N=CC=C5,2,10.1007/s11243-018-0264-y,,HepG2,,24,>200
C1(C2=NC=CC=C2)=CC=CC=N1,C1(C2=NC=CC=C2)=CC=CC=N1,C1(N=C(C2CC3C=CC2C3)N4)=C4C5=C(C6=C1C=CC=N6)N=CC=C5,2,10.1007/s11243-018-0264-y,,BEL.7402,,24,45.7
C1(C2=NC=CC=C2)=CC=CC=N1,C1(C2=NC=CC=C2)=CC=CC=N1,C1(N=C(C2CC3C=CC2C3)N4)=C4C5=C(C6=C1C=CC=N6)N=CC=C5,2,10.1007/s11243-018-0264-y,,A549,,24,>200
C1(C2=NC=CC=C2)=CC=CC=N1,C1(C2=NC=CC=C2)=CC=CC=N1,C1(N=C(C2CC3C=CC2C3)N4)=C4C5=C(C6=C1C=CC=N6)N=CC=C5,2,10.1007/s11243-018-0264-y,,HeLa,,24,>200
CC(C)(C)C1=CC=NC(C2=NC=CC(C(C)(C)C)=C2)=C1,CC(C)(C)C1=CC=NC(C2=NC=CC(C(C)(C)C)=C2)=C1,C1(N=C(C2CC3C=CC2C3)N4)=C4C5=C(C6=C1C=CC=N6)N=CC=C5,2,10.1007/s11243-018-0264-y,,SGC-7901,,24,8.200
CC(C)(C)C1=CC=NC(C2=NC=CC(C(C)(C)C)=C2)=C1,CC(C)(C)C1=CC=NC(C2=NC=CC(C(C)(C)C)=C2)=C1,C1(N=C(C2CC3C=CC2C3)N4)=C4C5=C(C6=C1C=CC=N6)N=CC=C5,2,10.1007/s11243-018-0264-y,,PC-12,,24,11.200
CC(C)(C)C1=CC=NC(C2=NC=CC(C(C)(C)C)=C2)=C1,CC(C)(C)C1=CC=NC(C2=NC=CC(C(C)(C)C)=C2)=C1,C1(N=C(C2CC3C=CC2C3)N4)=C4C5=C(C6=C1C=CC=N6)N=CC=C5,2,10.1007/s11243-018-0264-y,,SiHa,,24,12.30
CC(C)(C)C1=CC=NC(C2=NC=CC(C(C)(C)C)=C2)=C1,CC(C)(C)C1=CC=NC(C2=NC=CC(C(C)(C)C)=C2)=C1,C1(N=C(C2CC3C=CC2C3)N4)=C4C5=C(C6=C1C=CC=N6)N=CC=C5,2,10.1007/s11243-018-0264-y,,HepG2,,24,37.00
CC(C)(C)C1=CC=NC(C2=NC=CC(C(C)(C)C)=C2)=C1,CC(C)(C)C1=CC=NC(C2=NC=CC(C(C)(C)C)=C2)=C1,C1(N=C(C2CC3C=CC2C3)N4)=C4C5=C(C6=C1C=CC=N6)N=CC=C5,2,10.1007/s11243-018-0264-y,,BEL.7402,,24,6.50
CC(C)(C)C1=CC=NC(C2=NC=CC(C(C)(C)C)=C2)=C1,CC(C)(C)C1=CC=NC(C2=NC=CC(C(C)(C)C)=C2)=C1,C1(N=C(C2CC3C=CC2C3)N4)=C4C5=C(C6=C1C=CC=N6)N=CC=C5,2,10.1007/s11243-018-0264-y,,A549,,24,35.80
CC(C)(C)C1=CC=NC(C2=NC=CC(C(C)(C)C)=C2)=C1,CC(C)(C)C1=CC=NC(C2=NC=CC(C(C)(C)C)=C2)=C1,C1(N=C(C2CC3C=CC2C3)N4)=C4C5=C(C6=C1C=CC=N6)N=CC=C5,2,10.1007/s11243-018-0264-y,,HeLa,,24,21.70
C1(C2=NC=CC=C2C=C3)=C3C=CC=N1,C1(C2=NC=CC=C2C=C3)=C3C=CC=N1,C1(N=C(C2CC3C=CC2C3)N4)=C4C5=C(C6=C1C=CC=N6)N=CC=C5,2,10.1007/s11243-018-0264-y,,SGC-7901,,24,10.40
C1(C2=NC=CC=C2C=C3)=C3C=CC=N1,C1(C2=NC=CC=C2C=C3)=C3C=CC=N1,C1(N=C(C2CC3C=CC2C3)N4)=C4C5=C(C6=C1C=CC=N6)N=CC=C5,2,10.1007/s11243-018-0264-y,,PC-12,,24,>200
C1(C2=NC=CC=C2C=C3)=C3C=CC=N1,C1(C2=NC=CC=C2C=C3)=C3C=CC=N1,C1(N=C(C2CC3C=CC2C3)N4)=C4C5=C(C6=C1C=CC=N6)N=CC=C5,2,10.1007/s11243-018-0264-y,,SiHa,,24,85.5
C1(C2=NC=CC=C2C=C3)=C3C=CC=N1,C1(C2=NC=CC=C2C=C3)=C3C=CC=N1,C1(N=C(C2CC3C=CC2C3)N4)=C4C5=C(C6=C1C=CC=N6)N=CC=C5,2,10.1007/s11243-018-0264-y,,HepG2,,24,>200
C1(C2=NC=CC=C2C=C3)=C3C=CC=N1,C1(C2=NC=CC=C2C=C3)=C3C=CC=N1,C1(N=C(C2CC3C=CC2C3)N4)=C4C5=C(C6=C1C=CC=N6)N=CC=C5,2,10.1007/s11243-018-0264-y,,BEL.7402,,24,13.200
C1(C2=NC=CC=C2C=C3)=C3C=CC=N1,C1(C2=NC=CC=C2C=C3)=C3C=CC=N1,C1(N=C(C2CC3C=CC2C3)N4)=C4C5=C(C6=C1C=CC=N6)N=CC=C5,2,10.1007/s11243-018-0264-y,,A549,,24,>200
C1(C2=NC=CC=C2C=C3)=C3C=CC=N1,C1(C2=NC=CC=C2C=C3)=C3C=CC=N1,C1(N=C(C2CC3C=CC2C3)N4)=C4C5=C(C6=C1C=CC=N6)N=CC=C5,2,10.1007/s11243-018-0264-y,,HeLa,,24,88.7
CC1=CC=C(C=C2)C(C3=C2C=CC(C)=N3)=N1,CC1=CC=C(C=C2)C(C3=C2C=CC(C)=N3)=N1,C1(N=C(C2CC3C=CC2C3)N4)=C4C5=C(C6=C1C=CC=N6)N=CC=C5,2,10.1007/s11243-018-0264-y,,SGC-7901,,24,4.97
CC1=CC=C(C=C2)C(C3=C2C=CC(C)=N3)=N1,CC1=CC=C(C=C2)C(C3=C2C=CC(C)=N3)=N1,C1(N=C(C2CC3C=CC2C3)N4)=C4C5=C(C6=C1C=CC=N6)N=CC=C5,2,10.1007/s11243-018-0264-y,,PC-12,,24,28.40
CC1=CC=C(C=C2)C(C3=C2C=CC(C)=N3)=N1,CC1=CC=C(C=C2)C(C3=C2C=CC(C)=N3)=N1,C1(N=C(C2CC3C=CC2C3)N4)=C4C5=C(C6=C1C=CC=N6)N=CC=C5,2,10.1007/s11243-018-0264-y,,SiHa,,24,76.0
CC1=CC=C(C=C2)C(C3=C2C=CC(C)=N3)=N1,CC1=CC=C(C=C2)C(C3=C2C=CC(C)=N3)=N1,C1(N=C(C2CC3C=CC2C3)N4)=C4C5=C(C6=C1C=CC=N6)N=CC=C5,2,10.1007/s11243-018-0264-y,,HepG2,,24,1.50
CC1=CC=C(C=C2)C(C3=C2C=CC(C)=N3)=N1,CC1=CC=C(C=C2)C(C3=C2C=CC(C)=N3)=N1,C1(N=C(C2CC3C=CC2C3)N4)=C4C5=C(C6=C1C=CC=N6)N=CC=C5,2,10.1007/s11243-018-0264-y,,BEL.7402,,24,9.100
CC1=CC=C(C=C2)C(C3=C2C=CC(C)=N3)=N1,CC1=CC=C(C=C2)C(C3=C2C=CC(C)=N3)=N1,C1(N=C(C2CC3C=CC2C3)N4)=C4C5=C(C6=C1C=CC=N6)N=CC=C5,2,10.1007/s11243-018-0264-y,,A549,,24,6.100
CC1=CC=C(C=C2)C(C3=C2C=CC(C)=N3)=N1,CC1=CC=C(C=C2)C(C3=C2C=CC(C)=N3)=N1,C1(N=C(C2CC3C=CC2C3)N4)=C4C5=C(C6=C1C=CC=N6)N=CC=C5,2,10.1007/s11243-018-0264-y,,HeLa,,24,64.90
CC1=NC2=C(N=C(C)C=C3)C3=CC=C2C=C1,CC1=NC2=C(N=C(C)C=C3)C3=CC=C2C=C1,NC1=CC=CC(C2=NC3=C4C(N=CC=C4)=C5C(C=CC=N5)=C3N2)=C1,2,10.1007/s11243-010-9386-6,,BEL.7402,,48,35.70
CC1=NC2=C(N=C(C)C=C3)C3=CC=C2C=C1,CC1=NC2=C(N=C(C)C=C3)C3=CC=C2C=C1,NC1=CC=CC(C2=NC3=C4C(N=CC=C4)=C5C(C=CC=N5)=C3N2)=C1,2,10.1007/s11243-010-9386-6,,C-6,,48,41.04
CC1=NC2=C(N=C(C)C=C3)C3=CC=C2C=C1,CC1=NC2=C(N=C(C)C=C3)C3=CC=C2C=C1,NC1=CC=CC(C2=NC3=C4C(N=CC=C4)=C5C(C=CC=N5)=C3N2)=C1,2,10.1007/s11243-010-9386-6,,HepG2,,48,55.25
CC1=NC2=C(N=C(C)C=C3)C3=CC=C2C=C1,CC1=NC2=C(N=C(C)C=C3)C3=CC=C2C=C1,NC1=CC=CC(C2=NC3=C4C(N=CC=C4)=C5C(C=CC=N5)=C3N2)=C1,2,10.1007/s11243-010-9386-6,,MCF.7,,48,37.50
CC1=NC2=C(N=C(C)C=C3)C3=CC=C2C=C1,CC1=NC2=C(N=C(C)C=C3)C3=CC=C2C=C1,NC(C=C1)=CC=C1C2=NC3=C4C(N=CC=C4)=C5C(C=CC=N5)=C3N2,2,10.1007/s11243-010-9386-6,,BEL.7402,,48,37.03
CC1=NC2=C(N=C(C)C=C3)C3=CC=C2C=C1,CC1=NC2=C(N=C(C)C=C3)C3=CC=C2C=C1,NC(C=C1)=CC=C1C2=NC3=C4C(N=CC=C4)=C5C(C=CC=N5)=C3N2,2,10.1007/s11243-010-9386-6,,C-6,,48,103.08
CC1=NC2=C(N=C(C)C=C3)C3=CC=C2C=C1,CC1=NC2=C(N=C(C)C=C3)C3=CC=C2C=C1,NC(C=C1)=CC=C1C2=NC3=C4C(N=CC=C4)=C5C(C=CC=N5)=C3N2,2,10.1007/s11243-010-9386-6,,HepG2,,48,120.07
CC1=NC2=C(N=C(C)C=C3)C3=CC=C2C=C1,CC1=NC2=C(N=C(C)C=C3)C3=CC=C2C=C1,NC(C=C1)=CC=C1C2=NC3=C4C(N=CC=C4)=C5C(C=CC=N5)=C3N2,2,10.1007/s11243-010-9386-6,,MCF.7,,48,37.80
CC1=CC=NC(C2=NC=CC(C)=C2)=C1,CC1=CC=NC(C2=NC=CC(C)=C2)=C1,OC(C(Br)=C1)=C(Br)C=C1C2=NC3=C4C(N=CC=C4)=C5C(C=CC=N5)=C3N2,2,10.1007/s10534-010-9340-2,,BEL.7402,,24,73.51
CC1=CC=NC(C2=NC=CC(C)=C2)=C1,CC1=CC=NC(C2=NC=CC(C)=C2)=C1,OC(C(Br)=C1)=C(Br)C=C1C2=NC3=C4C(N=CC=C4)=C5C(C=CC=N5)=C3N2,2,10.1007/s10534-010-9340-2,,BEL.7402,,48,62.19
CC1=CC=NC(C2=NC=CC(C)=C2)=C1,CC1=CC=NC(C2=NC=CC(C)=C2)=C1,OC(C(Br)=C1)=C(Br)C=C1C2=NC3=C4C(N=CC=C4)=C5C(C=CC=N5)=C3N2,2,10.1007/s10534-010-9340-2,,C-6,,48,52.68
CC1=CC=NC(C2=NC=CC(C)=C2)=C1,CC1=CC=NC(C2=NC=CC(C)=C2)=C1,OC(C(Br)=C1)=C(Br)C=C1C2=NC3=C4C(N=CC=C4)=C5C(C=CC=N5)=C3N2,2,10.1007/s10534-010-9340-2,,HepG2,,48,172.38
CC1=CC=NC(C2=NC=CC(C)=C2)=C1,CC1=CC=NC(C2=NC=CC(C)=C2)=C1,OC(C(Br)=C1)=C(Br)C=C1C2=NC3=C4C(N=CC=C4)=C5C(C=CC=N5)=C3N2,2,10.1007/s10534-010-9340-2,,MCF.7,,48,170.20
CC1=NC2=C(N=C(C)C=C3)C3=CC=C2C=C1,CC1=NC2=C(N=C(C)C=C3)C3=CC=C2C=C1,OC(C(Br)=C1)=C(Br)C=C1C2=NC3=C4C(N=CC=C4)=C5C(C=CC=N5)=C3N2,2,10.1007/s10534-010-9340-2,,BEL.7402,,24,21.72
CC1=NC2=C(N=C(C)C=C3)C3=CC=C2C=C1,CC1=NC2=C(N=C(C)C=C3)C3=CC=C2C=C1,OC(C(Br)=C1)=C(Br)C=C1C2=NC3=C4C(N=CC=C4)=C5C(C=CC=N5)=C3N2,2,10.1007/s10534-010-9340-2,,BEL.7402,,48,17.110
CC1=NC2=C(N=C(C)C=C3)C3=CC=C2C=C1,CC1=NC2=C(N=C(C)C=C3)C3=CC=C2C=C1,OC(C(Br)=C1)=C(Br)C=C1C2=NC3=C4C(N=CC=C4)=C5C(C=CC=N5)=C3N2,2,10.1007/s10534-010-9340-2,,C-6,,48,19.63
CC1=NC2=C(N=C(C)C=C3)C3=CC=C2C=C1,CC1=NC2=C(N=C(C)C=C3)C3=CC=C2C=C1,OC(C(Br)=C1)=C(Br)C=C1C2=NC3=C4C(N=CC=C4)=C5C(C=CC=N5)=C3N2,2,10.1007/s10534-010-9340-2,,HepG2,,48,14.090
CC1=NC2=C(N=C(C)C=C3)C3=CC=C2C=C1,CC1=NC2=C(N=C(C)C=C3)C3=CC=C2C=C1,OC(C(Br)=C1)=C(Br)C=C1C2=NC3=C4C(N=CC=C4)=C5C(C=CC=N5)=C3N2,2,10.1007/s10534-010-9340-2,,MCF.7,,48,22.58
C1(C2=NC=CC=C2)=CC=CC=N1,C1(C2=NC=CC=C2)=CC=CC=N1,CCCCN1C2=CC=C(C(OC)=O)C=C2N=C1C3=CC=CC=[C-]3,1,10.1002/chem.201703581,1.073,MRC-5,membrane,72,5.100
C1(C2=NC=CC=C2)=CC=CC=N1,C1(C2=NC=CC=C2)=CC=CC=N1,CCCCN1C2=CC=C(C(OC)=O)C=C2N=C1C3=CC=CC=[C-]3,1,10.1002/chem.201703581,1.073,A2780,membrane,72,0.13
C1(C2=NC=CC=C2)=CC=CC=N1,C1(C2=NC=CC=C2)=CC=CC=N1,CCCCN1C2=CC=C(C(OC)=O)C=C2N=C1C3=CC=CC=[C-]3,1,10.1002/chem.201703581,1.073,A2780 cisR,membrane,72,0.067
C1(C2=NC=CC=C2)=CC=CC=N1,C1(C2=NC=CC=C2)=CC=CC=N1,CCCCN1C2=CC=C(C(OC)=O)C=C2N=C1C3=CC=CC=[C-]3,1,10.1002/chem.201703581,1.073,HCT116,membrane,72,0.47
C1(C2=NC=CC=C2)=CC=CC=N1,C1(C2=NC=CC=C2)=CC=CC=N1,CCCCN1C2=CC=C(C(OC)=O)C=C2N=C1C3=CC=CC=[C-]3,1,10.1002/chem.201703581,1.073,MCF.7,membrane,72,0.25
C12=CC=C3C(N=CC=C3)=C1N=CC=C2,C12=CC=C3C(N=CC=C3)=C1N=CC=C2,CCCCN1C2=CC=C(C(OC)=O)C=C2N=C1C3=CC=CC=[C-]3,1,10.1002/chem.201703581,1.124,MRC-5,membrane,72,2.300
C12=CC=C3C(N=CC=C3)=C1N=CC=C2,C12=CC=C3C(N=CC=C3)=C1N=CC=C2,CCCCN1C2=CC=C(C(OC)=O)C=C2N=C1C3=CC=CC=[C-]3,1,10.1002/chem.201703581,1.124,A2780,membrane,72,0.13
C12=CC=C3C(N=CC=C3)=C1N=CC=C2,C12=CC=C3C(N=CC=C3)=C1N=CC=C2,CCCCN1C2=CC=C(C(OC)=O)C=C2N=C1C3=CC=CC=[C-]3,1,10.1002/chem.201703581,1.124,A2780 cisR,membrane,72,0.045
C12=CC=C3C(N=CC=C3)=C1N=CC=C2,C12=CC=C3C(N=CC=C3)=C1N=CC=C2,CCCCN1C2=CC=C(C(OC)=O)C=C2N=C1C3=CC=CC=[C-]3,1,10.1002/chem.201703581,1.124,HCT116,membrane,72,0.41
C12=CC=C3C(N=CC=C3)=C1N=CC=C2,C12=CC=C3C(N=CC=C3)=C1N=CC=C2,CCCCN1C2=CC=C(C(OC)=O)C=C2N=C1C3=CC=CC=[C-]3,1,10.1002/chem.201703581,1.124,MCF.7,membrane,72,0.32
C12=CC=C3C(N=CC=C3)=C1N=CC=C2,C12=CC=C3C(N=CC=C3)=C1N=CC=C2,[H]C(C(C=[C-]1)=CC=C1C2=NC=CC=C2)=O,1,10.1002/chem.201703581,0.428,MRC-5,membrane,72,8.80
C12=CC=C3C(N=CC=C3)=C1N=CC=C2,C12=CC=C3C(N=CC=C3)=C1N=CC=C2,[H]C(C(C=[C-]1)=CC=C1C2=NC=CC=C2)=O,1,10.1002/chem.201703581,0.428,A2780,membrane,72,0.15
C12=CC=C3C(N=CC=C3)=C1N=CC=C2,C12=CC=C3C(N=CC=C3)=C1N=CC=C2,[H]C(C(C=[C-]1)=CC=C1C2=NC=CC=C2)=O,1,10.1002/chem.201703581,0.428,A2780 cisR,membrane,72,0.14
C12=CC=C3C(N=CC=C3)=C1N=CC=C2,C12=CC=C3C(N=CC=C3)=C1N=CC=C2,[H]C(C(C=[C-]1)=CC=C1C2=NC=CC=C2)=O,1,10.1002/chem.201703581,0.428,HCT116,membrane,72,1.020
C12=CC=C3C(N=CC=C3)=C1N=CC=C2,C12=CC=C3C(N=CC=C3)=C1N=CC=C2,[H]C(C(C=[C-]1)=CC=C1C2=NC=CC=C2)=O,1,10.1002/chem.201703581,0.428,MCF.7,membrane,72,0.47
C12=CC=C3C(N=CC=C3)=C1N=CC=C2,C12=CC=C3C(N=CC=C3)=C1N=CC=C2,[H]C(C(C=[C-]1)=CC=C1N2N=CC=C2)=O,1,10.1002/chem.201703581,0.666,MRC-5,membrane,72,8.80
C12=CC=C3C(N=CC=C3)=C1N=CC=C2,C12=CC=C3C(N=CC=C3)=C1N=CC=C2,[H]C(C(C=[C-]1)=CC=C1N2N=CC=C2)=O,1,10.1002/chem.201703581,0.666,A2780,membrane,72,0.21
C12=CC=C3C(N=CC=C3)=C1N=CC=C2,C12=CC=C3C(N=CC=C3)=C1N=CC=C2,[H]C(C(C=[C-]1)=CC=C1N2N=CC=C2)=O,1,10.1002/chem.201703581,0.666,A2780 cisR,membrane,72,0.12
C12=CC=C3C(N=CC=C3)=C1N=CC=C2,C12=CC=C3C(N=CC=C3)=C1N=CC=C2,[H]C(C(C=[C-]1)=CC=C1N2N=CC=C2)=O,1,10.1002/chem.201703581,0.666,HCT116,membrane,72,0.78
C12=CC=C3C(N=CC=C3)=C1N=CC=C2,C12=CC=C3C(N=CC=C3)=C1N=CC=C2,[H]C(C(C=[C-]1)=CC=C1N2N=CC=C2)=O,1,10.1002/chem.201703581,0.666,MCF.7,membrane,72,0.72
C1(C2=NC=CC=C2)=CC=CC=N1,C1(C2=NC=CC=C2)=CC=CC=N1,CCCCN1C2=CC=C(C(OC)=O)C=C2N=C1C3=CC=CC=[C-]3,1,10.1002/chem.201703581,1.073,MRC-5,cytoplasm,72,5.100
C1(C2=NC=CC=C2)=CC=CC=N1,C1(C2=NC=CC=C2)=CC=CC=N1,CCCCN1C2=CC=C(C(OC)=O)C=C2N=C1C3=CC=CC=[C-]3,1,10.1002/chem.201703581,1.073,A2780,cytoplasm,72,0.13
C1(C2=NC=CC=C2)=CC=CC=N1,C1(C2=NC=CC=C2)=CC=CC=N1,CCCCN1C2=CC=C(C(OC)=O)C=C2N=C1C3=CC=CC=[C-]3,1,10.1002/chem.201703581,1.073,A2780 cisR,cytoplasm,72,0.067
C1(C2=NC=CC=C2)=CC=CC=N1,C1(C2=NC=CC=C2)=CC=CC=N1,CCCCN1C2=CC=C(C(OC)=O)C=C2N=C1C3=CC=CC=[C-]3,1,10.1002/chem.201703581,1.073,HCT116,cytoplasm,72,0.47
C1(C2=NC=CC=C2)=CC=CC=N1,C1(C2=NC=CC=C2)=CC=CC=N1,CCCCN1C2=CC=C(C(OC)=O)C=C2N=C1C3=CC=CC=[C-]3,1,10.1002/chem.201703581,1.073,MCF.7,cytoplasm,72,0.25
C12=CC=C3C(N=CC=C3)=C1N=CC=C2,C12=CC=C3C(N=CC=C3)=C1N=CC=C2,CCCCN1C2=CC=C(C(OC)=O)C=C2N=C1C3=CC=CC=[C-]3,1,10.1002/chem.201703581,1.124,MRC-5,cytoplasm,72,2.300
C12=CC=C3C(N=CC=C3)=C1N=CC=C2,C12=CC=C3C(N=CC=C3)=C1N=CC=C2,CCCCN1C2=CC=C(C(OC)=O)C=C2N=C1C3=CC=CC=[C-]3,1,10.1002/chem.201703581,1.124,A2780,cytoplasm,72,0.13
C12=CC=C3C(N=CC=C3)=C1N=CC=C2,C12=CC=C3C(N=CC=C3)=C1N=CC=C2,CCCCN1C2=CC=C(C(OC)=O)C=C2N=C1C3=CC=CC=[C-]3,1,10.1002/chem.201703581,1.124,A2780 cisR,cytoplasm,72,0.045
C12=CC=C3C(N=CC=C3)=C1N=CC=C2,C12=CC=C3C(N=CC=C3)=C1N=CC=C2,CCCCN1C2=CC=C(C(OC)=O)C=C2N=C1C3=CC=CC=[C-]3,1,10.1002/chem.201703581,1.124,HCT116,cytoplasm,72,0.41
C12=CC=C3C(N=CC=C3)=C1N=CC=C2,C12=CC=C3C(N=CC=C3)=C1N=CC=C2,CCCCN1C2=CC=C(C(OC)=O)C=C2N=C1C3=CC=CC=[C-]3,1,10.1002/chem.201703581,1.124,MCF.7,cytoplasm,72,0.32
C12=CC=C3C(N=CC=C3)=C1N=CC=C2,C12=CC=C3C(N=CC=C3)=C1N=CC=C2,[H]C(C(C=[C-]1)=CC=C1C2=NC=CC=C2)=O,1,10.1002/chem.201703581,0.428,MRC-5,cytoplasm,72,8.80
C12=CC=C3C(N=CC=C3)=C1N=CC=C2,C12=CC=C3C(N=CC=C3)=C1N=CC=C2,[H]C(C(C=[C-]1)=CC=C1C2=NC=CC=C2)=O,1,10.1002/chem.201703581,0.428,A2780,cytoplasm,72,0.15
C12=CC=C3C(N=CC=C3)=C1N=CC=C2,C12=CC=C3C(N=CC=C3)=C1N=CC=C2,[H]C(C(C=[C-]1)=CC=C1C2=NC=CC=C2)=O,1,10.1002/chem.201703581,0.428,A2780 cisR,cytoplasm,72,0.14
C12=CC=C3C(N=CC=C3)=C1N=CC=C2,C12=CC=C3C(N=CC=C3)=C1N=CC=C2,[H]C(C(C=[C-]1)=CC=C1C2=NC=CC=C2)=O,1,10.1002/chem.201703581,0.428,HCT116,cytoplasm,72,1.020
C12=CC=C3C(N=CC=C3)=C1N=CC=C2,C12=CC=C3C(N=CC=C3)=C1N=CC=C2,[H]C(C(C=[C-]1)=CC=C1C2=NC=CC=C2)=O,1,10.1002/chem.201703581,0.428,MCF.7,cytoplasm,72,0.47
C12=CC=C3C(N=CC=C3)=C1N=CC=C2,C12=CC=C3C(N=CC=C3)=C1N=CC=C2,[H]C(C(C=[C-]1)=CC=C1N2N=CC=C2)=O,1,10.1002/chem.201703581,0.666,MRC-5,cytoplasm,72,8.80
C12=CC=C3C(N=CC=C3)=C1N=CC=C2,C12=CC=C3C(N=CC=C3)=C1N=CC=C2,[H]C(C(C=[C-]1)=CC=C1N2N=CC=C2)=O,1,10.1002/chem.201703581,0.666,A2780,cytoplasm,72,0.21
C12=CC=C3C(N=CC=C3)=C1N=CC=C2,C12=CC=C3C(N=CC=C3)=C1N=CC=C2,[H]C(C(C=[C-]1)=CC=C1N2N=CC=C2)=O,1,10.1002/chem.201703581,0.666,A2780 cisR,cytoplasm,72,0.12
C12=CC=C3C(N=CC=C3)=C1N=CC=C2,C12=CC=C3C(N=CC=C3)=C1N=CC=C2,[H]C(C(C=[C-]1)=CC=C1N2N=CC=C2)=O,1,10.1002/chem.201703581,0.666,HCT116,cytoplasm,72,0.78
C12=CC=C3C(N=CC=C3)=C1N=CC=C2,C12=CC=C3C(N=CC=C3)=C1N=CC=C2,[H]C(C(C=[C-]1)=CC=C1N2N=CC=C2)=O,1,10.1002/chem.201703581,0.666,MCF.7,cytoplasm,72,0.72
C12=CC=C3C(N=CC=C3C4=CC=CC=C4)=C1N=CC=C2C5=CC=CC=C5,C12=CC=C3C(N=CC=C3C4=CC=CC=C4)=C1N=CC=C2C5=CC=CC=C5,O=C1C2=C([O-])C=CC=C2OC(C3=CC=CC=C3)=C1,1,10.1021/acs.inorgchem.9b03562,,MCF.7,,48,>50
C12=CC=C3C(N=CC=C3C4=CC=CC=C4)=C1N=CC=C2C5=CC=CC=C5,C12=CC=C3C(N=CC=C3C4=CC=CC=C4)=C1N=CC=C2C5=CC=CC=C5,O=C1C2=C([O-])C=CC=C2OC(C3=CC=CC=C3)=C1,1,10.1021/acs.inorgchem.9b03562,,FaDU,,48,38.21
C12=CC=C3C(N=CC=C3C4=CC=CC=C4)=C1N=CC=C2C5=CC=CC=C5,C12=CC=C3C(N=CC=C3C4=CC=CC=C4)=C1N=CC=C2C5=CC=CC=C5,O=C1C2=C([O-])C=CC=C2OC(C3=CC=CC=C3)=C1,1,10.1021/acs.inorgchem.9b03562,,MDA-MB-435S,,48,24.48
C12=CC=C3C(N=CC=C3C4=CC=CC=C4)=C1N=CC=C2C5=CC=CC=C5,C12=CC=C3C(N=CC=C3C4=CC=CC=C4)=C1N=CC=C2C5=CC=CC=C5,O=C1C2=C([O-])C=CC=C2OC(C3=CC=CC=C3)=C1,1,10.1021/acs.inorgchem.9b03562,,U87,,48,30.72
C12=CC=C3C(N=CC=C3C4=CC=CC=C4)=C1N=CC=C2C5=CC=CC=C5,C12=CC=C3C(N=CC=C3C4=CC=CC=C4)=C1N=CC=C2C5=CC=CC=C5,O=C1C2=C([O-])C=CC=C2OC(C3=CC=CC=C3)=C1,1,10.1021/acs.inorgchem.9b03562,,RPE-1,,48,19.72
C12=CC=C3C(N=CC=C3C4=CC=CC=C4)=C1N=CC=C2C5=CC=CC=C5,C12=CC=C3C(N=CC=C3C4=CC=CC=C4)=C1N=CC=C2C5=CC=CC=C5,O=C1C2=C([O-])C=CC=C2OC(C3=CC=CC=C3)=C1,1,10.1021/acs.inorgchem.9b03562,,HEK293,,48,26.46
C12=CC=C3C(N=CC=C3C4=CC=CC=C4)=C1N=CC=C2C5=CC=CC=C5,C12=CC=C3C(N=CC=C3C4=CC=CC=C4)=C1N=CC=C2C5=CC=CC=C5,O=C1C2=C([O-])C=C(O)C=C2OC=C1C3=CC=C(O)C=C3,1,10.1021/acs.inorgchem.9b03562,,MCF.7,,48,16.67
C12=CC=C3C(N=CC=C3C4=CC=CC=C4)=C1N=CC=C2C5=CC=CC=C5,C12=CC=C3C(N=CC=C3C4=CC=CC=C4)=C1N=CC=C2C5=CC=CC=C5,O=C1C2=C([O-])C=C(O)C=C2OC=C1C3=CC=C(O)C=C3,1,10.1021/acs.inorgchem.9b03562,,FaDU,,48,5.210
C12=CC=C3C(N=CC=C3C4=CC=CC=C4)=C1N=CC=C2C5=CC=CC=C5,C12=CC=C3C(N=CC=C3C4=CC=CC=C4)=C1N=CC=C2C5=CC=CC=C5,O=C1C2=C([O-])C=C(O)C=C2OC=C1C3=CC=C(O)C=C3,1,10.1021/acs.inorgchem.9b03562,,MDA-MB-435S,,48,2.64
C12=CC=C3C(N=CC=C3C4=CC=CC=C4)=C1N=CC=C2C5=CC=CC=C5,C12=CC=C3C(N=CC=C3C4=CC=CC=C4)=C1N=CC=C2C5=CC=CC=C5,O=C1C2=C([O-])C=C(O)C=C2OC=C1C3=CC=C(O)C=C3,1,10.1021/acs.inorgchem.9b03562,,U87,,48,5.210
C12=CC=C3C(N=CC=C3C4=CC=CC=C4)=C1N=CC=C2C5=CC=CC=C5,C12=CC=C3C(N=CC=C3C4=CC=CC=C4)=C1N=CC=C2C5=CC=CC=C5,O=C1C2=C([O-])C=C(O)C=C2OC=C1C3=CC=C(O)C=C3,1,10.1021/acs.inorgchem.9b03562,,RPE-1,,48,2.36
C12=CC=C3C(N=CC=C3C4=CC=CC=C4)=C1N=CC=C2C5=CC=CC=C5,C12=CC=C3C(N=CC=C3C4=CC=CC=C4)=C1N=CC=C2C5=CC=CC=C5,O=C1C2=C([O-])C=C(O)C=C2OC=C1C3=CC=C(O)C=C3,1,10.1021/acs.inorgchem.9b03562,,HEK293,,48,0.72
C12=CC=C3C(N=CC=C3C4=CC=CC=C4)=C1N=CC=C2C5=CC=CC=C5,C12=CC=C3C(N=CC=C3C4=CC=CC=C4)=C1N=CC=C2C5=CC=CC=C5,O=C1C2=C([O-])C=C(O)C=C2OC(C3=CC=CC=C3)=C1,1,10.1021/acs.inorgchem.9b03562,,MCF.7,,48,>50
C12=CC=C3C(N=CC=C3C4=CC=CC=C4)=C1N=CC=C2C5=CC=CC=C5,C12=CC=C3C(N=CC=C3C4=CC=CC=C4)=C1N=CC=C2C5=CC=CC=C5,O=C1C2=C([O-])C=C(O)C=C2OC(C3=CC=CC=C3)=C1,1,10.1021/acs.inorgchem.9b03562,,FaDU,,48,>50
C12=CC=C3C(N=CC=C3C4=CC=CC=C4)=C1N=CC=C2C5=CC=CC=C5,C12=CC=C3C(N=CC=C3C4=CC=CC=C4)=C1N=CC=C2C5=CC=CC=C5,O=C1C2=C([O-])C=C(O)C=C2OC(C3=CC=CC=C3)=C1,1,10.1021/acs.inorgchem.9b03562,,MDA-MB-435S,,48,27.73
C12=CC=C3C(N=CC=C3C4=CC=CC=C4)=C1N=CC=C2C5=CC=CC=C5,C12=CC=C3C(N=CC=C3C4=CC=CC=C4)=C1N=CC=C2C5=CC=CC=C5,O=C1C2=C([O-])C=C(O)C=C2OC(C3=CC=CC=C3)=C1,1,10.1021/acs.inorgchem.9b03562,,U87,,48,25.59
C12=CC=C3C(N=CC=C3C4=CC=CC=C4)=C1N=CC=C2C5=CC=CC=C5,C12=CC=C3C(N=CC=C3C4=CC=CC=C4)=C1N=CC=C2C5=CC=CC=C5,O=C1C2=C([O-])C=C(O)C=C2OC(C3=CC=CC=C3)=C1,1,10.1021/acs.inorgchem.9b03562,,RPE-1,,48,23.21
C12=CC=C3C(N=CC=C3C4=CC=CC=C4)=C1N=CC=C2C5=CC=CC=C5,C12=CC=C3C(N=CC=C3C4=CC=CC=C4)=C1N=CC=C2C5=CC=CC=C5,O=C1C2=C([O-])C=C(O)C=C2OC(C3=CC=CC=C3)=C1,1,10.1021/acs.inorgchem.9b03562,,HEK293,,48,33.02
C12=CC=C3C(N=CC=C3C4=CC=CC=C4)=C1N=CC=C2C5=CC=CC=C5,C12=CC=C3C(N=CC=C3C4=CC=CC=C4)=C1N=CC=C2C5=CC=CC=C5,O=C1C2=C([O-])C=C(O)C=C2OC(C3=CC=C(O)C=C3O)=C1O,1,10.1021/acs.inorgchem.9b03562,,MCF.7,,48,>50
C12=CC=C3C(N=CC=C3C4=CC=CC=C4)=C1N=CC=C2C5=CC=CC=C5,C12=CC=C3C(N=CC=C3C4=CC=CC=C4)=C1N=CC=C2C5=CC=CC=C5,O=C1C2=C([O-])C=C(O)C=C2OC(C3=CC=C(O)C=C3O)=C1O,1,10.1021/acs.inorgchem.9b03562,,FaDU,,48,>50
C12=CC=C3C(N=CC=C3C4=CC=CC=C4)=C1N=CC=C2C5=CC=CC=C5,C12=CC=C3C(N=CC=C3C4=CC=CC=C4)=C1N=CC=C2C5=CC=CC=C5,O=C1C2=C([O-])C=C(O)C=C2OC(C3=CC=C(O)C=C3O)=C1O,1,10.1021/acs.inorgchem.9b03562,,MDA-MB-435S,,48,>50
C12=CC=C3C(N=CC=C3C4=CC=CC=C4)=C1N=CC=C2C5=CC=CC=C5,C12=CC=C3C(N=CC=C3C4=CC=CC=C4)=C1N=CC=C2C5=CC=CC=C5,O=C1C2=C([O-])C=C(O)C=C2OC(C3=CC=C(O)C=C3O)=C1O,1,10.1021/acs.inorgchem.9b03562,,U87,,48,>50
C12=CC=C3C(N=CC=C3C4=CC=CC=C4)=C1N=CC=C2C5=CC=CC=C5,C12=CC=C3C(N=CC=C3C4=CC=CC=C4)=C1N=CC=C2C5=CC=CC=C5,O=C1C2=C([O-])C=C(O)C=C2OC(C3=CC=C(O)C=C3O)=C1O,1,10.1021/acs.inorgchem.9b03562,,RPE-1,,48,>50
C12=CC=C3C(N=CC=C3C4=CC=CC=C4)=C1N=CC=C2C5=CC=CC=C5,C12=CC=C3C(N=CC=C3C4=CC=CC=C4)=C1N=CC=C2C5=CC=CC=C5,O=C1C2=C([O-])C=C(O)C=C2OC(C3=CC=C(O)C=C3O)=C1O,1,10.1021/acs.inorgchem.9b03562,,HEK293,,48,>50
C1(C2=NC=CC=C2)=CC=CC=N1,C1(C2=NC=CC=C2)=CC=CC=N1,CC1=CC(C2=CC(C(NC(C(OCC)=O)CC3=CC=C(O)C=C3)=O)=CC=N2)=NC=C1,2,10.1039/C7DT00670E,-1.31,A549,mitochondria,4,>300
C1(C2=NC=CC=C2)=CC=CC=N1,C1(C2=NC=CC=C2)=CC=CC=N1,CC1=CC(C2=CC(C(NC(C(OCC)=O)CC3=CC=C(O)C=C3)=O)=CC=N2)=NC=C1,2,10.1039/C7DT00670E,-1.31,HCT116,mitochondria,4,>300
C1(C2=NC=CC=C2)=CC=CC=N1,C1(C2=NC=CC=C2)=CC=CC=N1,O=C(NC(C(OCC)=O)CC1=CNC2=C1C=CC=C2)C3=CC=NC(C4=NC=CC(C)=C4)=C3,2,10.1039/C7DT00670E,-1.72,A549,mitochondria,4,>300
C1(C2=NC=CC=C2)=CC=CC=N1,C1(C2=NC=CC=C2)=CC=CC=N1,O=C(NC(C(OCC)=O)CC1=CNC2=C1C=CC=C2)C3=CC=NC(C4=NC=CC(C)=C4)=C3,2,10.1039/C7DT00670E,-1.72,HCT116,mitochondria,4,>300
C1(C2=NC=CC=C2)=CC=CC=N1,C1(C2=NC=CC=C2)=CC=CC=N1,CC1=CC(C2=CC(C(NC(C(OCC)=O)CC3=CC=C(O)C=C3)=O)=CC=N2)=NC=C1,2,10.1039/C7DT00670E,-1.31,A549,membrane,4,>300
C1(C2=NC=CC=C2)=CC=CC=N1,C1(C2=NC=CC=C2)=CC=CC=N1,CC1=CC(C2=CC(C(NC(C(OCC)=O)CC3=CC=C(O)C=C3)=O)=CC=N2)=NC=C1,2,10.1039/C7DT00670E,-1.31,HCT116,membrane,4,>300
C1(C2=NC=CC=C2)=CC=CC=N1,C1(C2=NC=CC=C2)=CC=CC=N1,O=C(NC(C(OCC)=O)CC1=CNC2=C1C=CC=C2)C3=CC=NC(C4=NC=CC(C)=C4)=C3,2,10.1039/C7DT00670E,-1.72,A549,membrane,4,>300
C1(C2=NC=CC=C2)=CC=CC=N1,C1(C2=NC=CC=C2)=CC=CC=N1,O=C(NC(C(OCC)=O)CC1=CNC2=C1C=CC=C2)C3=CC=NC(C4=NC=CC(C)=C4)=C3,2,10.1039/C7DT00670E,-1.72,HCT116,membrane,4,>300
C1(C2=NC=CC=C2)=CC=CC=N1,C1(C2=NC=CC=C2)=CC=CC=N1,CC1=NC(C2=NC(C)=CC=C2)=CC=C1,2,10.1039/C7CC03469E,-1.42,A549,,6,210.0
C1(C2=NC=CC=C2)=CC=CC=N1,C1(C2=NC=CC=C2)=CC=CC=N1,CSCC1=NC=CC=C1,2,10.1039/C7CC03469E,-1.33,A549,,6,>150
C12=CC=C3C(N=CC=C3C4=CC=CC=C4)=C1N=CC=C2C5=CC=CC=C5,C12=CC=C3C(N=CC=C3C4=CC=CC=C4)=C1N=CC=C2C5=CC=CC=C5,CSCC1=NC=CC=C1,2,10.1039/C7CC03469E,0.29,A549,,6,2.66
C12=C(C=CC=N3)C3=C(N=CC=C4)C4=C1N=C(C5=CC=C(C6=CC=NC=C6)C=C5)N2,C1(C2=NC=CC=C2)=CC=CC=N1,C1(C2=NC=CC=C2)=CC=CC=N1,2,10.1016/j.jinorgbio.2018.01.003,,MDA-MB-231,,48,>200
C12=C(C=CC=N3)C3=C(N=CC=C4)C4=C1N=C(C5=CC=C(C6=CC=NC=C6)C=C5)N2,C12=CC=C3C(N=CC=C3)=C1N=CC=C2,C12=CC=C3C(N=CC=C3)=C1N=CC=C2,2,10.1016/j.jinorgbio.2018.01.003,,MDA-MB-231,,48,>200
C12=C(C=CC=N3)C3=C(N=CC=C4)C4=C1N=C(C5=CC=C(C6=CC=NC=C6)C=C5)N2,C12=CC=C3C(N=CC=C3C4=CC=CC=C4)=C1N=CC=C2C5=CC=CC=C5,C12=CC=C3C(N=CC=C3C4=CC=CC=C4)=C1N=CC=C2C5=CC=CC=C5,2,10.1016/j.jinorgbio.2018.01.003,,MDA-MB-231,,48,>200
C12=CC=C3C(N=CC=C3)=C1N=CC=C2,C12=CC=C3C(N=CC=C3)=C1N=CC=C2,CC1=C(C)C2=CC=C3C(N=CC(C)=C3C)=C2N=C1,2,10.1016/j.jinorgbio.2017.11.022,,HK2,,48,>60
CC1=NC2=C(N=C(C)C=C3)C3=CC=C2C=C1,CC1=NC2=C(N=C(C)C=C3)C3=CC=C2C=C1,CC1=C(C)C2=CC=C3C(N=CC(C)=C3C)=C2N=C1,2,10.1016/j.jinorgbio.2017.11.022,,HK2,,48,>60
C12=CC=C3C(N=CC=C3)=C1N=CC=C2,C12=CC=C3C(N=CC=C3)=C1N=CC=C2,NC(N/N=C\C1=C2C(C=CC=C2)=CC3=CC=CC=C31)=S,2,10.1039/B915081A,,MDA-MB-231,,72,4.47
C12=CC=C3C(N=CC=C3)=C1N=CC=C2,C12=CC=C3C(N=CC=C3)=C1N=CC=C2,NC(N/N=C\C1=C2C(C=CC=C2)=CC3=CC=CC=C31)=S,2,10.1039/B915081A,,MCF.7,,72,8.72
C12=CC=C3C(N=CC=C3)=C1N=CC=C2,C12=CC=C3C(N=CC=C3)=C1N=CC=C2,NC(N/N=C\C1=C2C(C=CC=C2)=CC3=CC=CC=C31)=S,2,10.1039/B915081A,,HCT116,,72,7.26
C12=CC=C3C(N=CC=C3)=C1N=CC=C2,C12=CC=C3C(N=CC=C3)=C1N=CC=C2,NC(N/N=C\C1=C2C(C=CC=C2)=CC3=CC=CC=C31)=S,2,10.1039/B915081A,,HT-29,,72,4.26
C1(C2=NC=CC=C2)=CC=CC=N1,C1(C2=NC=CC=C2)=CC=CC=N1,NC(N/N=C\C1=C2C(C=CC=C2)=CC3=CC=CC=C31)=S,2,10.1039/B915081A,,MDA-MB-231,,72,18.80
C1(C2=NC=CC=C2)=CC=CC=N1,C1(C2=NC=CC=C2)=CC=CC=N1,NC(N/N=C\C1=C2C(C=CC=C2)=CC3=CC=CC=C31)=S,2,10.1039/B915081A,,MCF.7,,72,18.30
C1(C2=NC=CC=C2)=CC=CC=N1,C1(C2=NC=CC=C2)=CC=CC=N1,NC(N/N=C\C1=C2C(C=CC=C2)=CC3=CC=CC=C31)=S,2,10.1039/B915081A,,HCT116,,72,20.70
C1(C2=NC=CC=C2)=CC=CC=N1,C1(C2=NC=CC=C2)=CC=CC=N1,NC(N/N=C\C1=C2C(C=CC=C2)=CC3=CC=CC=C31)=S,2,10.1039/B915081A,,HT-29,,72,42.4
C12=CC=C3C(N=CC=C3)=C1N=CC=C2,C12=CC=C3C(N=CC=C3)=C1N=CC=C2,S=C(NC)N/N=C\C1=C2C(C=CC=C2)=CC3=CC=CC=C31,2,10.1039/B915081A,,MDA-MB-231,,72,1.85
C12=CC=C3C(N=CC=C3)=C1N=CC=C2,C12=CC=C3C(N=CC=C3)=C1N=CC=C2,S=C(NC)N/N=C\C1=C2C(C=CC=C2)=CC3=CC=CC=C31,2,10.1039/B915081A,,MCF.7,,72,3.60
C12=CC=C3C(N=CC=C3)=C1N=CC=C2,C12=CC=C3C(N=CC=C3)=C1N=CC=C2,S=C(NC)N/N=C\C1=C2C(C=CC=C2)=CC3=CC=CC=C31,2,10.1039/B915081A,,HCT116,,72,1.79
C12=CC=C3C(N=CC=C3)=C1N=CC=C2,C12=CC=C3C(N=CC=C3)=C1N=CC=C2,S=C(NC)N/N=C\C1=C2C(C=CC=C2)=CC3=CC=CC=C31,2,10.1039/B915081A,,HT-29,,72,2.00
C1(C2=NC=CC=C2)=CC=CC=N1,C1(C2=NC=CC=C2)=CC=CC=N1,S=C(NC)N/N=C\C1=C2C(C=CC=C2)=CC3=CC=CC=C31,2,10.1039/B915081A,,MDA-MB-231,,72,8.53
C1(C2=NC=CC=C2)=CC=CC=N1,C1(C2=NC=CC=C2)=CC=CC=N1,S=C(NC)N/N=C\C1=C2C(C=CC=C2)=CC3=CC=CC=C31,2,10.1039/B915081A,,MCF.7,,72,11.200
C1(C2=NC=CC=C2)=CC=CC=N1,C1(C2=NC=CC=C2)=CC=CC=N1,S=C(NC)N/N=C\C1=C2C(C=CC=C2)=CC3=CC=CC=C31,2,10.1039/B915081A,,HCT116,,72,6.49
C1(C2=NC=CC=C2)=CC=CC=N1,C1(C2=NC=CC=C2)=CC=CC=N1,S=C(NC)N/N=C\C1=C2C(C=CC=C2)=CC3=CC=CC=C31,2,10.1039/B915081A,,HT-29,,72,19.50
C12=CC=C3C(N=CC=C3)=C1N=CC=C2,C12=CC=C3C(N=CC=C3)=C1N=CC=C2,S=C(NCC)N/N=C\C1=C2C(C=CC=C2)=CC3=CC=CC=C31,2,10.1039/B915081A,,MDA-MB-231,,72,3.71
C12=CC=C3C(N=CC=C3)=C1N=CC=C2,C12=CC=C3C(N=CC=C3)=C1N=CC=C2,S=C(NCC)N/N=C\C1=C2C(C=CC=C2)=CC3=CC=CC=C31,2,10.1039/B915081A,,MCF.7,,72,1.93
C12=CC=C3C(N=CC=C3)=C1N=CC=C2,C12=CC=C3C(N=CC=C3)=C1N=CC=C2,S=C(NCC)N/N=C\C1=C2C(C=CC=C2)=CC3=CC=CC=C31,2,10.1039/B915081A,,HCT116,,72,1.78
C12=CC=C3C(N=CC=C3)=C1N=CC=C2,C12=CC=C3C(N=CC=C3)=C1N=CC=C2,S=C(NCC)N/N=C\C1=C2C(C=CC=C2)=CC3=CC=CC=C31,2,10.1039/B915081A,,HT-29,,72,1.87
C1(C2=NC=CC=C2)=CC=CC=N1,C1(C2=NC=CC=C2)=CC=CC=N1,S=C(NCC)N/N=C\C1=C2C(C=CC=C2)=CC3=CC=CC=C31,2,10.1039/B915081A,,MDA-MB-231,,72,1.95
C1(C2=NC=CC=C2)=CC=CC=N1,C1(C2=NC=CC=C2)=CC=CC=N1,S=C(NCC)N/N=C\C1=C2C(C=CC=C2)=CC3=CC=CC=C31,2,10.1039/B915081A,,MCF.7,,72,3.56
C1(C2=NC=CC=C2)=CC=CC=N1,C1(C2=NC=CC=C2)=CC=CC=N1,S=C(NCC)N/N=C\C1=C2C(C=CC=C2)=CC3=CC=CC=C31,2,10.1039/B915081A,,HCT116,,72,3.57
C1(C2=NC=CC=C2)=CC=CC=N1,C1(C2=NC=CC=C2)=CC=CC=N1,S=C(NCC)N/N=C\C1=C2C(C=CC=C2)=CC3=CC=CC=C31,2,10.1039/B915081A,,HT-29,,72,2.48
C12=CC=C3C(N=CC=C3C4=CC=CC=C4)=C1N=CC=C2C5=CC=CC=C5,C12=CC=C3C(N=CC=C3C4=CC=CC=C4)=C1N=CC=C2C5=CC=CC=C5,C12=CC=C3C(N=CC=C3C4=CC=CC=C4)=C1N=CC=C2C5=CC=CC=C5,2,10.1016/j.jphotochem.2017.10.007,,MDA-MB-231,nucleus,72,4.0
C12=CC=C3C(N=CC=C3C4=CC=CC=C4)=C1N=CC=C2C5=CC=CC=C5,C12=CC=C3C(N=CC=C3C4=CC=CC=C4)=C1N=CC=C2C5=CC=CC=C5,C12=CC=C3C(N=CC=C3C4=CC=CC=C4)=C1N=CC=C2C5=CC=CC=C5,2,10.1016/j.jphotochem.2017.10.007,,MCF.7,nucleus,72,3.60
C12=CC=C3C(N=CC=C3C4=CC=CC=C4)=C1N=CC=C2C5=CC=CC=C5,C12=CC=C3C(N=CC=C3C4=CC=CC=C4)=C1N=CC=C2C5=CC=CC=C5,C12=CC=C3C(N=CC=C3C4=CC=CC=C4)=C1N=CC=C2C5=CC=CC=C5,2,10.1016/j.jphotochem.2017.10.007,,B16,nucleus,72,1.70
C12=CC=C3C(N=CC=C3C4=CC=CC=C4)=C1N=CC=C2C5=CC=CC=C5,C12=CC=C3C(N=CC=C3C4=CC=CC=C4)=C1N=CC=C2C5=CC=CC=C5,C12=CC=C3C(N=CC=C3C4=CC=CC=C4)=C1N=CC=C2C5=CC=CC=C5,2,10.1016/j.jphotochem.2017.10.007,,SF,nucleus,72,1.0
C12=CC=C3C(N=CC=C3C4=CC=CC=C4)=C1N=CC=C2C5=CC=CC=C5,C12=CC=C3C(N=CC=C3C4=CC=CC=C4)=C1N=CC=C2C5=CC=CC=C5,C12=CC=C3C(N=CC=C3C4=CC=CC=C4)=C1N=CC=C2C5=CC=CC=C5,2,10.1016/j.jphotochem.2017.10.007,,ML2,nucleus,72,2.90
C12=CC=C3C(N=CC=C3C4=CC=CC=C4)=C1N=CC=C2C5=CC=CC=C5,C12=CC=C3C(N=CC=C3C4=CC=CC=C4)=C1N=CC=C2C5=CC=CC=C5,C12=CC=C3C(N=CC=C3C4=CC=CC=C4)=C1N=CC=C2C5=CC=CC=C5,2,10.1016/j.jphotochem.2017.10.007,,Caco2,nucleus,72,>200
C12=CC=C3C(N=CC=C3C4=CC=CC=C4)=C1N=CC=C2C5=CC=CC=C5,C12=CC=C3C(N=CC=C3C4=CC=CC=C4)=C1N=CC=C2C5=CC=CC=C5,[O-][S+2]([O-])(C1=CC(C2=CC=NC3=C(N=CC=C4C5=CC([S+2]([O-])([O-])[O-])=CC=C5)C4=CC=C32)=CC=C1)[O-],0,10.1016/j.jphotochem.2017.10.007,,MDA-MB-231,cytoplasm,72,>200
C12=CC=C3C(N=CC=C3C4=CC=CC=C4)=C1N=CC=C2C5=CC=CC=C5,C12=CC=C3C(N=CC=C3C4=CC=CC=C4)=C1N=CC=C2C5=CC=CC=C5,[O-][S+2]([O-])(C1=CC(C2=CC=NC3=C(N=CC=C4C5=CC([S+2]([O-])([O-])[O-])=CC=C5)C4=CC=C32)=CC=C1)[O-],0,10.1016/j.jphotochem.2017.10.007,,MCF.7,cytoplasm,72,>200
C12=CC=C3C(N=CC=C3C4=CC=CC=C4)=C1N=CC=C2C5=CC=CC=C5,C12=CC=C3C(N=CC=C3C4=CC=CC=C4)=C1N=CC=C2C5=CC=CC=C5,[O-][S+2]([O-])(C1=CC(C2=CC=NC3=C(N=CC=C4C5=CC([S+2]([O-])([O-])[O-])=CC=C5)C4=CC=C32)=CC=C1)[O-],0,10.1016/j.jphotochem.2017.10.007,,B16,cytoplasm,72,13.0
C12=CC=C3C(N=CC=C3C4=CC=CC=C4)=C1N=CC=C2C5=CC=CC=C5,C12=CC=C3C(N=CC=C3C4=CC=CC=C4)=C1N=CC=C2C5=CC=CC=C5,[O-][S+2]([O-])(C1=CC(C2=CC=NC3=C(N=CC=C4C5=CC([S+2]([O-])([O-])[O-])=CC=C5)C4=CC=C32)=CC=C1)[O-],0,10.1016/j.jphotochem.2017.10.007,,SF,cytoplasm,72,3.0
C12=CC=C3C(N=CC=C3C4=CC=CC=C4)=C1N=CC=C2C5=CC=CC=C5,C12=CC=C3C(N=CC=C3C4=CC=CC=C4)=C1N=CC=C2C5=CC=CC=C5,[O-][S+2]([O-])(C1=CC(C2=CC=NC3=C(N=CC=C4C5=CC([S+2]([O-])([O-])[O-])=CC=C5)C4=CC=C32)=CC=C1)[O-],0,10.1016/j.jphotochem.2017.10.007,,ML2,cytoplasm,72,10.0
C12=CC=C3C(N=CC=C3C4=CC=CC=C4)=C1N=CC=C2C5=CC=CC=C5,C12=CC=C3C(N=CC=C3C4=CC=CC=C4)=C1N=CC=C2C5=CC=CC=C5,[O-][S+2]([O-])(C1=CC(C2=CC=NC3=C(N=CC=C4C5=CC([S+2]([O-])([O-])[O-])=CC=C5)C4=CC=C32)=CC=C1)[O-],0,10.1016/j.jphotochem.2017.10.007,,Caco2,cytoplasm,72,>200
C12=CC=C3C(N=CC=C3C4=CC=CC=C4)=C1N=CC=C2C5=CC=CC=C5,[O-][S+2]([O-])(C1=CC(C2=CC=NC3=C(N=CC=C4C5=CC([S+2]([O-])([O-])[O-])=CC=C5)C4=CC=C32)=CC=C1)[O-],[O-][S+2]([O-])(C1=CC(C2=CC=NC3=C(N=CC=C4C5=CC([S+2]([O-])([O-])[O-])=CC=C5)C4=CC=C32)=CC=C1)[O-],-2,10.1016/j.jphotochem.2017.10.007,,MDA-MB-231,,72,>200
C12=CC=C3C(N=CC=C3C4=CC=CC=C4)=C1N=CC=C2C5=CC=CC=C5,[O-][S+2]([O-])(C1=CC(C2=CC=NC3=C(N=CC=C4C5=CC([S+2]([O-])([O-])[O-])=CC=C5)C4=CC=C32)=CC=C1)[O-],[O-][S+2]([O-])(C1=CC(C2=CC=NC3=C(N=CC=C4C5=CC([S+2]([O-])([O-])[O-])=CC=C5)C4=CC=C32)=CC=C1)[O-],-2,10.1016/j.jphotochem.2017.10.007,,MCF.7,,72,>200
C12=CC=C3C(N=CC=C3C4=CC=CC=C4)=C1N=CC=C2C5=CC=CC=C5,[O-][S+2]([O-])(C1=CC(C2=CC=NC3=C(N=CC=C4C5=CC([S+2]([O-])([O-])[O-])=CC=C5)C4=CC=C32)=CC=C1)[O-],[O-][S+2]([O-])(C1=CC(C2=CC=NC3=C(N=CC=C4C5=CC([S+2]([O-])([O-])[O-])=CC=C5)C4=CC=C32)=CC=C1)[O-],-2,10.1016/j.jphotochem.2017.10.007,,B16,,72,>200
C12=CC=C3C(N=CC=C3C4=CC=CC=C4)=C1N=CC=C2C5=CC=CC=C5,[O-][S+2]([O-])(C1=CC(C2=CC=NC3=C(N=CC=C4C5=CC([S+2]([O-])([O-])[O-])=CC=C5)C4=CC=C32)=CC=C1)[O-],[O-][S+2]([O-])(C1=CC(C2=CC=NC3=C(N=CC=C4C5=CC([S+2]([O-])([O-])[O-])=CC=C5)C4=CC=C32)=CC=C1)[O-],-2,10.1016/j.jphotochem.2017.10.007,,SF,,72,>200
C12=CC=C3C(N=CC=C3C4=CC=CC=C4)=C1N=CC=C2C5=CC=CC=C5,[O-][S+2]([O-])(C1=CC(C2=CC=NC3=C(N=CC=C4C5=CC([S+2]([O-])([O-])[O-])=CC=C5)C4=CC=C32)=CC=C1)[O-],[O-][S+2]([O-])(C1=CC(C2=CC=NC3=C(N=CC=C4C5=CC([S+2]([O-])([O-])[O-])=CC=C5)C4=CC=C32)=CC=C1)[O-],-2,10.1016/j.jphotochem.2017.10.007,,ML2,,72,>200
C12=CC=C3C(N=CC=C3C4=CC=CC=C4)=C1N=CC=C2C5=CC=CC=C5,[O-][S+2]([O-])(C1=CC(C2=CC=NC3=C(N=CC=C4C5=CC([S+2]([O-])([O-])[O-])=CC=C5)C4=CC=C32)=CC=C1)[O-],[O-][S+2]([O-])(C1=CC(C2=CC=NC3=C(N=CC=C4C5=CC([S+2]([O-])([O-])[O-])=CC=C5)C4=CC=C32)=CC=C1)[O-],-2,10.1016/j.jphotochem.2017.10.007,,Caco2,,72,>200
[O-][S+2]([O-])(C1=CC(C2=CC=NC3=C(N=CC=C4C5=CC([S+2]([O-])([O-])[O-])=CC=C5)C4=CC=C32)=CC=C1)[O-],[O-][S+2]([O-])(C1=CC(C2=CC=NC3=C(N=CC=C4C5=CC([S+2]([O-])([O-])[O-])=CC=C5)C4=CC=C32)=CC=C1)[O-],[O-][S+2]([O-])(C1=CC(C2=CC=NC3=C(N=CC=C4C5=CC([S+2]([O-])([O-])[O-])=CC=C5)C4=CC=C32)=CC=C1)[O-],-4,10.1016/j.jphotochem.2017.10.007,,MDA-MB-231,nucleus,72,>200
[O-][S+2]([O-])(C1=CC(C2=CC=NC3=C(N=CC=C4C5=CC([S+2]([O-])([O-])[O-])=CC=C5)C4=CC=C32)=CC=C1)[O-],[O-][S+2]([O-])(C1=CC(C2=CC=NC3=C(N=CC=C4C5=CC([S+2]([O-])([O-])[O-])=CC=C5)C4=CC=C32)=CC=C1)[O-],[O-][S+2]([O-])(C1=CC(C2=CC=NC3=C(N=CC=C4C5=CC([S+2]([O-])([O-])[O-])=CC=C5)C4=CC=C32)=CC=C1)[O-],-4,10.1016/j.jphotochem.2017.10.007,,MCF.7,nucleus,72,>200
[O-][S+2]([O-])(C1=CC(C2=CC=NC3=C(N=CC=C4C5=CC([S+2]([O-])([O-])[O-])=CC=C5)C4=CC=C32)=CC=C1)[O-],[O-][S+2]([O-])(C1=CC(C2=CC=NC3=C(N=CC=C4C5=CC([S+2]([O-])([O-])[O-])=CC=C5)C4=CC=C32)=CC=C1)[O-],[O-][S+2]([O-])(C1=CC(C2=CC=NC3=C(N=CC=C4C5=CC([S+2]([O-])([O-])[O-])=CC=C5)C4=CC=C32)=CC=C1)[O-],-4,10.1016/j.jphotochem.2017.10.007,,B16,nucleus,72,>200
[O-][S+2]([O-])(C1=CC(C2=CC=NC3=C(N=CC=C4C5=CC([S+2]([O-])([O-])[O-])=CC=C5)C4=CC=C32)=CC=C1)[O-],[O-][S+2]([O-])(C1=CC(C2=CC=NC3=C(N=CC=C4C5=CC([S+2]([O-])([O-])[O-])=CC=C5)C4=CC=C32)=CC=C1)[O-],[O-][S+2]([O-])(C1=CC(C2=CC=NC3=C(N=CC=C4C5=CC([S+2]([O-])([O-])[O-])=CC=C5)C4=CC=C32)=CC=C1)[O-],-4,10.1016/j.jphotochem.2017.10.007,,SF,nucleus,72,>200
[O-][S+2]([O-])(C1=CC(C2=CC=NC3=C(N=CC=C4C5=CC([S+2]([O-])([O-])[O-])=CC=C5)C4=CC=C32)=CC=C1)[O-],[O-][S+2]([O-])(C1=CC(C2=CC=NC3=C(N=CC=C4C5=CC([S+2]([O-])([O-])[O-])=CC=C5)C4=CC=C32)=CC=C1)[O-],[O-][S+2]([O-])(C1=CC(C2=CC=NC3=C(N=CC=C4C5=CC([S+2]([O-])([O-])[O-])=CC=C5)C4=CC=C32)=CC=C1)[O-],-4,10.1016/j.jphotochem.2017.10.007,,ML2,nucleus,72,>200
[O-][S+2]([O-])(C1=CC(C2=CC=NC3=C(N=CC=C4C5=CC([S+2]([O-])([O-])[O-])=CC=C5)C4=CC=C32)=CC=C1)[O-],[O-][S+2]([O-])(C1=CC(C2=CC=NC3=C(N=CC=C4C5=CC([S+2]([O-])([O-])[O-])=CC=C5)C4=CC=C32)=CC=C1)[O-],[O-][S+2]([O-])(C1=CC(C2=CC=NC3=C(N=CC=C4C5=CC([S+2]([O-])([O-])[O-])=CC=C5)C4=CC=C32)=CC=C1)[O-],-4,10.1016/j.jphotochem.2017.10.007,,Caco2,nucleus,72,>200
C1(/N=N/C2=CC=CC=C2)=CC=CC=N1,C1(/N=N/C2=CC=CC=C2)=CC=CC=N1,[O-]C(C1(C([O-])=O)CCC1)=O,0,10.1021/jm021110e,,A2780,,72,7.200
C1(/N=N/C2=CC=CC=C2)=CC=CC=N1,C1(/N=N/C2=CC=CC=C2)=CC=CC=N1,[O-]C(C1(C([O-])=O)CCC1)=O,0,10.1021/jm021110e,,A2780 cisR,,72,4.90
C1(/N=N/C2=CC=CC=C2)=CC=CC=N1,C1(/N=N/C2=CC=CC=C2)=CC=CC=N1,[O-]C(C([O-])=O)=O,0,10.1021/jm021110e,,A2780,,72,6.30
C1(/N=N/C2=CC=CC=C2)=CC=CC=N1,C1(/N=N/C2=CC=CC=C2)=CC=CC=N1,[O-]C(C([O-])=O)=O,0,10.1021/jm021110e,,A2780 cisR,,72,6.30
C1(/N=N/C2=CC=CC=C2)=CC=CC=N1,C1(/N=N/C2=CC=CC=C2)=CC=CC=N1,[O-]C(CC([O-])=O)=O,0,10.1021/jm021110e,,A2780,,72,7.90
C1(/N=N/C2=CC=CC=C2)=CC=CC=N1,C1(/N=N/C2=CC=CC=C2)=CC=CC=N1,[O-]C(CC([O-])=O)=O,0,10.1021/jm021110e,,A2780 cisR,,72,6.200
C12=CC=C3C(N=CC=C3)=C1N=CC=C2,C12=CC=C3C(N=CC=C3)=C1N=CC=C2,O=[N+](C(C=C1)=CC([N+]([O-])=O)=C1C2=NC3=C4C(N=CC=C4)=C5C(C=CC=N5)=C3N2)[O-],2,10.1089/dna.2011.1243,,BEL.7402,,72,48.72
C12=CC=C3C(N=CC=C3)=C1N=CC=C2,C12=CC=C3C(N=CC=C3)=C1N=CC=C2,O=[N+](C(C=C1)=CC([N+]([O-])=O)=C1C2=NC3=C4C(N=CC=C4)=C5C(C=CC=N5)=C3N2)[O-],2,10.1089/dna.2011.1243,,HepG2,,72,40.40
C12=CC=C3C(N=CC=C3)=C1N=CC=C2,C12=CC=C3C(N=CC=C3)=C1N=CC=C2,O=[N+](C(C=C1)=CC([N+]([O-])=O)=C1C2=NC3=C4C(N=CC=C4)=C5C(C=CC=N5)=C3N2)[O-],2,10.1089/dna.2011.1243,,MCF.7,,72,34.87
C12=CC=C3C(N=CC=C3)=C1N=CC=C2,C12=CC=C3C(N=CC=C3)=C1N=CC=C2,NC(C=C1)=CC(N)=C1C2=NC3=C4C(N=CC=C4)=C5C(C=CC=N5)=C3N2,2,10.1089/dna.2011.1243,,BEL.7402,,72,57.60
C12=CC=C3C(N=CC=C3)=C1N=CC=C2,C12=CC=C3C(N=CC=C3)=C1N=CC=C2,NC(C=C1)=CC(N)=C1C2=NC3=C4C(N=CC=C4)=C5C(C=CC=N5)=C3N2,2,10.1089/dna.2011.1243,,HepG2,,72,35.24
C12=CC=C3C(N=CC=C3)=C1N=CC=C2,C12=CC=C3C(N=CC=C3)=C1N=CC=C2,NC(C=C1)=CC(N)=C1C2=NC3=C4C(N=CC=C4)=C5C(C=CC=N5)=C3N2,2,10.1089/dna.2011.1243,,MCF.7,,72,47.20
C1(C2=NC=CC=C2)=CC=CC=N1,NC(CCSC)C([O-])=O,P(C1=CC=CC=C1)(C2=CC=CC=C2)CCCCP(C3=CC=CC=C3)C4=CC=CC=C4,1,10.1371/journal.pone.0105865,,L929,,48,27.39
C1(C2=NC=CC=C2)=CC=CC=N1,NC(CCSC)C([O-])=O,P(C1=CC=CC=C1)(C2=CC=CC=C2)CCCCP(C3=CC=CC=C3)C4=CC=CC=C4,1,10.1371/journal.pone.0105865,,S180,,48,22.53
C1(C2=NC=CC=C2)=CC=CC=N1,NC([H])C([O-])=O,P(C1=CC=CC=C1)(C2=CC=CC=C2)CCCCP(C3=CC=CC=C3)C4=CC=CC=C4,1,10.1371/journal.pone.0105865,,L929,,48,51.65
C1(C2=NC=CC=C2)=CC=CC=N1,NC([H])C([O-])=O,P(C1=CC=CC=C1)(C2=CC=CC=C2)CCCCP(C3=CC=CC=C3)C4=CC=CC=C4,1,10.1371/journal.pone.0105865,,S180,,48,31.15
C1(C2=NC=CC=C2)=CC=CC=N1,NC(CC(C)C)C([O-])=O,P(C1=CC=CC=C1)(C2=CC=CC=C2)CCCCP(C3=CC=CC=C3)C4=CC=CC=C4,1,10.1371/journal.pone.0105865,,L929,,48,47.15
C1(C2=NC=CC=C2)=CC=CC=N1,NC(CC(C)C)C([O-])=O,P(C1=CC=CC=C1)(C2=CC=CC=C2)CCCCP(C3=CC=CC=C3)C4=CC=CC=C4,1,10.1371/journal.pone.0105865,,S180,,48,38.19
C1(C2=NC=CC=C2)=CC=CC=N1,NC(CC(O)=O)C(O)=O,P(C1=CC=CC=C1)(C2=CC=CC=C2)CCCCP(C3=CC=CC=C3)C4=CC=CC=C4,1,10.1371/journal.pone.0105865,,L929,,48,106.72
C1(C2=NC=CC=C2)=CC=CC=N1,NC(CC(O)=O)C(O)=O,P(C1=CC=CC=C1)(C2=CC=CC=C2)CCCCP(C3=CC=CC=C3)C4=CC=CC=C4,1,10.1371/journal.pone.0105865,,S180,,48,42.22
C1(C2=NC=CC=C2)=CC=CC=N1,NC(C)C([O-])=O,P(C1=CC=CC=C1)(C2=CC=CC=C2)CCCCP(C3=CC=CC=C3)C4=CC=CC=C4,1,10.1371/journal.pone.0105865,,L929,,48,97.75
C1(C2=NC=CC=C2)=CC=CC=N1,NC(C)C([O-])=O,P(C1=CC=CC=C1)(C2=CC=CC=C2)CCCCP(C3=CC=CC=C3)C4=CC=CC=C4,1,10.1371/journal.pone.0105865,,S180,,48,50.18
C1(C2=NC=CC=C2C=C3)=C3C=CC=N1,C1(C2=NC=CC=C2C=C3)=C3C=CC=N1,C1(C2=NC=CC=C2C=C3)=C3C=CC=N1,2,10.1158/1535-7163.MCT-12-1130,,H358,,24,86.7
C1(C2=NC=CC=C2C=C3)=C3C=CC=N1,C1(C2=NC=CC=C2C=C3)=C3C=CC=N1,C1(C2=NC=CC=C2C=C3)=C3C=CC=N1,2,10.1158/1535-7163.MCT-12-1130,,H226,,24,92.8
C1(C2=CC=CC=C2)=CC=NC3=C1C=CC4=C(C5=CC=CC=C5)C=CN=C43,C1(C2=CC=CC=C2)=CC=NC3=C1C=CC4=C(C5=CC=CC=C5)C=CN=C43,C1(C2=NC=CC=C2)=NC=CC=C1,2,10.1039/c5mt00037h,,MAgEC-10.5,,24,3.100
C1(C2=CC=CC=C2)=CC=NC3=C1C=CC4=C(C5=CC=CC=C5)C=CN=C43,C1(C2=CC=CC=C2)=CC=NC3=C1C=CC4=C(C5=CC=CC=C5)C=CN=C43,C1(C2=NC=CC=C2)=NC=CC=C1,2,10.1039/c5mt00037h,,MLuMECFVB,,24,4.70
C1(C2=CC=CC=C2)=CC=NC3=C1C=CC4=C(C5=CC=CC=C5)C=CN=C43,C1(C2=CC=CC=C2)=CC=NC3=C1C=CC4=C(C5=CC=CC=C5)C=CN=C43,C1(C2=NC=CC=C2)=NC=CC=C1,2,10.1039/c5mt00037h,,4T1,,24,6.80
C1(C2=CC=CC=C2)=CC=NC3=C1C=CC4=C(C5=CC=CC=C5)C=CN=C43,C1(C2=CC=CC=C2)=CC=NC3=C1C=CC4=C(C5=CC=CC=C5)C=CN=C43,C1(C2=NC=CC=C2)=NC=CC=C1,2,10.1039/c5mt00037h,,A549,,24,13.50
C1(C2=CC=CC=C2)=CC=NC3=C1C=CC4=C(C5=CC=CC=C5)C=CN=C43,C1(C2=CC=CC=C2)=CC=NC3=C1C=CC4=C(C5=CC=CC=C5)C=CN=C43,C1(C2=NC=CC=C2)=NC=CC=C1,2,10.1039/c5mt00037h,,MAgEC-10.5,,48,3.300
C1(C2=CC=CC=C2)=CC=NC3=C1C=CC4=C(C5=CC=CC=C5)C=CN=C43,C1(C2=CC=CC=C2)=CC=NC3=C1C=CC4=C(C5=CC=CC=C5)C=CN=C43,C1(C2=NC=CC=C2)=NC=CC=C1,2,10.1039/c5mt00037h,,MLuMECFVB,,48,4.200
C1(C2=CC=CC=C2)=CC=NC3=C1C=CC4=C(C5=CC=CC=C5)C=CN=C43,C1(C2=CC=CC=C2)=CC=NC3=C1C=CC4=C(C5=CC=CC=C5)C=CN=C43,C1(C2=NC=CC=C2)=NC=CC=C1,2,10.1039/c5mt00037h,,4T1,,48,6.40
C1(C2=CC=CC=C2)=CC=NC3=C1C=CC4=C(C5=CC=CC=C5)C=CN=C43,C1(C2=CC=CC=C2)=CC=NC3=C1C=CC4=C(C5=CC=CC=C5)C=CN=C43,C1(C2=NC=CC=C2)=NC=CC=C1,2,10.1039/c5mt00037h,,A549,,48,2.200
C1(C2=CC=CC=C2)=CC=NC3=C1C=CC4=C(C5=CC=CC=C5)C=CN=C43,C1(C2=CC=CC=C2)=CC=NC3=C1C=CC4=C(C5=CC=CC=C5)C=CN=C43,O=[N+](C1=NC=CN1CCCC2=CC(C3=NC=CC=C3)=NC=C2)[O-],2,10.1039/c5mt00037h,,MAgEC-10.5,mitochondria,24,4.70
C1(C2=CC=CC=C2)=CC=NC3=C1C=CC4=C(C5=CC=CC=C5)C=CN=C43,C1(C2=CC=CC=C2)=CC=NC3=C1C=CC4=C(C5=CC=CC=C5)C=CN=C43,O=[N+](C1=NC=CN1CCCC2=CC(C3=NC=CC=C3)=NC=C2)[O-],2,10.1039/c5mt00037h,,MLuMECFVB,mitochondria,24,6.100
C1(C2=CC=CC=C2)=CC=NC3=C1C=CC4=C(C5=CC=CC=C5)C=CN=C43,C1(C2=CC=CC=C2)=CC=NC3=C1C=CC4=C(C5=CC=CC=C5)C=CN=C43,O=[N+](C1=NC=CN1CCCC2=CC(C3=NC=CC=C3)=NC=C2)[O-],2,10.1039/c5mt00037h,,4T1,mitochondria,24,10.60
C1(C2=CC=CC=C2)=CC=NC3=C1C=CC4=C(C5=CC=CC=C5)C=CN=C43,C1(C2=CC=CC=C2)=CC=NC3=C1C=CC4=C(C5=CC=CC=C5)C=CN=C43,O=[N+](C1=NC=CN1CCCC2=CC(C3=NC=CC=C3)=NC=C2)[O-],2,10.1039/c5mt00037h,,A549,mitochondria,24,11.80
C1(C2=CC=CC=C2)=CC=NC3=C1C=CC4=C(C5=CC=CC=C5)C=CN=C43,C1(C2=CC=CC=C2)=CC=NC3=C1C=CC4=C(C5=CC=CC=C5)C=CN=C43,O=[N+](C1=NC=CN1CCCC2=CC(C3=NC=CC=C3)=NC=C2)[O-],2,10.1039/c5mt00037h,,MAgEC-10.5,mitochondria,48,4.60
C1(C2=CC=CC=C2)=CC=NC3=C1C=CC4=C(C5=CC=CC=C5)C=CN=C43,C1(C2=CC=CC=C2)=CC=NC3=C1C=CC4=C(C5=CC=CC=C5)C=CN=C43,O=[N+](C1=NC=CN1CCCC2=CC(C3=NC=CC=C3)=NC=C2)[O-],2,10.1039/c5mt00037h,,MLuMECFVB,mitochondria,48,6.90
C1(C2=CC=CC=C2)=CC=NC3=C1C=CC4=C(C5=CC=CC=C5)C=CN=C43,C1(C2=CC=CC=C2)=CC=NC3=C1C=CC4=C(C5=CC=CC=C5)C=CN=C43,O=[N+](C1=NC=CN1CCCC2=CC(C3=NC=CC=C3)=NC=C2)[O-],2,10.1039/c5mt00037h,,4T1,mitochondria,48,5.90
C1(C2=CC=CC=C2)=CC=NC3=C1C=CC4=C(C5=CC=CC=C5)C=CN=C43,C1(C2=CC=CC=C2)=CC=NC3=C1C=CC4=C(C5=CC=CC=C5)C=CN=C43,O=[N+](C1=NC=CN1CCCC2=CC(C3=NC=CC=C3)=NC=C2)[O-],2,10.1039/c5mt00037h,,A549,mitochondria,48,1.50
C1(C2=CC=CC=C2)=CC=NC3=C1C=CC4=C(C5=CC=CC=C5)C=CN=C43,C1(C2=CC=CC=C2)=CC=NC3=C1C=CC4=C(C5=CC=CC=C5)C=CN=C43,O=[N+](C1=NC=CN1CCCC2=CC(C3=NC=CC=C3)=NC=C2)[O-],2,10.1039/c5mt00037h,,MAgEC-10.5,endoplasmic reticulum,24,4.70
C1(C2=CC=CC=C2)=CC=NC3=C1C=CC4=C(C5=CC=CC=C5)C=CN=C43,C1(C2=CC=CC=C2)=CC=NC3=C1C=CC4=C(C5=CC=CC=C5)C=CN=C43,O=[N+](C1=NC=CN1CCCC2=CC(C3=NC=CC=C3)=NC=C2)[O-],2,10.1039/c5mt00037h,,MLuMECFVB,endoplasmic reticulum,24,6.100
C1(C2=CC=CC=C2)=CC=NC3=C1C=CC4=C(C5=CC=CC=C5)C=CN=C43,C1(C2=CC=CC=C2)=CC=NC3=C1C=CC4=C(C5=CC=CC=C5)C=CN=C43,O=[N+](C1=NC=CN1CCCC2=CC(C3=NC=CC=C3)=NC=C2)[O-],2,10.1039/c5mt00037h,,4T1,endoplasmic reticulum,24,10.60
C1(C2=CC=CC=C2)=CC=NC3=C1C=CC4=C(C5=CC=CC=C5)C=CN=C43,C1(C2=CC=CC=C2)=CC=NC3=C1C=CC4=C(C5=CC=CC=C5)C=CN=C43,O=[N+](C1=NC=CN1CCCC2=CC(C3=NC=CC=C3)=NC=C2)[O-],2,10.1039/c5mt00037h,,A549,endoplasmic reticulum,24,11.80
C1(C2=CC=CC=C2)=CC=NC3=C1C=CC4=C(C5=CC=CC=C5)C=CN=C43,C1(C2=CC=CC=C2)=CC=NC3=C1C=CC4=C(C5=CC=CC=C5)C=CN=C43,O=[N+](C1=NC=CN1CCCC2=CC(C3=NC=CC=C3)=NC=C2)[O-],2,10.1039/c5mt00037h,,MAgEC-10.5,endoplasmic reticulum,48,4.60
C1(C2=CC=CC=C2)=CC=NC3=C1C=CC4=C(C5=CC=CC=C5)C=CN=C43,C1(C2=CC=CC=C2)=CC=NC3=C1C=CC4=C(C5=CC=CC=C5)C=CN=C43,O=[N+](C1=NC=CN1CCCC2=CC(C3=NC=CC=C3)=NC=C2)[O-],2,10.1039/c5mt00037h,,MLuMECFVB,endoplasmic reticulum,48,6.90
C1(C2=CC=CC=C2)=CC=NC3=C1C=CC4=C(C5=CC=CC=C5)C=CN=C43,C1(C2=CC=CC=C2)=CC=NC3=C1C=CC4=C(C5=CC=CC=C5)C=CN=C43,O=[N+](C1=NC=CN1CCCC2=CC(C3=NC=CC=C3)=NC=C2)[O-],2,10.1039/c5mt00037h,,4T1,endoplasmic reticulum,48,5.90
C1(C2=CC=CC=C2)=CC=NC3=C1C=CC4=C(C5=CC=CC=C5)C=CN=C43,C1(C2=CC=CC=C2)=CC=NC3=C1C=CC4=C(C5=CC=CC=C5)C=CN=C43,O=[N+](C1=NC=CN1CCCC2=CC(C3=NC=CC=C3)=NC=C2)[O-],2,10.1039/c5mt00037h,,A549,endoplasmic reticulum,48,1.50
CC1=CC(C2=CC(C)=CC=N2)=NC=C1,CC1=CC(C2=CC(C)=CC=N2)=NC=C1,NC1=CC2=NC3=C(N=C2C=C1N)C4=CC=CN=C4C5=NC=CC=C53,2,10.1007/s11243-013-9724-6,,A549,,48,19.50
CC1=CC(C2=CC(C)=CC=N2)=NC=C1,CC1=CC(C2=CC(C)=CC=N2)=NC=C1,NC1=CC2=NC3=C(N=C2C=C1N)C4=CC=CN=C4C5=NC=CC=C53,2,10.1007/s11243-013-9724-6,,BEL.7402,,48,72.9
CC1=CC(C2=CC(C)=CC=N2)=NC=C1,CC1=CC(C2=CC(C)=CC=N2)=NC=C1,NC1=CC2=NC3=C(N=C2C=C1N)C4=CC=CN=C4C5=NC=CC=C53,2,10.1007/s11243-013-9724-6,,MG63,,48,35.8
CC1=CC(C2=CC(C)=CC=N2)=NC=C1,CC1=CC(C2=CC(C)=CC=N2)=NC=C1,NC1=CC2=NC3=C(N=C2C=C1N)C4=CC=CN=C4C5=NC=CC=C53,2,10.1007/s11243-013-9724-6,,SKBR3,,48,61.1
C1(C2=NC=CC=C2)=NC=CC=C1,C1(C2=NC=CC=C2)=NC=CC=C1,NC1=CC2=NC3=C(N=C2C=C1N)C4=CC=CN=C4C5=NC=CC=C53,2,10.1007/s11243-013-9724-6,,A549,,48,14.60
C1(C2=NC=CC=C2)=NC=CC=C1,C1(C2=NC=CC=C2)=NC=CC=C1,NC1=CC2=NC3=C(N=C2C=C1N)C4=CC=CN=C4C5=NC=CC=C53,2,10.1007/s11243-013-9724-6,,BEL.7402,,48,12.40
C1(C2=NC=CC=C2)=NC=CC=C1,C1(C2=NC=CC=C2)=NC=CC=C1,NC1=CC2=NC3=C(N=C2C=C1N)C4=CC=CN=C4C5=NC=CC=C53,2,10.1007/s11243-013-9724-6,,MG63,,48,11.40
C1(C2=NC=CC=C2)=NC=CC=C1,C1(C2=NC=CC=C2)=NC=CC=C1,NC1=CC2=NC3=C(N=C2C=C1N)C4=CC=CN=C4C5=NC=CC=C53,2,10.1007/s11243-013-9724-6,,SKBR3,,48,10.40
C12=NC=CC=C1C=CC3=CC=CN=C23,C12=NC=CC=C1C=CC3=CC=CN=C23,NC1=CC2=NC3=C(N=C2C=C1N)C4=CC=CN=C4C5=NC=CC=C53,2,10.1007/s11243-013-9724-6,,A549,,48,11.80
C12=NC=CC=C1C=CC3=CC=CN=C23,C12=NC=CC=C1C=CC3=CC=CN=C23,NC1=CC2=NC3=C(N=C2C=C1N)C4=CC=CN=C4C5=NC=CC=C53,2,10.1007/s11243-013-9724-6,,BEL.7402,,48,11.30
C12=NC=CC=C1C=CC3=CC=CN=C23,C12=NC=CC=C1C=CC3=CC=CN=C23,NC1=CC2=NC3=C(N=C2C=C1N)C4=CC=CN=C4C5=NC=CC=C53,2,10.1007/s11243-013-9724-6,,MG63,,48,25.90
C12=NC=CC=C1C=CC3=CC=CN=C23,C12=NC=CC=C1C=CC3=CC=CN=C23,NC1=CC2=NC3=C(N=C2C=C1N)C4=CC=CN=C4C5=NC=CC=C53,2,10.1007/s11243-013-9724-6,,SKBR3,,48,18.30
C1(C2=NC=CC=C2)=CC=CC=N1,C1(C2=NC=CC=C2)=CC=CC=N1,[O-]C1=C(/C=N/C2=NC=CC=C2)C=CC=C1,2,10.1021/acs.inorgchem.1c03399,,A498,,,50.811
C1(C2=NC=CC=C2)=CC=CC=N1,C1(C2=NC=CC=C2)=CC=CC=N1,[O-]C1=C(/C=N/C2=NC=CC=C2)C=CC=C1,2,10.1021/acs.inorgchem.1c03399,,EVSTA-T,,,2.913
C1(C2=NC=CC=C2)=CC=CC=N1,C1(C2=NC=CC=C2)=CC=CC=N1,[O-]C1=C(/C=N/C2=NC=CC=C2)C=CC=C1,2,10.1021/acs.inorgchem.1c03399,,H226,,,32.400
C1(C2=NC=CC=C2)=CC=CC=N1,C1(C2=NC=CC=C2)=CC=CC=N1,[O-]C1=C(/C=N/C2=NC=CC=C2)C=CC=C1,2,10.1021/acs.inorgchem.1c03399,,IGROV,,,16.601
C1(C2=NC=CC=C2)=CC=CC=N1,C1(C2=NC=CC=C2)=CC=CC=N1,[O-]C1=C(/C=N/C2=NC=CC=C2)C=CC=C1,2,10.1021/acs.inorgchem.1c03399,,M19,,,10.020
C1(C2=NC=CC=C2)=CC=CC=N1,C1(C2=NC=CC=C2)=CC=CC=N1,[O-]C1=C(/C=N/C2=NC=CC=C2)C=CC=C1,2,10.1021/acs.inorgchem.1c03399,,MCF.7,,,10.905
C1(C2=NC=CC=C2)=CC=CC=N1,C1(C2=NC=CC=C2)=CC=CC=N1,[O-]C1=C(/C=N/C2=NC=CC=C2)C=CC=C1,2,10.1021/acs.inorgchem.1c03399,,WIDR,,,14.523
C1(C2=NC=CC=C2)=CC=CC=N1,C1(C2=NC=CC=C2)=CC=CC=N1,[O-]C1=C(/C=N/C2=NC(C)=CC=C2)C=CC=C1,2,10.1021/acs.inorgchem.1c03399,,A498,,,48.510
C1(C2=NC=CC=C2)=CC=CC=N1,C1(C2=NC=CC=C2)=CC=CC=N1,[O-]C1=C(/C=N/C2=NC(C)=CC=C2)C=CC=C1,2,10.1021/acs.inorgchem.1c03399,,EVSTA-T,,,2.514
C1(C2=NC=CC=C2)=CC=CC=N1,C1(C2=NC=CC=C2)=CC=CC=N1,[O-]C1=C(/C=N/C2=NC(C)=CC=C2)C=CC=C1,2,10.1021/acs.inorgchem.1c03399,,H226,,,19.913
C1(C2=NC=CC=C2)=CC=CC=N1,C1(C2=NC=CC=C2)=CC=CC=N1,[O-]C1=C(/C=N/C2=NC(C)=CC=C2)C=CC=C1,2,10.1021/acs.inorgchem.1c03399,,IGROV,,,8.699
C1(C2=NC=CC=C2)=CC=CC=N1,C1(C2=NC=CC=C2)=CC=CC=N1,[O-]C1=C(/C=N/C2=NC(C)=CC=C2)C=CC=C1,2,10.1021/acs.inorgchem.1c03399,,M19,,,5.599
C1(C2=NC=CC=C2)=CC=CC=N1,C1(C2=NC=CC=C2)=CC=CC=N1,[O-]C1=C(/C=N/C2=NC(C)=CC=C2)C=CC=C1,2,10.1021/acs.inorgchem.1c03399,,MCF.7,,,5.701
C1(C2=NC=CC=C2)=CC=CC=N1,C1(C2=NC=CC=C2)=CC=CC=N1,[O-]C1=C(/C=N/C2=NC(C)=CC=C2)C=CC=C1,2,10.1021/acs.inorgchem.1c03399,,WIDR,,,8.020
C1(C2=NC=CC=C2)=CC=CC=N1,C1(C2=NC=CC=C2)=CC=CC=N1,[O-]C1=C(/C=N/C2=NC(C)=CC(C)=C2)C=CC=C1,2,10.1021/acs.inorgchem.1c03399,,A498,,,42.520
C1(C2=NC=CC=C2)=CC=CC=N1,C1(C2=NC=CC=C2)=CC=CC=N1,[O-]C1=C(/C=N/C2=NC(C)=CC(C)=C2)C=CC=C1,2,10.1021/acs.inorgchem.1c03399,,EVSTA-T,,,1.810
C1(C2=NC=CC=C2)=CC=CC=N1,C1(C2=NC=CC=C2)=CC=CC=N1,[O-]C1=C(/C=N/C2=NC(C)=CC(C)=C2)C=CC=C1,2,10.1021/acs.inorgchem.1c03399,,H226,,,15.823
C1(C2=NC=CC=C2)=CC=CC=N1,C1(C2=NC=CC=C2)=CC=CC=N1,[O-]C1=C(/C=N/C2=NC(C)=CC(C)=C2)C=CC=C1,2,10.1021/acs.inorgchem.1c03399,,IGROV,,,7.0100
C1(C2=NC=CC=C2)=CC=CC=N1,C1(C2=NC=CC=C2)=CC=CC=N1,[O-]C1=C(/C=N/C2=NC(C)=CC(C)=C2)C=CC=C1,2,10.1021/acs.inorgchem.1c03399,,M19,,,4.110
C1(C2=NC=CC=C2)=CC=CC=N1,C1(C2=NC=CC=C2)=CC=CC=N1,[O-]C1=C(/C=N/C2=NC(C)=CC(C)=C2)C=CC=C1,2,10.1021/acs.inorgchem.1c03399,,MCF.7,,,4.412
C1(C2=NC=CC=C2)=CC=CC=N1,C1(C2=NC=CC=C2)=CC=CC=N1,[O-]C1=C(/C=N/C2=NC(C)=CC(C)=C2)C=CC=C1,2,10.1021/acs.inorgchem.1c03399,,WIDR,,,5.701
C1(C2=NC=CC=C2)=CC=CC=N1,C1(C2=NC=CC=C2)=CC=CC=N1,[O-]C([C@H](C)C1=CC=C(C=C(OC)C=C2)C2=C1)=O,1,10.1016/j.poly.2019.04.009,,MCF.7,,24,26.80
C1(C2=NC=CC=C2)=CC=CC=N1,C1(C2=NC=CC=C2)=CC=CC=N1,[O-]C([C@H](C)C1=CC=C(C=C(OC)C=C2)C2=C1)=O,1,10.1016/j.poly.2019.04.009,,PC-3,,24,20.42
C1(C2=NC=CC=C2C=C3)=C3C=CC=N1,C1(C2=NC=CC=C2C=C3)=C3C=CC=N1,[O-]C([C@H](C)C1=CC=C(C=C(OC)C=C2)C2=C1)=O,1,10.1016/j.poly.2019.04.009,,MCF.7,,24,23.0100
C1(C2=NC=CC=C2C=C3)=C3C=CC=N1,C1(C2=NC=CC=C2C=C3)=C3C=CC=N1,[O-]C([C@H](C)C1=CC=C(C=C(OC)C=C2)C2=C1)=O,1,10.1016/j.poly.2019.04.009,,PC-3,,24,17.38
O=C(C)[O-],C1(C2=CC=CC=N2)=[C-]C=CC=C1,P(C1=CC=CC=C1)(C2=CC=CC=C2)CCCCP(C3=CC=CC=C3)C4=CC=CC=C4,0,10.1039/D3CY00676J,,U87MG,,72,2.60
O=C(C)[O-],C1(C=C2)=CC=C[C-]=C1C3=C2C=CC=N3,P(C1=CC=CC=C1)(C2=CC=CC=C2)CCCCP(C3=CC=CC=C3)C4=CC=CC=C4,0,10.1039/D3CY00676J,,U87MG,,72,4.100
O=C(C)[O-],C1(N2C=CC=N2)=[C-]C=CC=C1,P(C1=CC=CC=C1)(C2=CC=CC=C2)CCCCP(C3=CC=CC=C3)C4=CC=CC=C4,0,10.1039/D3CY00676J,,U87MG,,72,1.400
O=C(C)[O-],C1(C2=NCCO2)=[C-]C=CC=C1,P(C1=CC=CC=C1)(C2=CC=CC=C2)CCCCP(C3=CC=CC=C3)C4=CC=CC=C4,0,10.1039/D3CY00676J,,U87MG,,72,1.70
CC1=CC=NC(C2=NC=CC(C)=C2)=C1,CC1=CC=NC(C2=NC=CC(C)=C2)=C1,CCN1C2=C(C=CC=C2)C(C1=C3)=CC=C3C4=NC5=C6C(N=CC=C6)=C7C(C=CC=N7)=C5N4,2,10.1080/15257770.2012.704110,,BEL.7402,,48,28.60
CC1=CC=NC(C2=NC=CC(C)=C2)=C1,CC1=CC=NC(C2=NC=CC(C)=C2)=C1,CCN1C2=C(C=CC=C2)C(C1=C3)=CC=C3C4=NC5=C6C(N=CC=C6)=C7C(C=CC=N7)=C5N4,2,10.1080/15257770.2012.704110,,MCF.7,,48,38.40
CC1=CC=NC(C2=NC=CC(C)=C2)=C1,CC1=CC=NC(C2=NC=CC(C)=C2)=C1,CCN1C2=C(C=CC=C2)C(C1=C3)=CC=C3C4=NC5=C6C(N=CC=C6)=C7C(C=CC=N7)=C5N4,2,10.1080/15257770.2012.704110,,HepG2,,48,34.80
CC1=CC=NC(C2=NC=CC(C)=C2)=C1,CC1=CC=NC(C2=NC=CC(C)=C2)=C1,CCN1C2=C(C=CC=C2)C(C1=C3)=CC=C3C4=NC5=C6C(N=CC=C6)=C7C(C=CC=N7)=C5N4,2,10.1080/15257770.2012.704110,,MG63,,48,46.4
CC1=NC2=C(N=C(C)C=C3)C3=CC=C2C=C1,CC1=NC2=C(N=C(C)C=C3)C3=CC=C2C=C1,CCN1C2=C(C=CC=C2)C(C1=C3)=CC=C3C4=NC5=C6C(N=CC=C6)=C7C(C=CC=N7)=C5N4,2,10.1080/15257770.2012.704110,,BEL.7402,,48,64.6
CC1=NC2=C(N=C(C)C=C3)C3=CC=C2C=C1,CC1=NC2=C(N=C(C)C=C3)C3=CC=C2C=C1,CCN1C2=C(C=CC=C2)C(C1=C3)=CC=C3C4=NC5=C6C(N=CC=C6)=C7C(C=CC=N7)=C5N4,2,10.1080/15257770.2012.704110,,MCF.7,,48,71.1
CC1=NC2=C(N=C(C)C=C3)C3=CC=C2C=C1,CC1=NC2=C(N=C(C)C=C3)C3=CC=C2C=C1,CCN1C2=C(C=CC=C2)C(C1=C3)=CC=C3C4=NC5=C6C(N=CC=C6)=C7C(C=CC=N7)=C5N4,2,10.1080/15257770.2012.704110,,HepG2,,48,57.1
CC1=NC2=C(N=C(C)C=C3)C3=CC=C2C=C1,CC1=NC2=C(N=C(C)C=C3)C3=CC=C2C=C1,CCN1C2=C(C=CC=C2)C(C1=C3)=CC=C3C4=NC5=C6C(N=CC=C6)=C7C(C=CC=N7)=C5N4,2,10.1080/15257770.2012.704110,,MG63,,48,68.4
C1(NC2=NC=CC=C2)=CC=CC=N1,C1(NC2=NC=CC=C2)=CC=CC=N1,C12=CC=C3C(N=CC=C3)=C1N=CC=C2,2,10.1039/B715077F,,ME180,,24,30.0
C1(NC2=NC=CC=C2)=CC=CC=N1,C1(NC2=NC=CC=C2)=CC=CC=N1,C12=CC=C3C(N=CC=C3)=C1N=CC=C2,2,10.1039/B715077F,,ME180,,48,10.0
C1(NC2=NC=CC=C2)=CC=CC=N1,C1(NC2=NC=CC=C2)=CC=CC=N1,CC1=C2C(N=CC=C2)=C(N=CC=C3)C3=C1C,2,10.1039/B715077F,,ME180,,24,15.0
C1(NC2=NC=CC=C2)=CC=CC=N1,C1(NC2=NC=CC=C2)=CC=CC=N1,CC1=C2C(N=CC=C2)=C(N=CC=C3)C3=C1C,2,10.1039/B715077F,,ME180,,48,10.0
C1(NC2=NC=CC=C2)=CC=CC=N1,C1(NC2=NC=CC=C2)=CC=CC=N1,C12=NC=CN=C1C3=C(N=CC=C3)C4=C2C=CC=N4,2,10.1039/B715077F,,ME180,,24,5.50
C1(NC2=NC=CC=C2)=CC=CC=N1,C1(NC2=NC=CC=C2)=CC=CC=N1,C12=NC=CN=C1C3=C(N=CC=C3)C4=C2C=CC=N4,2,10.1039/B715077F,,ME180,,48,4.250
C1(NC2=NC=CC=C2)=CC=CC=N1,C1(NC2=NC=CC=C2)=CC=CC=N1,CC1=CN=C2C(C3=C(C4=C2C=CC=N4)N=CC=C3)=N1,2,10.1039/B715077F,,ME180,,24,5.60
C1(NC2=NC=CC=C2)=CC=CC=N1,C1(NC2=NC=CC=C2)=CC=CC=N1,CC1=CN=C2C(C3=C(C4=C2C=CC=N4)N=CC=C3)=N1,2,10.1039/B715077F,,ME180,,48,4.80
C1(NC2=NC=CC=C2)=CC=CC=N1,C1(NC2=NC=CC=C2)=CC=CC=N1,C1(C=CC=C2)=C2N=C3C(C4=C(N=CC=C4)C5=C3C=CC=N5)=N1,2,10.1039/B715077F,,ME180,,24,2.50
C1(NC2=NC=CC=C2)=CC=CC=N1,C1(NC2=NC=CC=C2)=CC=CC=N1,C1(C=CC=C2)=C2N=C3C(C4=C(N=CC=C4)C5=C3C=CC=N5)=N1,2,10.1039/B715077F,,ME180,,48,2.50
P(C1=CC=CC=C1)(C2=CC=CC=C2)CCCCP(C3=CC=CC=C3)C4=CC=CC=C4,P(C1=NC=CC=C1)(C2=CC=CC=C2)C3=CC=CC=C3,SC1=NCCS1,1,10.1021/acs.inorgchem.0c01835,1.34,A549,,48,0.23
P(C1=CC=CC=C1)(C2=CC=CC=C2)CCCCP(C3=CC=CC=C3)C4=CC=CC=C4,P(C1=NC=CC=C1)(C2=CC=CC=C2)C3=CC=CC=C3,SC1=NCCS1,1,10.1021/acs.inorgchem.0c01835,1.34,MRC-5,,48,0.99
P(C1=CC=CC=C1)(C2=CC=CC=C2)CCCCP(C3=CC=CC=C3)C4=CC=CC=C4,P(C1=NC=CC=C1)(C2=CC=CC=C2)C3=CC=CC=C3,SC1=NCCS1,1,10.1021/acs.inorgchem.0c01835,1.34,MDA-MB-231,,48,0.17
P(C1=CC=CC=C1)(C2=CC=CC=C2)CCCCP(C3=CC=CC=C3)C4=CC=CC=C4,P(C1=NC=CC=C1)(C2=CC=CC=C2)C3=CC=CC=C3,SC1=NCCS1,1,10.1021/acs.inorgchem.0c01835,1.34,MCF.10.A,,48,0.30
P(C1=CC=CC=C1)(C2=CC=CC=C2)CCCCP(C3=CC=CC=C3)C4=CC=CC=C4,P(C1=NC=CC=C1)(C2=CC=CC=C2)C3=CC=CC=C3,SC1=NC=CC=N1,1,10.1021/acs.inorgchem.0c01835,1.14,A549,,48,0.12
P(C1=CC=CC=C1)(C2=CC=CC=C2)CCCCP(C3=CC=CC=C3)C4=CC=CC=C4,P(C1=NC=CC=C1)(C2=CC=CC=C2)C3=CC=CC=C3,SC1=NC=CC=N1,1,10.1021/acs.inorgchem.0c01835,1.14,MRC-5,,48,0.88
P(C1=CC=CC=C1)(C2=CC=CC=C2)CCCCP(C3=CC=CC=C3)C4=CC=CC=C4,P(C1=NC=CC=C1)(C2=CC=CC=C2)C3=CC=CC=C3,SC1=NC=CC=N1,1,10.1021/acs.inorgchem.0c01835,1.14,MDA-MB-231,,48,0.14
P(C1=CC=CC=C1)(C2=CC=CC=C2)CCCCP(C3=CC=CC=C3)C4=CC=CC=C4,P(C1=NC=CC=C1)(C2=CC=CC=C2)C3=CC=CC=C3,SC1=NC=CC=N1,1,10.1021/acs.inorgchem.0c01835,1.14,MCF.10.A,,48,0.42
P(C1=CC=CC=C1)(C2=CC=CC=C2)CCCCP(C3=CC=CC=C3)C4=CC=CC=C4,P(C1=NC=CC=C1)(C2=CC=CC=C2)C3=CC=CC=C3,SC1=NC(N)=CC(N)=N1,1,10.1021/acs.inorgchem.0c01835,0.88,A549,,48,1.78
P(C1=CC=CC=C1)(C2=CC=CC=C2)CCCCP(C3=CC=CC=C3)C4=CC=CC=C4,P(C1=NC=CC=C1)(C2=CC=CC=C2)C3=CC=CC=C3,SC1=NC(N)=CC(N)=N1,1,10.1021/acs.inorgchem.0c01835,0.88,MRC-5,,48,3.73
P(C1=CC=CC=C1)(C2=CC=CC=C2)CCCCP(C3=CC=CC=C3)C4=CC=CC=C4,P(C1=NC=CC=C1)(C2=CC=CC=C2)C3=CC=CC=C3,SC1=NC(N)=CC(N)=N1,1,10.1021/acs.inorgchem.0c01835,0.88,MDA-MB-231,,48,0.36
P(C1=CC=CC=C1)(C2=CC=CC=C2)CCCCP(C3=CC=CC=C3)C4=CC=CC=C4,P(C1=NC=CC=C1)(C2=CC=CC=C2)C3=CC=CC=C3,SC1=NC(N)=CC(N)=N1,1,10.1021/acs.inorgchem.0c01835,0.88,MCF.10.A,,48,0.58
CC1=NC2=C(N=C(C)C=C3)C3=CC=C2C=C1,CC1=NC2=C(N=C(C)C=C3)C3=CC=C2C=C1,NC(C=CC=C1)=C1C2=NC3=C4C(N=CC=C4)=C5C(C=CC=N5)=C3N2,2,10.1080/00958972.2011.619533,,BEL.7402,,72,>100
CC1=NC2=C(N=C(C)C=C3)C3=CC=C2C=C1,CC1=NC2=C(N=C(C)C=C3)C3=CC=C2C=C1,NC(C=CC=C1)=C1C2=NC3=C4C(N=CC=C4)=C5C(C=CC=N5)=C3N2,2,10.1080/00958972.2011.619533,,HepG2,,72,>100
CC1=NC2=C(N=C(C)C=C3)C3=CC=C2C=C1,CC1=NC2=C(N=C(C)C=C3)C3=CC=C2C=C1,NC(C=CC=C1)=C1C2=NC3=C4C(N=CC=C4)=C5C(C=CC=N5)=C3N2,2,10.1080/00958972.2011.619533,,MCF.7,,72,>100
CC1=NC2=C(N=C(C)C=C3)C3=CC=C2C=C1,CC1=NC2=C(N=C(C)C=C3)C3=CC=C2C=C1,NC1=CC=C(O)C(C2=NC3=C4C(N=CC=C4)=C5C(C=CC=N5)=C3N2)=C1,2,10.1080/00958972.2011.619533,,BEL.7402,,72,44.16
CC1=NC2=C(N=C(C)C=C3)C3=CC=C2C=C1,CC1=NC2=C(N=C(C)C=C3)C3=CC=C2C=C1,NC1=CC=C(O)C(C2=NC3=C4C(N=CC=C4)=C5C(C=CC=N5)=C3N2)=C1,2,10.1080/00958972.2011.619533,,HepG2,,72,66.35
CC1=NC2=C(N=C(C)C=C3)C3=CC=C2C=C1,CC1=NC2=C(N=C(C)C=C3)C3=CC=C2C=C1,NC1=CC=C(O)C(C2=NC3=C4C(N=CC=C4)=C5C(C=CC=N5)=C3N2)=C1,2,10.1080/00958972.2011.619533,,MCF.7,,72,37.96
CC1=CC=NC(C2=NC=CC(C)=C2)=C1,CC1=CC=NC(C2=NC=CC(C)=C2)=C1,NC(C=CC=C1)=C1C2=NC3=C4C(N=CC=C4)=C5C(C=CC=N5)=C3N2,2,10.1089/dna.2010.1170,,BEL.7402,,48,110.15
CC1=CC=NC(C2=NC=CC(C)=C2)=C1,CC1=CC=NC(C2=NC=CC(C)=C2)=C1,NC(C=CC=C1)=C1C2=NC3=C4C(N=CC=C4)=C5C(C=CC=N5)=C3N2,2,10.1089/dna.2010.1170,,HepG2,,48,130.40
CC1=CC=NC(C2=NC=CC(C)=C2)=C1,CC1=CC=NC(C2=NC=CC(C)=C2)=C1,NC(C=CC=C1)=C1C2=NC3=C4C(N=CC=C4)=C5C(C=CC=N5)=C3N2,2,10.1089/dna.2010.1170,,MCF.7,,48,95.05
CC1=CC=NC(C2=NC=CC(C)=C2)=C1,CC1=CC=NC(C2=NC=CC(C)=C2)=C1,NC1=CC=C(O)C(C2=NC3=C4C(N=CC=C4)=C5C(C=CC=N5)=C3N2)=C1,2,10.1089/dna.2010.1170,,BEL.7402,,48,86.87
CC1=CC=NC(C2=NC=CC(C)=C2)=C1,CC1=CC=NC(C2=NC=CC(C)=C2)=C1,NC1=CC=C(O)C(C2=NC3=C4C(N=CC=C4)=C5C(C=CC=N5)=C3N2)=C1,2,10.1089/dna.2010.1170,,HepG2,,48,79.18
CC1=CC=NC(C2=NC=CC(C)=C2)=C1,CC1=CC=NC(C2=NC=CC(C)=C2)=C1,NC1=CC=C(O)C(C2=NC3=C4C(N=CC=C4)=C5C(C=CC=N5)=C3N2)=C1,2,10.1089/dna.2010.1170,,MCF.7,,48,59.91
P(C1=CC=CC=C1)(C2=CC=CC=C2)CCCCP(C3=CC=CC=C3)C4=CC=CC=C4,C1(C2=NC=CC=C2)=CC=CC=N1,O=C(/N=C([S-])/N(C)C)C1=CC=CC=C1,1,10.1016/j.poly.2017.01.002,,L929,,48,0.57
P(C1=CC=CC=C1)(C2=CC=CC=C2)CCCCP(C3=CC=CC=C3)C4=CC=CC=C4,C1(C2=NC=CC=C2)=CC=CC=N1,O=C(/N=C([S-])/N(C)C)C1=CC=CC=C1,1,10.1016/j.poly.2017.01.002,,MCF.7,,48,>0.10
P(C1=CC=CC=C1)(C2=CC=CC=C2)CCCCP(C3=CC=CC=C3)C4=CC=CC=C4,C1(C2=NC=CC=C2)=CC=CC=N1,O=C(/N=C([S-])/N(C)C)C1=CC=CC=C1,1,10.1016/j.poly.2017.01.002,,Du145,,48,0.75
P(C1=CC=CC=C1)(C2=CC=CC=C2)CCCCP(C3=CC=CC=C3)C4=CC=CC=C4,C1(C2=NC=CC=C2)=CC=CC=N1,O=C(/N=C([S-])/N(CC)CC)C1=CC=CC=C1,1,10.1016/j.poly.2017.01.002,,L929,,48,1.65
P(C1=CC=CC=C1)(C2=CC=CC=C2)CCCCP(C3=CC=CC=C3)C4=CC=CC=C4,C1(C2=NC=CC=C2)=CC=CC=N1,O=C(/N=C([S-])/N(CC)CC)C1=CC=CC=C1,1,10.1016/j.poly.2017.01.002,,MCF.7,,48,>0.10
P(C1=CC=CC=C1)(C2=CC=CC=C2)CCCCP(C3=CC=CC=C3)C4=CC=CC=C4,C1(C2=NC=CC=C2)=CC=CC=N1,O=C(/N=C([S-])/N(CC)CC)C1=CC=CC=C1,1,10.1016/j.poly.2017.01.002,,Du145,,48,1.75
P(C1=CC=CC=C1)(C2=CC=CC=C2)CCCCP(C3=CC=CC=C3)C4=CC=CC=C4,C1(C2=NC=CC=C2)=CC=CC=N1,O=C(/N=C([S-])/N(C1=CC=CC=C1)C2=CC=CC=C2)C3=CC=CC=C3,1,10.1016/j.poly.2017.01.002,,L929,,48,1.22
P(C1=CC=CC=C1)(C2=CC=CC=C2)CCCCP(C3=CC=CC=C3)C4=CC=CC=C4,C1(C2=NC=CC=C2)=CC=CC=N1,O=C(/N=C([S-])/N(C1=CC=CC=C1)C2=CC=CC=C2)C3=CC=CC=C3,1,10.1016/j.poly.2017.01.002,,MCF.7,,48,>0.10
P(C1=CC=CC=C1)(C2=CC=CC=C2)CCCCP(C3=CC=CC=C3)C4=CC=CC=C4,C1(C2=NC=CC=C2)=CC=CC=N1,O=C(/N=C([S-])/N(C1=CC=CC=C1)C2=CC=CC=C2)C3=CC=CC=C3,1,10.1016/j.poly.2017.01.002,,Du145,,48,0.31
P(C1=CC=CC=C1)(C2=CC=CC=C2)CCCCP(C3=CC=CC=C3)C4=CC=CC=C4,C1(C2=NC=CC=C2)=CC=CC=N1,O=C(/N=C([S-])/N(CC1=CC=CC=C1)CC2=CC=CC=C2)C3=CC=CC=C3,1,10.1016/j.poly.2017.01.002,,L929,,48,0.52
P(C1=CC=CC=C1)(C2=CC=CC=C2)CCCCP(C3=CC=CC=C3)C4=CC=CC=C4,C1(C2=NC=CC=C2)=CC=CC=N1,O=C(/N=C([S-])/N(CC1=CC=CC=C1)CC2=CC=CC=C2)C3=CC=CC=C3,1,10.1016/j.poly.2017.01.002,,MCF.7,,48,8.90
P(C1=CC=CC=C1)(C2=CC=CC=C2)CCCCP(C3=CC=CC=C3)C4=CC=CC=C4,C1(C2=NC=CC=C2)=CC=CC=N1,O=C(/N=C([S-])/N(CC1=CC=CC=C1)CC2=CC=CC=C2)C3=CC=CC=C3,1,10.1016/j.poly.2017.01.002,,Du145,,48,0.42
P(C1=CC=CC=C1)(C2=CC=CC=C2)CCCCP(C3=CC=CC=C3)C4=CC=CC=C4,C1(C2=NC=CC=C2)=CC=CC=N1,O=C(C1=CC=CO1)/N=C(N(C2=CC=CC=C2)C3=CC=CC=C3)\[S-],1,10.1016/j.poly.2017.01.002,,L929,,48,0.66
P(C1=CC=CC=C1)(C2=CC=CC=C2)CCCCP(C3=CC=CC=C3)C4=CC=CC=C4,C1(C2=NC=CC=C2)=CC=CC=N1,O=C(C1=CC=CO1)/N=C(N(C2=CC=CC=C2)C3=CC=CC=C3)\[S-],1,10.1016/j.poly.2017.01.002,,MCF.7,,48,12.21
P(C1=CC=CC=C1)(C2=CC=CC=C2)CCCCP(C3=CC=CC=C3)C4=CC=CC=C4,C1(C2=NC=CC=C2)=CC=CC=N1,O=C(C1=CC=CO1)/N=C(N(C2=CC=CC=C2)C3=CC=CC=C3)\[S-],1,10.1016/j.poly.2017.01.002,,Du145,,48,0.14
P(C1=CC=CC=C1)(C2=CC=CC=C2)CP(C3=CC=CC=C3)C4=CC=CC=C4,P(C1=CC=CC=C1)(C2=CC=CC=C2)CP(C3=CC=CC=C3)C4=CC=CC=C4,[S-]C1=NN=C(C2=CC=CC=C2)C(C3=CC=CC=C3)=N1,1,10.1039/D3DT00750B,,MRC-5,,24,5.55
P(C1=CC=CC=C1)(C2=CC=CC=C2)CP(C3=CC=CC=C3)C4=CC=CC=C4,P(C1=CC=CC=C1)(C2=CC=CC=C2)CP(C3=CC=CC=C3)C4=CC=CC=C4,[S-]C1=NN=C(C2=CC=CC=C2)C(C3=CC=CC=C3)=N1,1,10.1039/D3DT00750B,,A549,,24,3.84
P(C1=CC=CC=C1)(C2=CC=CC=C2)CP(C3=CC=CC=C3)C4=CC=CC=C4,P(C1=CC=CC=C1)(C2=CC=CC=C2)CP(C3=CC=CC=C3)C4=CC=CC=C4,[O-]C1=NN=C(C2=CC=CC=C2)C(C3=CC=CC=C3)=N1,1,10.1039/D3DT00750B,,MRC-5,,24,4.040
P(C1=CC=CC=C1)(C2=CC=CC=C2)CP(C3=CC=CC=C3)C4=CC=CC=C4,P(C1=CC=CC=C1)(C2=CC=CC=C2)CP(C3=CC=CC=C3)C4=CC=CC=C4,[O-]C1=NN=C(C2=CC=CC=C2)C(C3=CC=CC=C3)=N1,1,10.1039/D3DT00750B,,A549,,24,2.44
P(C1=CC=CC=C1)(CCP(C2=CC=CC=C2)C3=CC=CC=C3)C4=CC=CC=C4,P(C1=CC=CC=C1)(CCP(C2=CC=CC=C2)C3=CC=CC=C3)C4=CC=CC=C4,[S-]C1=NN=C(C2=CC=CC=C2)C(C3=CC=CC=C3)=N1,1,10.1039/D3DT00750B,,MRC-5,,24,10.62
P(C1=CC=CC=C1)(CCP(C2=CC=CC=C2)C3=CC=CC=C3)C4=CC=CC=C4,P(C1=CC=CC=C1)(CCP(C2=CC=CC=C2)C3=CC=CC=C3)C4=CC=CC=C4,[S-]C1=NN=C(C2=CC=CC=C2)C(C3=CC=CC=C3)=N1,1,10.1039/D3DT00750B,,A549,,24,3.030
P(C1=CC=CC=C1)(CCP(C2=CC=CC=C2)C3=CC=CC=C3)C4=CC=CC=C4,P(C1=CC=CC=C1)(CCP(C2=CC=CC=C2)C3=CC=CC=C3)C4=CC=CC=C4,[O-]C1=NN=C(C2=CC=CC=C2)C(C3=CC=CC=C3)=N1,1,10.1039/D3DT00750B,,MRC-5,,24,5.41
P(C1=CC=CC=C1)(CCP(C2=CC=CC=C2)C3=CC=CC=C3)C4=CC=CC=C4,P(C1=CC=CC=C1)(CCP(C2=CC=CC=C2)C3=CC=CC=C3)C4=CC=CC=C4,[O-]C1=NN=C(C2=CC=CC=C2)C(C3=CC=CC=C3)=N1,1,10.1039/D3DT00750B,,A549,,24,2.79
CC1=CC(C2=CC(C)=CC=N2)=NC=C1,CC1=CC(C2=CC(C)=CC=N2)=NC=C1,O=[N+](C(C=C1[N+]([O-])=O)=CC=C1C(N2)=NC3=C2C4=C(C5=C3C=CC=N5)N=CC=C4)[O-],2,10.1080/00958972.2012.713945,,BEL.7402,nucleus,72,59.5
CC1=CC(C2=CC(C)=CC=N2)=NC=C1,CC1=CC(C2=CC(C)=CC=N2)=NC=C1,O=[N+](C(C=C1[N+]([O-])=O)=CC=C1C(N2)=NC3=C2C4=C(C5=C3C=CC=N5)N=CC=C4)[O-],2,10.1080/00958972.2012.713945,,HepG2,nucleus,72,51.3
CC1=CC(C2=CC(C)=CC=N2)=NC=C1,CC1=CC(C2=CC(C)=CC=N2)=NC=C1,O=[N+](C(C=C1[N+]([O-])=O)=CC=C1C(N2)=NC3=C2C4=C(C5=C3C=CC=N5)N=CC=C4)[O-],2,10.1080/00958972.2012.713945,,MCF.7,nucleus,72,70.3
CC1=CC(C2=CC(C)=CC=N2)=NC=C1,CC1=CC(C2=CC(C)=CC=N2)=NC=C1,NC(C=C1N)=CC=C1C(N2)=NC3=C2C4=C(C5=C3C=CC=N5)N=CC=C4,2,10.1080/00958972.2012.713945,,BEL.7402,nucleus,72,>100
CC1=CC(C2=CC(C)=CC=N2)=NC=C1,CC1=CC(C2=CC(C)=CC=N2)=NC=C1,NC(C=C1N)=CC=C1C(N2)=NC3=C2C4=C(C5=C3C=CC=N5)N=CC=C4,2,10.1080/00958972.2012.713945,,HepG2,nucleus,72,87.9
CC1=CC(C2=CC(C)=CC=N2)=NC=C1,CC1=CC(C2=CC(C)=CC=N2)=NC=C1,NC(C=C1N)=CC=C1C(N2)=NC3=C2C4=C(C5=C3C=CC=N5)N=CC=C4,2,10.1080/00958972.2012.713945,,MCF.7,nucleus,72,77.9
[S-]C1=NCCS1,P(C1=CC=CC=C1)(C2=CC=CC=C2)CCP(C3=CC=CC=C3)C4=CC=CC=C4,P(C1=CC=CC=C1)(C2=CC=CC=C2)CCP(C3=CC=CC=C3)C4=CC=CC=C4,1,10.1007/s00775-023-02036-8,,HaCat,,24,22.0
[S-]C1=NCCS1,P(C1=CC=CC=C1)(C2=CC=CC=C2)CCP(C3=CC=CC=C3)C4=CC=CC=C4,P(C1=CC=CC=C1)(C2=CC=CC=C2)CCP(C3=CC=CC=C3)C4=CC=CC=C4,1,10.1007/s00775-023-02036-8,,A375,,24,8.60
[S-]C1=NCCS1,P(C1=CC=CC=C1)(C2=CC=CC=C2)CCP(C3=CC=CC=C3)C4=CC=CC=C4,P(C1=CC=CC=C1)(C2=CC=CC=C2)CCP(C3=CC=CC=C3)C4=CC=CC=C4,1,10.1007/s00775-023-02036-8,,B16-F10,,24,2.40
C1(C2=NC=CC=C2C=C3)=C3C=CC=N1,C1(C2=NC=CC=C2C=C3)=C3C=CC=N1,O=C(NC1=C/2C=CC=C1)C2=N\C3=CC=C(F)C=C3,1,10.31788/RJC.2019.1225184,,CEM,,,26.0
C1(C2=NC=CC=C2)=CC=CC=N1,C1(C2=NC=CC=C2)=CC=CC=N1,C1(C2=NC=CC=C2)=CC=CC=N1,2,10.1016/j.jinorgbio.2016.07.014,,AGS,,48,>200
C1(C2=NC=CC=C2)=CC=CC=N1,C1(C2=NC=CC=C2)=CC=CC=N1,C1(C2=NC=CC=C2)=CC=CC=N1,2,10.1016/j.jinorgbio.2016.07.014,,KATOIII,,48,>200
C1(C2=NC=CC=C2)=CC=CC=N1,C1(C2=NC=CC=C2)=CC=CC=N1,C1(C2=NC=CC=C2)=CC=CC=N1,2,10.1016/j.jinorgbio.2016.07.014,,HCT116,,48,>200
C1(C2=NC=CC=C2)=CC=CC=N1,C1(C2=NC=CC=C2)=CC=CC=N1,C1(C2=NC=CC=C2)=CC=CC=N1,2,10.1016/j.jinorgbio.2016.07.014,,SW480,,48,>200
C1(C2=NC=CC=C2)=CC=CC=N1,C1(C2=NC=CC=C2)=CC=CC=N1,C1(C2=[C-]C=CC=C2)=CC=CC=N1,1,10.1016/j.jinorgbio.2016.07.014,,AGS,,48,1.40
C1(C2=NC=CC=C2)=CC=CC=N1,C1(C2=NC=CC=C2)=CC=CC=N1,C1(C2=[C-]C=CC=C2)=CC=CC=N1,1,10.1016/j.jinorgbio.2016.07.014,,KATOIII,,48,0.7
C1(C2=NC=CC=C2)=CC=CC=N1,C1(C2=NC=CC=C2)=CC=CC=N1,C1(C2=[C-]C=CC=C2)=CC=CC=N1,1,10.1016/j.jinorgbio.2016.07.014,,HCT116,,48,1.60
C1(C2=NC=CC=C2)=CC=CC=N1,C1(C2=NC=CC=C2)=CC=CC=N1,C1(C2=[C-]C=CC=C2)=CC=CC=N1,1,10.1016/j.jinorgbio.2016.07.014,,SW480,,48,1.300
C12=CC=C3C(N=CC=C3)=C1N=CC=C2,C12=CC=C3C(N=CC=C3)=C1N=CC=C2,CC1=CC=NC(C2=NC=CC(C)=C2)=C1,2,10.1002/cmdc.201100053,,L1210,,48,>200
C12=CC=C3C(N=CC=C3)=C1N=CC=C2,C12=CC=C3C(N=CC=C3)=C1N=CC=C2,CC1=CC(C2=CC(CCCCCCCC3=CC(C4=CC(C)=CC=N4)=NC=C3)=CC=N2)=NC=C1,2,10.1002/cmdc.201100053,,L1210,,48,83.0
C1(C2=NC=CC=C2)=CC=CC=N1,C1(C2=NC=CC=C2)=CC=CC=N1,C1(C2=NC(C=CC=C3)=C3S2)=CC=NC(C4=NC=CC(C5=NC(C=CC=C6)=C6S5)=C4)=C1,2,10.1007/s00775-007-0232-z,,MCF.7,,96,1.0
C1(C2=NC=CC=C2)=CC=CC=N1,C1(C2=NC=CC=C2)=CC=CC=N1,C1(C2=NC(C=CC=C3)=C3S2)=CC=NC(C4=NC=CC(C5=NC(C=CC=C6)=C6S5)=C4)=C1,2,10.1007/s00775-007-0232-z,,MDA-MB-468,,96,5.0
C1(C2=NC=CC=C2)=CC=CC=N1,C1(C2=NC=CC=C2)=CC=CC=N1,C1(C2=NC(C=CC=C3)=C3S2)=CC=NC(C4=NC=CC(C5=NC(C=CC=C6)=C6S5)=C4)=C1,2,10.1007/s00775-007-0232-z,,RKO,,96,5.0
C1(C2=NC=CC=C2)=CC=CC=N1,C1(C2=NC=CC=C2)=CC=CC=N1,C1(C2=NC(C=CC=C3)=C3S2)=CC=NC(C4=NC=CC(C5=NC(C=CC=C6)=C6S5)=C4)=C1,2,10.1007/s00775-007-0232-z,,HT-29,,96,3.0
C1(C2=NC=CC=C2)=CC=CC=N1,C1(C2=NC=CC=C2)=CC=CC=N1,C1(C2=NC(C=CC=C3)=C3S2)=CC=NC(C4=NC=CC(C5=NC(C=CC=C6)=C6S5)=C4)=C1,2,10.1007/s00775-007-0232-z,,SK-MEL,,96,5.0
C1(C2=NC=CC=C2)=CC=CC=N1,C1(C2=NC=CC=C2)=CC=CC=N1,C1(C2=NC(C=CC=C3)=C3S2)=CC=NC(C4=NC=C(C5=NC(C=CC=C6)=C6S5)C=C4)=C1,2,10.1007/s00775-007-0232-z,,MCF.7,,96,10.0
C1(C2=NC=CC=C2)=CC=CC=N1,C1(C2=NC=CC=C2)=CC=CC=N1,C1(C2=NC(C=CC=C3)=C3S2)=CC=NC(C4=NC=C(C5=NC(C=CC=C6)=C6S5)C=C4)=C1,2,10.1007/s00775-007-0232-z,,MDA-MB-468,,96,5.0
C1(C2=NC=CC=C2)=CC=CC=N1,C1(C2=NC=CC=C2)=CC=CC=N1,C1(C2=NC(C=CC=C3)=C3S2)=CC=NC(C4=NC=C(C5=NC(C=CC=C6)=C6S5)C=C4)=C1,2,10.1007/s00775-007-0232-z,,RKO,,96,6.0
C1(C2=NC=CC=C2)=CC=CC=N1,C1(C2=NC=CC=C2)=CC=CC=N1,C1(C2=NC(C=CC=C3)=C3S2)=CC=NC(C4=NC=C(C5=NC(C=CC=C6)=C6S5)C=C4)=C1,2,10.1007/s00775-007-0232-z,,HT-29,,96,4.0
C1(C2=NC=CC=C2)=CC=CC=N1,C1(C2=NC=CC=C2)=CC=CC=N1,C1(C2=NC(C=CC=C3)=C3S2)=CC=NC(C4=NC=C(C5=NC(C=CC=C6)=C6S5)C=C4)=C1,2,10.1007/s00775-007-0232-z,,SK-MEL,,96,10.0
C1(C2=NC=CC=C2)=CC=CC=N1,C1(C2=NC=CC=C2)=CC=CC=N1,C1(C2=NC(C=CC=C3)=C3S2)=CC=C(C4=NC=C(C5=NC(C=CC=C6)=C6S5)C=C4)N=C1,2,10.1007/s00775-007-0232-z,,MCF.7,,96,10.0
C1(C2=NC=CC=C2)=CC=CC=N1,C1(C2=NC=CC=C2)=CC=CC=N1,C1(C2=NC(C=CC=C3)=C3S2)=CC=C(C4=NC=C(C5=NC(C=CC=C6)=C6S5)C=C4)N=C1,2,10.1007/s00775-007-0232-z,,MDA-MB-468,,96,4.0
C1(C2=NC=CC=C2)=CC=CC=N1,C1(C2=NC=CC=C2)=CC=CC=N1,C1(C2=NC(C=CC=C3)=C3S2)=CC=C(C4=NC=C(C5=NC(C=CC=C6)=C6S5)C=C4)N=C1,2,10.1007/s00775-007-0232-z,,RKO,,96,5.0
C1(C2=NC=CC=C2)=CC=CC=N1,C1(C2=NC=CC=C2)=CC=CC=N1,C1(C2=NC(C=CC=C3)=C3S2)=CC=C(C4=NC=C(C5=NC(C=CC=C6)=C6S5)C=C4)N=C1,2,10.1007/s00775-007-0232-z,,HT-29,,96,2.0
C1(C2=NC=CC=C2)=CC=CC=N1,C1(C2=NC=CC=C2)=CC=CC=N1,C1(C2=NC(C=CC=C3)=C3S2)=CC=C(C4=NC=C(C5=NC(C=CC=C6)=C6S5)C=C4)N=C1,2,10.1007/s00775-007-0232-z,,SK-MEL,,96,6.0
[S-]C1=NC=CC=N1,C1(C2=NC=CC=C2)=CC=CC=N1,P(C1=CC=CC=C1)(C2=CC=CC=C2)CCP(C3=CC=CC=C3)C4=CC=CC=C4,1,10.5935/0103-5053.20150237,,MDA-MB-231,,24,0.53
[S-]C1=NC=CC=N1,C1(C2=NC=CC=C2)=CC=CC=N1,P(C1=CC=CC=C1)(C2=CC=CC=C2)CCP(C3=CC=CC=C3)C4=CC=CC=C4,1,10.5935/0103-5053.20150237,,L929,,24,60.3
[S-]C1=NC=CC=N1,C1(C2=NC=CC=C2)=CC=CC=N1,P(C1=CC=CC=C1)(C2=CC=CC=C2)CCCP(C3=CC=CC=C3)C4=CC=CC=C4,1,10.5935/0103-5053.20150237,,MDA-MB-231,,24,0.35
[S-]C1=NC=CC=N1,C1(C2=NC=CC=C2)=CC=CC=N1,P(C1=CC=CC=C1)(C2=CC=CC=C2)CCCP(C3=CC=CC=C3)C4=CC=CC=C4,1,10.5935/0103-5053.20150237,,L929,,24,45.0
C1(C2=NC=CC=C2)=CC=CC=N1,[S-]C1=NCCS1,P(C1=CC=CC=C1)(C2=CC=CC=C2)CCCCP(C3=CC=CC=C3)C4=CC=CC=C4,1,10.1016/j.jinorgbio.2015.12.024,,MCF.7,,48,0.3
C1(C2=NC=CC=C2)=CC=CC=N1,[S-]C1=NCCS1,P(C1=CC=CC=C1)(C2=CC=CC=C2)CCCCP(C3=CC=CC=C3)C4=CC=CC=C4,1,10.1016/j.jinorgbio.2015.12.024,,Du145,,48,1.100
C12=CC=C3C(N=CC=C3)=C1N=CC=C2,C12=CC=C3C(N=CC=C3)=C1N=CC=C2,O=C1N(/N=C/C2=CC=C([N+]([O-])=O)C=C2)C(C3=CC=CC=C3)=NC4=CC=CC=C41,2,10.1080/00958972.2012.663082,,L1210,,48,1.100
C12=CC=C3C(N=CC=C3)=C1N=CC=C2,C12=CC=C3C(N=CC=C3)=C1N=CC=C2,O=C1N(/N=C/C2=CC=C([N+]([O-])=O)C=C2)C(C3=CC=CC=C3)=NC4=CC=CC=C41,2,10.1080/00958972.2012.663082,,Molt-4-C8,,72,0.98
C12=CC=C3C(N=CC=C3)=C1N=CC=C2,C12=CC=C3C(N=CC=C3)=C1N=CC=C2,O=C1N(/N=C/C2=CC=C([N+]([O-])=O)C=C2)C(C3=CC=CC=C3)=NC4=CC=CC=C41,2,10.1080/00958972.2012.663082,,CEM,,72,0.67
C1(C2=NC=CC=C2)=CC=CC=N1,C1(C2=NC=CC=C2)=CC=CC=N1,O=C1N(/N=C/C2=CC=C([N+]([O-])=O)C=C2)C(C3=CC=CC=C3)=NC4=CC=CC=C41,2,10.1080/00958972.2012.663082,,L1210,,48,0.92
C1(C2=NC=CC=C2)=CC=CC=N1,C1(C2=NC=CC=C2)=CC=CC=N1,O=C1N(/N=C/C2=CC=C([N+]([O-])=O)C=C2)C(C3=CC=CC=C3)=NC4=CC=CC=C41,2,10.1080/00958972.2012.663082,,Molt-4-C8,,72,1.60
C1(C2=NC=CC=C2)=CC=CC=N1,C1(C2=NC=CC=C2)=CC=CC=N1,O=C1N(/N=C/C2=CC=C([N+]([O-])=O)C=C2)C(C3=CC=CC=C3)=NC4=CC=CC=C41,2,10.1080/00958972.2012.663082,,CEM,,72,0.82
C12=CC=C3C(N=CC=C3)=C1N=CC=C2,C12=CC=C3C(N=CC=C3)=C1N=CC=C2,O=C1N(/N=C/C2=CC=C(C)C=C2)C(C3=CC=CC=C3)=NC4=CC=CC=C41,2,10.1080/00958972.2012.663082,,L1210,,48,1.90
C12=CC=C3C(N=CC=C3)=C1N=CC=C2,C12=CC=C3C(N=CC=C3)=C1N=CC=C2,O=C1N(/N=C/C2=CC=C(C)C=C2)C(C3=CC=CC=C3)=NC4=CC=CC=C41,2,10.1080/00958972.2012.663082,,Molt-4-C8,,72,1.200
C12=CC=C3C(N=CC=C3)=C1N=CC=C2,C12=CC=C3C(N=CC=C3)=C1N=CC=C2,O=C1N(/N=C/C2=CC=C(C)C=C2)C(C3=CC=CC=C3)=NC4=CC=CC=C41,2,10.1080/00958972.2012.663082,,CEM,,72,1.200
C1(C2=NC=CC=C2)=CC=CC=N1,C1(C2=NC=CC=C2)=CC=CC=N1,O=C1N(/N=C/C2=CC=C(C)C=C2)C(C3=CC=CC=C3)=NC4=CC=CC=C41,2,10.1080/00958972.2012.663082,,L1210,,48,0.88
C1(C2=NC=CC=C2)=CC=CC=N1,C1(C2=NC=CC=C2)=CC=CC=N1,O=C1N(/N=C/C2=CC=C(C)C=C2)C(C3=CC=CC=C3)=NC4=CC=CC=C41,2,10.1080/00958972.2012.663082,,Molt-4-C8,,72,0.84
C1(C2=NC=CC=C2)=CC=CC=N1,C1(C2=NC=CC=C2)=CC=CC=N1,O=C1N(/N=C/C2=CC=C(C)C=C2)C(C3=CC=CC=C3)=NC4=CC=CC=C41,2,10.1080/00958972.2012.663082,,CEM,,72,0.49
C12=CC=C3C(N=CC=C3)=C1N=CC=C2,C12=CC=C3C(N=CC=C3)=C1N=CC=C2,O=C1N(/N=C/C2=CC=C(OC)C(OC)=C2)C(C3=CC=CC=C3)=NC4=CC=CC=C41,2,10.1080/00958972.2012.663082,,L1210,,48,2.300
C12=CC=C3C(N=CC=C3)=C1N=CC=C2,C12=CC=C3C(N=CC=C3)=C1N=CC=C2,O=C1N(/N=C/C2=CC=C(OC)C(OC)=C2)C(C3=CC=CC=C3)=NC4=CC=CC=C41,2,10.1080/00958972.2012.663082,,Molt-4-C8,,72,1.40
C12=CC=C3C(N=CC=C3)=C1N=CC=C2,C12=CC=C3C(N=CC=C3)=C1N=CC=C2,O=C1N(/N=C/C2=CC=C(OC)C(OC)=C2)C(C3=CC=CC=C3)=NC4=CC=CC=C41,2,10.1080/00958972.2012.663082,,CEM,,72,1.100
C1(C2=NC=CC=C2)=CC=CC=N1,C1(C2=NC=CC=C2)=CC=CC=N1,O=C1N(/N=C/C2=CC=C(OC)C(OC)=C2)C(C3=CC=CC=C3)=NC4=CC=CC=C41,2,10.1080/00958972.2012.663082,,L1210,,48,1.50
C1(C2=NC=CC=C2)=CC=CC=N1,C1(C2=NC=CC=C2)=CC=CC=N1,O=C1N(/N=C/C2=CC=C(OC)C(OC)=C2)C(C3=CC=CC=C3)=NC4=CC=CC=C41,2,10.1080/00958972.2012.663082,,Molt-4-C8,,72,0.95
C1(C2=NC=CC=C2)=CC=CC=N1,C1(C2=NC=CC=C2)=CC=CC=N1,O=C1N(/N=C/C2=CC=C(OC)C(OC)=C2)C(C3=CC=CC=C3)=NC4=CC=CC=C41,2,10.1080/00958972.2012.663082,,CEM,,72,0.84
C12=CC=C3C(N=CC=C3)=C1N=CC=C2,C12=CC=C3C(N=CC=C3)=C1N=CC=C2,O=C1N(/N=C/C2=CC=C(O)C(OC)=C2)C(C3=CC=CC=C3)=NC4=CC=CC=C41,2,10.1080/00958972.2012.663082,,L1210,,48,0.42
C12=CC=C3C(N=CC=C3)=C1N=CC=C2,C12=CC=C3C(N=CC=C3)=C1N=CC=C2,O=C1N(/N=C/C2=CC=C(O)C(OC)=C2)C(C3=CC=CC=C3)=NC4=CC=CC=C41,2,10.1080/00958972.2012.663082,,Molt-4-C8,,72,0.29
C12=CC=C3C(N=CC=C3)=C1N=CC=C2,C12=CC=C3C(N=CC=C3)=C1N=CC=C2,O=C1N(/N=C/C2=CC=C(O)C(OC)=C2)C(C3=CC=CC=C3)=NC4=CC=CC=C41,2,10.1080/00958972.2012.663082,,CEM,,72,0.22
C1(C2=NC=CC=C2)=CC=CC=N1,C1(C2=NC=CC=C2)=CC=CC=N1,O=C1N(/N=C/C2=CC=C(O)C(OC)=C2)C(C3=CC=CC=C3)=NC4=CC=CC=C41,2,10.1080/00958972.2012.663082,,L1210,,48,0.89
C1(C2=NC=CC=C2)=CC=CC=N1,C1(C2=NC=CC=C2)=CC=CC=N1,O=C1N(/N=C/C2=CC=C(O)C(OC)=C2)C(C3=CC=CC=C3)=NC4=CC=CC=C41,2,10.1080/00958972.2012.663082,,Molt-4-C8,,72,0.38
C1(C2=NC=CC=C2)=CC=CC=N1,C1(C2=NC=CC=C2)=CC=CC=N1,O=C1N(/N=C/C2=CC=C(O)C(OC)=C2)C(C3=CC=CC=C3)=NC4=CC=CC=C41,2,10.1080/00958972.2012.663082,,CEM,,72,0.28
C12=CC=C3C(N=CC=C3)=C1N=CC=C2,C12=CC=C3C(N=CC=C3)=C1N=CC=C2,O=C1N(/N=C/C2=CC=C(O)C=C2)C(C3=CC=CC=C3)=NC4=CC=CC=C41,2,10.1080/00958972.2012.663082,,L1210,,48,2.50
C12=CC=C3C(N=CC=C3)=C1N=CC=C2,C12=CC=C3C(N=CC=C3)=C1N=CC=C2,O=C1N(/N=C/C2=CC=C(O)C=C2)C(C3=CC=CC=C3)=NC4=CC=CC=C41,2,10.1080/00958972.2012.663082,,Molt-4-C8,,72,1.300
C12=CC=C3C(N=CC=C3)=C1N=CC=C2,C12=CC=C3C(N=CC=C3)=C1N=CC=C2,O=C1N(/N=C/C2=CC=C(O)C=C2)C(C3=CC=CC=C3)=NC4=CC=CC=C41,2,10.1080/00958972.2012.663082,,CEM,,72,1.100
C1(C2=NC=CC=C2)=CC=CC=N1,C1(C2=NC=CC=C2)=CC=CC=N1,O=C1N(/N=C/C2=CC=C(O)C=C2)C(C3=CC=CC=C3)=NC4=CC=CC=C41,2,10.1080/00958972.2012.663082,,L1210,,48,0.54
C1(C2=NC=CC=C2)=CC=CC=N1,C1(C2=NC=CC=C2)=CC=CC=N1,O=C1N(/N=C/C2=CC=C(O)C=C2)C(C3=CC=CC=C3)=NC4=CC=CC=C41,2,10.1080/00958972.2012.663082,,Molt-4-C8,,72,0.42
C1(C2=NC=CC=C2)=CC=CC=N1,C1(C2=NC=CC=C2)=CC=CC=N1,O=C1N(/N=C/C2=CC=C(O)C=C2)C(C3=CC=CC=C3)=NC4=CC=CC=C41,2,10.1080/00958972.2012.663082,,CEM,,72,0.33
C12=CC=C3C(N=CC=C3)=C1N=CC=C2,C12=CC=C3C(N=CC=C3)=C1N=CC=C2,O=C1N(/N=C/C2=CC=C(N(C)C)C=C2)C(C3=CC=CC=C3)=NC4=CC=CC=C41,2,10.1080/00958972.2012.663082,,L1210,,48,3.40
C12=CC=C3C(N=CC=C3)=C1N=CC=C2,C12=CC=C3C(N=CC=C3)=C1N=CC=C2,O=C1N(/N=C/C2=CC=C(N(C)C)C=C2)C(C3=CC=CC=C3)=NC4=CC=CC=C41,2,10.1080/00958972.2012.663082,,Molt-4-C8,,72,2.200
C12=CC=C3C(N=CC=C3)=C1N=CC=C2,C12=CC=C3C(N=CC=C3)=C1N=CC=C2,O=C1N(/N=C/C2=CC=C(N(C)C)C=C2)C(C3=CC=CC=C3)=NC4=CC=CC=C41,2,10.1080/00958972.2012.663082,,CEM,,72,2.100
C1(C2=NC=CC=C2)=CC=CC=N1,C1(C2=NC=CC=C2)=CC=CC=N1,O=C1N(/N=C/C2=CC=C(N(C)C)C=C2)C(C3=CC=CC=C3)=NC4=CC=CC=C41,2,10.1080/00958972.2012.663082,,L1210,,48,1.80
C1(C2=NC=CC=C2)=CC=CC=N1,C1(C2=NC=CC=C2)=CC=CC=N1,O=C1N(/N=C/C2=CC=C(N(C)C)C=C2)C(C3=CC=CC=C3)=NC4=CC=CC=C41,2,10.1080/00958972.2012.663082,,Molt-4-C8,,72,1.40
C1(C2=NC=CC=C2)=CC=CC=N1,C1(C2=NC=CC=C2)=CC=CC=N1,O=C1N(/N=C/C2=CC=C(N(C)C)C=C2)C(C3=CC=CC=C3)=NC4=CC=CC=C41,2,10.1080/00958972.2012.663082,,CEM,,72,1.0
C12=CC=C3C(N=CC=C3)=C1N=CC=C2,C12=CC=C3C(N=CC=C3)=C1N=CC=C2,NC(N/N=C/C1=CC=C([N+]([O-])=O)C=C1)=S,2,10.1080/00958972.2012.663082,,L1210,,48,0.58
C12=CC=C3C(N=CC=C3)=C1N=CC=C2,C12=CC=C3C(N=CC=C3)=C1N=CC=C2,NC(N/N=C/C1=CC=C([N+]([O-])=O)C=C1)=S,2,10.1080/00958972.2012.663082,,Molt-4-C8,,72,0.63
C12=CC=C3C(N=CC=C3)=C1N=CC=C2,C12=CC=C3C(N=CC=C3)=C1N=CC=C2,NC(N/N=C/C1=CC=C([N+]([O-])=O)C=C1)=S,2,10.1080/00958972.2012.663082,,CEM,,72,0.46
C1(C2=NC=CC=C2)=CC=CC=N1,C1(C2=NC=CC=C2)=CC=CC=N1,NC(N/N=C/C1=CC=C([N+]([O-])=O)C=C1)=S,2,10.1080/00958972.2012.663082,,L1210,,48,0.82
C1(C2=NC=CC=C2)=CC=CC=N1,C1(C2=NC=CC=C2)=CC=CC=N1,NC(N/N=C/C1=CC=C([N+]([O-])=O)C=C1)=S,2,10.1080/00958972.2012.663082,,Molt-4-C8,,72,0.94
C1(C2=NC=CC=C2)=CC=CC=N1,C1(C2=NC=CC=C2)=CC=CC=N1,NC(N/N=C/C1=CC=C([N+]([O-])=O)C=C1)=S,2,10.1080/00958972.2012.663082,,CEM,,72,0.78
C12=CC=C3C(N=CC=C3)=C1N=CC=C2,C12=CC=C3C(N=CC=C3)=C1N=CC=C2,NC(N/N=C/C1=CC(OC)=C(OC)C(OC)=C1)=S,2,10.1080/00958972.2012.663082,,L1210,,48,0.47
C12=CC=C3C(N=CC=C3)=C1N=CC=C2,C12=CC=C3C(N=CC=C3)=C1N=CC=C2,NC(N/N=C/C1=CC(OC)=C(OC)C(OC)=C1)=S,2,10.1080/00958972.2012.663082,,Molt-4-C8,,72,0.52
C12=CC=C3C(N=CC=C3)=C1N=CC=C2,C12=CC=C3C(N=CC=C3)=C1N=CC=C2,NC(N/N=C/C1=CC(OC)=C(OC)C(OC)=C1)=S,2,10.1080/00958972.2012.663082,,CEM,,72,0.36
C1(C2=NC=CC=C2)=CC=CC=N1,C1(C2=NC=CC=C2)=CC=CC=N1,NC(N/N=C/C1=CC(OC)=C(OC)C(OC)=C1)=S,2,10.1080/00958972.2012.663082,,L1210,,48,0.79
C1(C2=NC=CC=C2)=CC=CC=N1,C1(C2=NC=CC=C2)=CC=CC=N1,NC(N/N=C/C1=CC(OC)=C(OC)C(OC)=C1)=S,2,10.1080/00958972.2012.663082,,Molt-4-C8,,72,0.82
C1(C2=NC=CC=C2)=CC=CC=N1,C1(C2=NC=CC=C2)=CC=CC=N1,NC(N/N=C/C1=CC(OC)=C(OC)C(OC)=C1)=S,2,10.1080/00958972.2012.663082,,CEM,,72,0.48
CC1=CC=NC(C2=NC=CC(C)=C2)=C1,CC1=CC=NC(C2=NC=CC(C)=C2)=C1,O=[N+](C(C=C1)=CC=C1C2=NC3=C4C(N=CC=C4)=C5C(C=CC=N5)=C3N2)[O-],2,10.1021/ic100277w,,A375,,48,37.2
CC1=CC=NC(C2=NC=CC(C)=C2)=C1,CC1=CC=NC(C2=NC=CC(C)=C2)=C1,O=[N+](C(C=C1)=CC=C1C2=NC3=C4C(N=CC=C4)=C5C(C=CC=N5)=C3N2)[O-],2,10.1021/ic100277w,,HepG2,,48,47.3
CC1=CC=NC(C2=NC=CC(C)=C2)=C1,CC1=CC=NC(C2=NC=CC(C)=C2)=C1,O=[N+](C(C=C1)=CC=C1C2=NC3=C4C(N=CC=C4)=C5C(C=CC=N5)=C3N2)[O-],2,10.1021/ic100277w,,SW620,,48,46.0
CC1=CC=NC(C2=NC=CC(C)=C2)=C1,CC1=CC=NC(C2=NC=CC(C)=C2)=C1,O=[N+](C(C=CC=C1)=C1C2=NC3=C4C(N=CC=C4)=C5C(C=CC=N5)=C3N2)[O-],2,10.1021/ic100277w,,A375,,48,78.3
CC1=CC=NC(C2=NC=CC(C)=C2)=C1,CC1=CC=NC(C2=NC=CC(C)=C2)=C1,O=[N+](C(C=CC=C1)=C1C2=NC3=C4C(N=CC=C4)=C5C(C=CC=N5)=C3N2)[O-],2,10.1021/ic100277w,,HepG2,,48,36.2
CC1=CC=NC(C2=NC=CC(C)=C2)=C1,CC1=CC=NC(C2=NC=CC(C)=C2)=C1,O=[N+](C(C=CC=C1)=C1C2=NC3=C4C(N=CC=C4)=C5C(C=CC=N5)=C3N2)[O-],2,10.1021/ic100277w,,SW620,,48,>200
CC1=CC=NC(C2=NC=CC(C)=C2)=C1,CC1=CC=NC(C2=NC=CC(C)=C2)=C1,O=[N+](C1=CC=CC(C2=NC3=C4C(N=CC=C4)=C5C(C=CC=N5)=C3N2)=C1)[O-],2,10.1021/ic100277w,,A375,,48,36.3
CC1=CC=NC(C2=NC=CC(C)=C2)=C1,CC1=CC=NC(C2=NC=CC(C)=C2)=C1,O=[N+](C1=CC=CC(C2=NC3=C4C(N=CC=C4)=C5C(C=CC=N5)=C3N2)=C1)[O-],2,10.1021/ic100277w,,HepG2,,48,35.4
CC1=CC=NC(C2=NC=CC(C)=C2)=C1,CC1=CC=NC(C2=NC=CC(C)=C2)=C1,O=[N+](C1=CC=CC(C2=NC3=C4C(N=CC=C4)=C5C(C=CC=N5)=C3N2)=C1)[O-],2,10.1021/ic100277w,,SW620,,48,27.30
C1(C2=NC=CC=C2)=CC=CC=N1,C1(C2=NC=CC=C2)=CC=CC=N1,O=[N+](C(C=C1)=CC=C1C2=NC3=C4C(N=CC=C4)=C5C(C=CC=N5)=C3N2)[O-],2,10.1021/ic100277w,,A375,,48,15.100
C1(C2=NC=CC=C2)=CC=CC=N1,C1(C2=NC=CC=C2)=CC=CC=N1,O=[N+](C(C=C1)=CC=C1C2=NC3=C4C(N=CC=C4)=C5C(C=CC=N5)=C3N2)[O-],2,10.1021/ic100277w,,HepG2,,48,10.50
C1(C2=NC=CC=C2)=CC=CC=N1,C1(C2=NC=CC=C2)=CC=CC=N1,O=[N+](C(C=C1)=CC=C1C2=NC3=C4C(N=CC=C4)=C5C(C=CC=N5)=C3N2)[O-],2,10.1021/ic100277w,,SW620,,48,>200
C1(C2=NC=CC=C2)=CC=CC=N1,C1(C2=NC=CC=C2)=CC=CC=N1,O=[N+](C(C=CC=C1)=C1C2=NC3=C4C(N=CC=C4)=C5C(C=CC=N5)=C3N2)[O-],2,10.1021/ic100277w,,A375,,48,67.8
C1(C2=NC=CC=C2)=CC=CC=N1,C1(C2=NC=CC=C2)=CC=CC=N1,O=[N+](C(C=CC=C1)=C1C2=NC3=C4C(N=CC=C4)=C5C(C=CC=N5)=C3N2)[O-],2,10.1021/ic100277w,,HepG2,,48,52.8
C1(C2=NC=CC=C2)=CC=CC=N1,C1(C2=NC=CC=C2)=CC=CC=N1,O=[N+](C(C=CC=C1)=C1C2=NC3=C4C(N=CC=C4)=C5C(C=CC=N5)=C3N2)[O-],2,10.1021/ic100277w,,SW620,,48,>200
C12=CC=C3C(N=CC=C3)=C1N=CC=C2,C12=CC=C3C(N=CC=C3)=C1N=CC=C2,O=[N+](C(C=C1)=CC=C1C2=NC3=C4C(N=CC=C4)=C5C(C=CC=N5)=C3N2)[O-],2,10.1021/ic100277w,,A375,,48,17.40
C12=CC=C3C(N=CC=C3)=C1N=CC=C2,C12=CC=C3C(N=CC=C3)=C1N=CC=C2,O=[N+](C(C=C1)=CC=C1C2=NC3=C4C(N=CC=C4)=C5C(C=CC=N5)=C3N2)[O-],2,10.1021/ic100277w,,HepG2,,48,10.50
C12=CC=C3C(N=CC=C3)=C1N=CC=C2,C12=CC=C3C(N=CC=C3)=C1N=CC=C2,O=[N+](C(C=C1)=CC=C1C2=NC3=C4C(N=CC=C4)=C5C(C=CC=N5)=C3N2)[O-],2,10.1021/ic100277w,,SW620,,48,37.10
C12=CC=C3C(N=CC=C3)=C1N=CC=C2,C12=CC=C3C(N=CC=C3)=C1N=CC=C2,COC(C=CC=C1)=C1C2=NC3=C4C(N=CC=C4)=C5C(C=CC=N5)=C3N2,2,10.1021/ic100277w,,A375,,48,19.50
C12=CC=C3C(N=CC=C3)=C1N=CC=C2,C12=CC=C3C(N=CC=C3)=C1N=CC=C2,COC(C=CC=C1)=C1C2=NC3=C4C(N=CC=C4)=C5C(C=CC=N5)=C3N2,2,10.1021/ic100277w,,HepG2,,48,14.50
C12=CC=C3C(N=CC=C3)=C1N=CC=C2,C12=CC=C3C(N=CC=C3)=C1N=CC=C2,COC(C=CC=C1)=C1C2=NC3=C4C(N=CC=C4)=C5C(C=CC=N5)=C3N2,2,10.1021/ic100277w,,SW620,,48,58.9
C12=CC=C3C(N=CC=C3)=C1N=CC=C2,C12=CC=C3C(N=CC=C3)=C1N=CC=C2,COC(C=C1)=CC=C1C2=NC3=C4C(N=CC=C4)=C5C(C=CC=N5)=C3N2,2,10.1021/ic100277w,,A375,,48,5.90
C12=CC=C3C(N=CC=C3)=C1N=CC=C2,C12=CC=C3C(N=CC=C3)=C1N=CC=C2,COC(C=C1)=CC=C1C2=NC3=C4C(N=CC=C4)=C5C(C=CC=N5)=C3N2,2,10.1021/ic100277w,,HepG2,,48,7.200
C12=CC=C3C(N=CC=C3)=C1N=CC=C2,C12=CC=C3C(N=CC=C3)=C1N=CC=C2,COC(C=C1)=CC=C1C2=NC3=C4C(N=CC=C4)=C5C(C=CC=N5)=C3N2,2,10.1021/ic100277w,,SW620,,48,13.60
C12=CC=C3C(N=CC=C3)=C1N=CC=C2,C12=CC=C3C(N=CC=C3)=C1N=CC=C2,COC(C=C1)=CC=C1C2=NC3=C4C(N=CC=C4)=C5C(C=CC=N5)=C3N2,2,10.1021/ic100277w,,H268,,48,33.3
C12=CC=C3C(N=CC=C3)=C1N=CC=C2,C12=CC=C3C(N=CC=C3)=C1N=CC=C2,COC(C=C1)=CC=C1C2=NC3=C4C(N=CC=C4)=C5C(C=CC=N5)=C3N2,2,10.1021/ic100277w,,HK2,,48,57.80
P(C1=CC=CC=C1)(C2=CC=CC=C2)CP(C3=CC=CC=C3)C4=CC=CC=C4,P(C1=CC=CC=C1)(C2=CC=CC=C2)CP(C3=CC=CC=C3)C4=CC=CC=C4,[O-]C(C1=NC2=CC=CC=C2C=C1)=O,1,10.1155/2017/2562780,,HepG2,,24,11.80
P(C1=CC=CC=C1)(C2=CC=CC=C2)CP(C3=CC=CC=C3)C4=CC=CC=C4,P(C1=CC=CC=C1)(C2=CC=CC=C2)CP(C3=CC=CC=C3)C4=CC=CC=C4,[O-]C(C1=NC2=CC=CC=C2C=C1)=O,1,10.1155/2017/2562780,,MCF.7,,24,14.20
P(C1=CC=CC=C1)(C2=CC=CC=C2)CP(C3=CC=CC=C3)C4=CC=CC=C4,P(C1=CC=CC=C1)(C2=CC=CC=C2)CP(C3=CC=CC=C3)C4=CC=CC=C4,[O-]C(C1=NC2=CC=CC=C2C=C1)=O,1,10.1155/2017/2562780,,MO59J,,24,13.0
P(C1=CC=CC=C1)(C2=CC=CC=C2)CP(C3=CC=CC=C3)C4=CC=CC=C4,P(C1=CC=CC=C1)(C2=CC=CC=C2)CP(C3=CC=CC=C3)C4=CC=CC=C4,[O-]C(C1=NC2=CC=CC=C2C=C1)=O,1,10.1155/2017/2562780,,GM07492A,,24,11.0
P(C1=CC=CC=C1)(C2=CC=CC=C2)CP(C3=CC=CC=C3)C4=CC=CC=C4,P(C1=CC=CC=C1)(C2=CC=CC=C2)CP(C3=CC=CC=C3)C4=CC=CC=C4,[O-]C(C1=NC2=CC=CC=C2C(O)=C1)=O,1,10.1155/2017/2562780,,HepG2,,24,31.0
P(C1=CC=CC=C1)(C2=CC=CC=C2)CP(C3=CC=CC=C3)C4=CC=CC=C4,P(C1=CC=CC=C1)(C2=CC=CC=C2)CP(C3=CC=CC=C3)C4=CC=CC=C4,[O-]C(C1=NC2=CC=CC=C2C(O)=C1)=O,1,10.1155/2017/2562780,,MCF.7,,24,162.0
P(C1=CC=CC=C1)(C2=CC=CC=C2)CP(C3=CC=CC=C3)C4=CC=CC=C4,P(C1=CC=CC=C1)(C2=CC=CC=C2)CP(C3=CC=CC=C3)C4=CC=CC=C4,[O-]C(C1=NC2=CC=CC=C2C(O)=C1)=O,1,10.1155/2017/2562780,,MO59J,,24,44.0
P(C1=CC=CC=C1)(C2=CC=CC=C2)CP(C3=CC=CC=C3)C4=CC=CC=C4,P(C1=CC=CC=C1)(C2=CC=CC=C2)CP(C3=CC=CC=C3)C4=CC=CC=C4,[O-]C(C1=NC2=CC=CC=C2C(O)=C1)=O,1,10.1155/2017/2562780,,GM07492A,,24,45.0
C1(C2=NC=CC=C2)=CC=CC=N1,C1(C2=NC=CC=C2)=CC=CC=N1,C1(C2=CC=CC=N2)=NN=C(C3=CC=CC=N3)N=N1,2,10.1039/C6DT03591D,,A2780,,72,17.0
C1(C2=NC=CC=C2)=CC=CC=N1,C1(C2=NC=CC=C2)=CC=CC=N1,C1(C2=CC=CC=N2)=NN=C(C3=CC=CC=N3)N=N1,2,10.1039/C6DT03591D,,MCF.7,,72,25.0
C1(C2=NC=CC=C2)=CC=CC=N1,C1(C2=NC=CC=C2)=CC=CC=N1,C1(C2=CC=CC=N2)=NN=C(C3=CC=CC=N3)N=N1,2,10.1039/C6DT03591D,,HCT116,,72,>100
C1(C2=NC=CC=C2)=CC=CC=N1,C1(C2=NC=CC=C2)=CC=CC=N1,CN(C)/N=C/C1=C(P(C2=CC=CC=C2)C3=CC=CC=C3)C=CC=C1,2,10.1039/C6DT03591D,,A2780,,72,23.0
C1(C2=NC=CC=C2)=CC=CC=N1,C1(C2=NC=CC=C2)=CC=CC=N1,CN(C)/N=C/C1=C(P(C2=CC=CC=C2)C3=CC=CC=C3)C=CC=C1,2,10.1039/C6DT03591D,,MCF.7,,72,29.0
C1(C2=NC=CC=C2)=CC=CC=N1,C1(C2=NC=CC=C2)=CC=CC=N1,CN(C)/N=C/C1=C(P(C2=CC=CC=C2)C3=CC=CC=C3)C=CC=C1,2,10.1039/C6DT03591D,,HCT116,,72,68.0
C1(C2=NC=CC=C2)=CC=CC=N1,C1(C2=NC=CC=C2)=CC=CC=N1,C=C(CP(C1=CC=CC=C1)C2=CC=CC=C2)CP(C3=CC=CC=C3)C4=CC=CC=C4,2,10.1039/C6DT03591D,,A2780,,72,7.0
C1(C2=NC=CC=C2)=CC=CC=N1,C1(C2=NC=CC=C2)=CC=CC=N1,C=C(CP(C1=CC=CC=C1)C2=CC=CC=C2)CP(C3=CC=CC=C3)C4=CC=CC=C4,2,10.1039/C6DT03591D,,MCF.7,,72,19.0
C1(C2=NC=CC=C2)=CC=CC=N1,C1(C2=NC=CC=C2)=CC=CC=N1,C=C(CP(C1=CC=CC=C1)C2=CC=CC=C2)CP(C3=CC=CC=C3)C4=CC=CC=C4,2,10.1039/C6DT03591D,,HCT116,,72,75.0
C12=CC=C3C(N=CC=C3)=C1N=CC=C2,C12=CC=C3C(N=CC=C3)=C1N=CC=C2,C12=CC=C3C(N=CC=C3)=C1N=CC=C2,2,10.1039/C9SC05671H,,MCF.7,,,86.7
C12=CC=C3C(N=CC=C3)=C1N=CC=C2,C12=CC=C3C(N=CC=C3)=C1N=CC=C2,C12=CC=C3C(N=CC=C3)=C1N=CC=C2,2,10.1039/C9SC05671H,,H358,,,>50
C12=CC=C3C(N=CC=C3)=C1N=CC=C2,C12=CC=C3C(N=CC=C3)=C1N=CC=C2,C12=CC=C3C(N=CC=C3)=C1N=CC=C2,2,10.1039/C9SC05671H,,MCF.10,,,>50
C12=CC=C3C(N=CC=C3)=C1N=CC=C2,C12=CC=C3C(N=CC=C3)=C1N=CC=C2,C12=CC=C3C(N=CC=C3)=C1N=CC=C2,2,10.1039/C9SC05671H,,HUVEC,,,92.0
C12=CC=C3C(N=CC=C3C4=CC=CC=C4)=C1N=CC=C2C5=CC=CC=C5,C12=CC=C3C(N=CC=C3C4=CC=CC=C4)=C1N=CC=C2C5=CC=CC=C5,C12=CC=C3C(N=CC=C3C4=CC=CC=C4)=C1N=CC=C2C5=CC=CC=C5,2,10.1039/C9SC05671H,,MCF.7,cytoskeleton,,1.70
C12=CC=C3C(N=CC=C3C4=CC=CC=C4)=C1N=CC=C2C5=CC=CC=C5,C12=CC=C3C(N=CC=C3C4=CC=CC=C4)=C1N=CC=C2C5=CC=CC=C5,C12=CC=C3C(N=CC=C3C4=CC=CC=C4)=C1N=CC=C2C5=CC=CC=C5,2,10.1039/C9SC05671H,,H358,cytoskeleton,,1.50
C12=CC=C3C(N=CC=C3C4=CC=CC=C4)=C1N=CC=C2C5=CC=CC=C5,C12=CC=C3C(N=CC=C3C4=CC=CC=C4)=C1N=CC=C2C5=CC=CC=C5,C12=CC=C3C(N=CC=C3C4=CC=CC=C4)=C1N=CC=C2C5=CC=CC=C5,2,10.1039/C9SC05671H,,MCF.10,cytoskeleton,,1.50
C12=CC=C3C(N=CC=C3C4=CC=CC=C4)=C1N=CC=C2C5=CC=CC=C5,C12=CC=C3C(N=CC=C3C4=CC=CC=C4)=C1N=CC=C2C5=CC=CC=C5,C12=CC=C3C(N=CC=C3C4=CC=CC=C4)=C1N=CC=C2C5=CC=CC=C5,2,10.1039/C9SC05671H,,HUVEC,cytoskeleton,,2.80
C1(C2=NC=CC=C2)=CC=CC=N1,C1(C2=NC=CC=C2)=CC=CC=N1,NC(C=C1)=CC=C1/N=N/C(C=C2)=CC=C2/N=C/C3=NC=CC=C3,2,10.1039/C4RA12715C,,AGS,,24,>100
C1(C2=NC=CC=C2)=CC=CC=N1,C1(C2=NC=CC=C2)=CC=CC=N1,NC(C=C1)=CC=C1/N=N/C(C=C2)=CC=C2/N=C/C3=NC=CC=C3,2,10.1039/C4RA12715C,,BGC82,,24,>100
C1(C2=NC=CC=C2)=CC=CC=N1,C1(C2=NC=CC=C2)=CC=CC=N1,NC(C=C1)=CC=C1/N=N/C(C=C2)=CC=C2/N=C/C3=NC=CC=C3,2,10.1039/C4RA12715C,,SGC-7901,,24,>100
C1(C2=NC=CC=C2)=CC=CC=N1,C1(C2=NC=CC=C2)=CC=CC=N1,NC(C=C1)=CC=C1/N=N/C(C=C2)=CC=C2/N=C/C3=NC=CC=C3,2,10.1039/C4RA12715C,,AGS,,48,27.91
C1(C2=NC=CC=C2)=CC=CC=N1,C1(C2=NC=CC=C2)=CC=CC=N1,NC(C=C1)=CC=C1/N=N/C(C=C2)=CC=C2/N=C/C3=NC=CC=C3,2,10.1039/C4RA12715C,,BGC82,,48,91.84
C1(C2=NC=CC=C2)=CC=CC=N1,C1(C2=NC=CC=C2)=CC=CC=N1,NC(C=C1)=CC=C1/N=N/C(C=C2)=CC=C2/N=C/C3=NC=CC=C3,2,10.1039/C4RA12715C,,SGC-7901,,48,87.78
C1(C2=NC=CC=C2)=CC=CC=N1,C1(C2=NC=CC=C2)=CC=CC=N1,NC(C=C1)=CC=C1/N=N/C(C=C2)=CC=C2/N=C/C3=NC=CC=C3,2,10.1039/C4RA12715C,,AGS,,72,9.82
C1(C2=NC=CC=C2)=CC=CC=N1,C1(C2=NC=CC=C2)=CC=CC=N1,NC(C=C1)=CC=C1/N=N/C(C=C2)=CC=C2/N=C/C3=NC=CC=C3,2,10.1039/C4RA12715C,,BGC82,,72,25.0100
C1(C2=NC=CC=C2)=CC=CC=N1,C1(C2=NC=CC=C2)=CC=CC=N1,NC(C=C1)=CC=C1/N=N/C(C=C2)=CC=C2/N=C/C3=NC=CC=C3,2,10.1039/C4RA12715C,,SGC-7901,,72,37.37
C1(C2=NC=CC=C2)=CC=CC=N1,C1(C2=NC=CC=C2)=CC=CC=N1,NC(C=C1)=CC=C1/N=N/C(C=C2)=CC=C2/N=C/C3=NC=CC=C3,2,10.1039/C4RA12715C,,AGS,,96,9.53
C1(C2=NC=CC=C2)=CC=CC=N1,C1(C2=NC=CC=C2)=CC=CC=N1,NC(C=C1)=CC=C1/N=N/C(C=C2)=CC=C2/N=C/C3=NC=CC=C3,2,10.1039/C4RA12715C,,BGC82,,96,19.43
C1(C2=NC=CC=C2)=CC=CC=N1,C1(C2=NC=CC=C2)=CC=CC=N1,NC(C=C1)=CC=C1/N=N/C(C=C2)=CC=C2/N=C/C3=NC=CC=C3,2,10.1039/C4RA12715C,,SGC-7901,,96,36.87
C1(C2=NC=CC=C2)=CC=CC=N1,C1(C2=NC=CC=C2)=CC=CC=N1,NC(C=C1)=CC=C1/N=N/C(C=C2)=CC=C2/N=C/C3=NC=CC=C3,2,10.1039/C4RA12715C,,AGS,,120,8.33
C1(C2=NC=CC=C2)=CC=CC=N1,C1(C2=NC=CC=C2)=CC=CC=N1,NC(C=C1)=CC=C1/N=N/C(C=C2)=CC=C2/N=C/C3=NC=CC=C3,2,10.1039/C4RA12715C,,BGC82,,120,14.74
C1(C2=NC=CC=C2)=CC=CC=N1,C1(C2=NC=CC=C2)=CC=CC=N1,NC(C=C1)=CC=C1/N=N/C(C=C2)=CC=C2/N=C/C3=NC=CC=C3,2,10.1039/C4RA12715C,,SGC-7901,,120,30.83
P(C1=CC=CC=C1)(C2=CC=CC=C2)CP(C3=CC=CC=C3)C4=CC=CC=C4,P(C1=CC=CC=C1)(C2=CC=CC=C2)CP(C3=CC=CC=C3)C4=CC=CC=C4,[S-]C1=NC=CC=N1,1,10.1039/C8DT03738H,,HaCat,,48,0.78
P(C1=CC=CC=C1)(C2=CC=CC=C2)CP(C3=CC=CC=C3)C4=CC=CC=C4,P(C1=CC=CC=C1)(C2=CC=CC=C2)CP(C3=CC=CC=C3)C4=CC=CC=C4,[S-]C1=NC=CC=N1,1,10.1039/C8DT03738H,,A549,,48,0.08
P(C1=CC=CC=C1)(C2=CC=CC=C2)CP(C3=CC=CC=C3)C4=CC=CC=C4,P(C1=CC=CC=C1)(C2=CC=CC=C2)CP(C3=CC=CC=C3)C4=CC=CC=C4,[S-]C1=NC=CC=N1,1,10.1039/C8DT03738H,,MD-MBA-231,,48,0.075
P(C1=CC=CC=C1)(C2=CC=CC=C2)CCP(C3=CC=CC=C3)C4=CC=CC=C4,P(C1=CC=CC=C1)(C2=CC=CC=C2)CCP(C3=CC=CC=C3)C4=CC=CC=C4,[S-]C1=NC=CC=N1,1,10.1039/C8DT03738H,,HaCat,,48,0.67
P(C1=CC=CC=C1)(C2=CC=CC=C2)CCP(C3=CC=CC=C3)C4=CC=CC=C4,P(C1=CC=CC=C1)(C2=CC=CC=C2)CCP(C3=CC=CC=C3)C4=CC=CC=C4,[S-]C1=NC=CC=N1,1,10.1039/C8DT03738H,,A549,,48,0.14
P(C1=CC=CC=C1)(C2=CC=CC=C2)CCP(C3=CC=CC=C3)C4=CC=CC=C4,P(C1=CC=CC=C1)(C2=CC=CC=C2)CCP(C3=CC=CC=C3)C4=CC=CC=C4,[S-]C1=NC=CC=N1,1,10.1039/C8DT03738H,,MD-MBA-231,,48,0.21
P(C1=CC=CC=C1)(C2=CC=CC=C2)CCCP(C3=CC=CC=C3)C4=CC=CC=C4,[S-]C1=NC=CC=N1,[S-]C1=NC=CC=N1,0,10.1039/C8DT03738H,,A549,,48,>6
P(C1=CC=CC=C1)(C2=CC=CC=C2)CCCP(C3=CC=CC=C3)C4=CC=CC=C4,[S-]C1=NC=CC=N1,[S-]C1=NC=CC=N1,0,10.1039/C8DT03738H,,MD-MBA-231,,48,>6
P(C1=CC=CC=C1)(C2=CC=CC=C2)CP(C3=CC=CC=C3)C4=CC=CC=C4,P(C1=CC=CC=C1)(C2=CC=CC=C2)CP(C3=CC=CC=C3)C4=CC=CC=C4,O=C([O-])C1=CC(O)=C(OC)C=C1,1,10.1038/s41598-020-72420-w,,A549,,24,3.80
P(C1=CC=CC=C1)(C2=CC=CC=C2)CP(C3=CC=CC=C3)C4=CC=CC=C4,P(C1=CC=CC=C1)(C2=CC=CC=C2)CP(C3=CC=CC=C3)C4=CC=CC=C4,O=C([O-])C1=CC(O)=C(OC)C=C1,1,10.1038/s41598-020-72420-w,,BEAS,,24,40.3
C1(C=CC=C2)=C2N=C(C3=NC(C=CC=C4)=C4C=C3)C=C1,C1(C=CC=C2)=C2N=C(C3=NC(C=CC=C4)=C4C=C3)C=C1,O=C(NCCCCCC(N[C@@](C(C)C)(C(N[C@@](CCC(N)=O)(C(N[C@@](CCCNC(N)=N)(C(N[C@@](CCCCN)(C(N[C@@](CCCNC(N)=N)(C(N[C@@](CCC(N)=O)(C(N[C@@](CCCCN)(C(N[C@@](CC(C)C)(C(N[C@@](CCSC)(C(N1[C@@](CCC1)(C(O)=O)[H])=O)[H])=O)[H])=O)[H])=O)[H])=O)[H])=O)[H])=O)[H])=O)[H])=O)[H])=O)C(C=C2)=CC=C2C3=NC(N=N3)C4=CC=CC=N4,5,10.1016/j.jinorgbio.2020.111032,,CHO,,24,15.0
C1(C=CC=C2)=C2N=C(C3=NC(C=CC=C4)=C4C=C3)C=C1,C1(C=CC=C2)=C2N=C(C3=NC(C=CC=C4)=C4C=C3)C=C1,O=C(NCCCCCC(N[C@@](C(C)C)(C(N[C@@](CCC(N)=O)(C(N[C@@](CCCNC(N)=N)(C(N[C@@](CCCCN)(C(N[C@@](CCCNC(N)=N)(C(N[C@@](CCC(N)=O)(C(N[C@@](CCCCN)(C(N[C@@](CC(C)C)(C(N[C@@](CCSC)(C(N1[C@@](CCC1)(C(O)=O)[H])=O)[H])=O)[H])=O)[H])=O)[H])=O)[H])=O)[H])=O)[H])=O)[H])=O)[H])=O)C(C=C2)=CC=C2C3=NC(N=N3)C4=CC=CC=N4,5,10.1016/j.jinorgbio.2020.111032,,HeLa,,24,1.0
C1(C=CC=C2)=C2N=C(C3=NC(C=CC=C4)=C4C=C3)C=C1,C1(C=CC=C2)=C2N=C(C3=NC(C=CC=C4)=C4C=C3)C=C1,O=C(NCCCCCC(N[C@@](Cc1ccccc1)(C(N[C@](CCCNC(N)=N)(C(N[C@@](Cc2ccccc2)(C(N[C@@](CCCCN)(C(N[C@@](Cc3ccccc3)(C(N[C@](CCCNC(N)=N)(C(N[C@@](Cc4ccccc4)(C(N[C@@](CCCCN)(C(N)=O)[H])=O)[H])=O)[H])=O)[H])=O)[H])=O)[H])=O)[H])=O)[H])=O)C(C=C5)=CC=C5C6=NC(N=N6)C7=CC=CC=N7,4,10.1016/j.jinorgbio.2020.111032,,CHO,,24,5.0
C1(C=CC=C2)=C2N=C(C3=NC(C=CC=C4)=C4C=C3)C=C1,C1(C=CC=C2)=C2N=C(C3=NC(C=CC=C4)=C4C=C3)C=C1,O=C(NCCCCCC(N[C@@](Cc1ccccc1)(C(N[C@](CCCNC(N)=N)(C(N[C@@](Cc2ccccc2)(C(N[C@@](CCCCN)(C(N[C@@](Cc3ccccc3)(C(N[C@](CCCNC(N)=N)(C(N[C@@](Cc4ccccc4)(C(N[C@@](CCCCN)(C(N)=O)[H])=O)[H])=O)[H])=O)[H])=O)[H])=O)[H])=O)[H])=O)[H])=O)C(C=C5)=CC=C5C6=NC(N=N6)C7=CC=CC=N7,4,10.1016/j.jinorgbio.2020.111032,,HeLa,,24,1.0
C1(C=CC=C2)=C2N=C(C3=NC(C=CC=C4)=C4C=C3)C=C1,C1(C=CC=C2)=C2N=C(C3=NC(C=CC=C4)=C4C=C3)C=C1,O=C(NCCCCCC(N[C@@](CCCNC(N)=N)(C(N[C@@](CCCNC(N)=N)(C(N[C@@](CCCNC(N)=N)(C(N[C@@](CCCNC(N)=N)(C(N[C@@](CCCNC(N)=N)(C(N[C@@](CCCNC(N)=N)(C(N[C@@](CCCNC(N)=N)(C(N[C@@](CCCNC(N)=N)(C(N)=O)[H])=O)[H])=O)[H])=O)[H])=O)[H])=O)[H])=O)[H])=O)[H])=O)C(C=C1)=CC=C1C2=NC(N=N2)C3=CC=CC=N3,9,10.1016/j.jinorgbio.2020.111032,,CHO,,24,1.0
C1(C=CC=C2)=C2N=C(C3=NC(C=CC=C4)=C4C=C3)C=C1,C1(C=CC=C2)=C2N=C(C3=NC(C=CC=C4)=C4C=C3)C=C1,O=C(NCCCCCC(N[C@@](CCCNC(N)=N)(C(N[C@@](CCCNC(N)=N)(C(N[C@@](CCCNC(N)=N)(C(N[C@@](CCCNC(N)=N)(C(N[C@@](CCCNC(N)=N)(C(N[C@@](CCCNC(N)=N)(C(N[C@@](CCCNC(N)=N)(C(N[C@@](CCCNC(N)=N)(C(N)=O)[H])=O)[H])=O)[H])=O)[H])=O)[H])=O)[H])=O)[H])=O)[H])=O)C(C=C1)=CC=C1C2=NC(N=N2)C3=CC=CC=N3,9,10.1016/j.jinorgbio.2020.111032,,HeLa,,24,5.0
C1(C=CC=C2)=C2N=C(C3=NC(C=CC=C4)=C4C=C3)C=C1,C1(C=CC=C2)=C2N=C(C3=NC(C=CC=C4)=C4C=C3)C=C1,O=C(NCCOCCOCCOCCOCCOCCOCCOCCOCCOCCOCCOCCOCCC)C(C=C1)=CC=C1C2=NC(N=N2)C3=CC=CC=N3,1,10.1016/j.jinorgbio.2020.111032,,CHO,,24,>150
C1(C=CC=C2)=C2N=C(C3=NC(C=CC=C4)=C4C=C3)C=C1,C1(C=CC=C2)=C2N=C(C3=NC(C=CC=C4)=C4C=C3)C=C1,O=C(NCCOCCOCCOCCOCCOCCOCCOCCOCCOCCOCCOCCOCCC)C(C=C1)=CC=C1C2=NC(N=N2)C3=CC=CC=N3,1,10.1016/j.jinorgbio.2020.111032,,HeLa,,24,>150
CC1=NC(C2=NC(C)=CC=C2)=CC=C1,CC1=NC(C2=NC(C)=CC=C2)=CC=C1,C12=C(C=CC=N3)C3=C(N=CC=C4)C4=C1N=C(C5=CC=C(C6=CC=C(C7=CC=C(C8=CC=CS8)S7)S6)S5)N2,2,10.1021/jacs.1c09010,,A549,,24,50.0
CC1=NC(C2=NC(C)=CC=C2)=CC=C1,CC1=NC(C2=NC(C)=CC=C2)=CC=C1,C12=C(C=CC=N3)C3=C(N=CC=C4)C4=C1N=C(C5=CC=C(C6=CC=C(C7=CC=C(C8=CC=CS8)S7)S6)S5)N2,2,10.1021/jacs.1c09010,,B16-F10,,24,54.0
CC1=NC(C2=NC(C)=CC=C2)=CC=C1,CC1=NC(C2=NC(C)=CC=C2)=CC=C1,C12=C(C=CC=N3)C3=C(N=CC=C4)C4=C1N=C(C5=CC=C(C6=CC=C(C7=CC=C(C8=CC=CS8)S7)S6)S5)N2,2,10.1021/jacs.1c09010,,MCF.7,,24,73.1
CC1=NC(C2=NC(C)=CC=C2)=CC=C1,CC1=NC(C2=NC(C)=CC=C2)=CC=C1,C12=C(C=CC=N3)C3=C(N=CC=C4)C4=C1N=C(C5=CC=C(C6=CC=C(C7=CC=C(C8=CC=CS8)S7)S6)S5)N2,2,10.1021/jacs.1c09010,,SK-MEL-28,,24,76.2
CC1=NC2=C(N=C(C)C=C3)C3=CC=C2C=C1,CC1=NC2=C(N=C(C)C=C3)C3=CC=C2C=C1,C12=C(C=CC=N3)C3=C(N=CC=C4)C4=C1N=C(C5=CC=C(C6=CC=C(C7=CC=C(C8=CC=CS8)S7)S6)S5)N2,2,10.1021/jacs.1c09010,,A549,,24,79.4
CC1=NC2=C(N=C(C)C=C3)C3=CC=C2C=C1,CC1=NC2=C(N=C(C)C=C3)C3=CC=C2C=C1,C12=C(C=CC=N3)C3=C(N=CC=C4)C4=C1N=C(C5=CC=C(C6=CC=C(C7=CC=C(C8=CC=CS8)S7)S6)S5)N2,2,10.1021/jacs.1c09010,,B16-F10,,24,78.3
CC1=NC2=C(N=C(C)C=C3)C3=CC=C2C=C1,CC1=NC2=C(N=C(C)C=C3)C3=CC=C2C=C1,C12=C(C=CC=N3)C3=C(N=CC=C4)C4=C1N=C(C5=CC=C(C6=CC=C(C7=CC=C(C8=CC=CS8)S7)S6)S5)N2,2,10.1021/jacs.1c09010,,MCF.7,,24,93.9
CC1=NC2=C(N=C(C)C=C3)C3=CC=C2C=C1,CC1=NC2=C(N=C(C)C=C3)C3=CC=C2C=C1,C12=C(C=CC=N3)C3=C(N=CC=C4)C4=C1N=C(C5=CC=C(C6=CC=C(C7=CC=C(C8=CC=CS8)S7)S6)S5)N2,2,10.1021/jacs.1c09010,,SK-MEL-28,,24,89.6
C12=CC=C3C(N=CC=C3)=C1N=CC=C2,C12=CC=C3C(N=CC=C3)=C1N=CC=C2,C1(C2=[C-]C=CC=C2)=CC=CC=N1,1,10.1016/j.bcp.2012.08.022,2.35,HCT116,,48,2.0
C12=CC=C3C(N=CC=C3)=C1N=CC=C2,C12=CC=C3C(N=CC=C3)=C1N=CC=C2,O=[N+](C1=CC(C2=CC=CC=N2)=[C-]C=C1)[O-],1,10.1016/j.bcp.2012.08.022,2.050,HCT116,,48,2.0
C12=CC=C3C(N=CC=C3)=C1N=CC=C2,C12=CC=C3C(N=CC=C3)=C1N=CC=C2,O=C(NCCCNCCCCNCCCN)C1=CC=C(C2=[C-]C=CC=C2)N=C1,1,10.1016/j.bcp.2012.08.022,>0,HCT116,,48,>16
C12=CC=C3C(N=CC=C3)=C1N=CC=C2,C12=CC=C3C(N=CC=C3)=C1N=CC=C2,NC1=CC(C2=CC=CC=N2)=[C-]C=C1,1,10.1016/j.bcp.2012.08.022,0.9,HCT116,,48,4.0
C1(C2=NC=CC=C2)=CC=CC=N1,C1(C2=NC=CC=C2)=CC=CC=N1,O=C(N(C1=CC=CC(C2=CC(C3=CC=CC=N3)=NC=C2)=C1)C4=O)C5=CC=C([N+]([O-])=O)C6=CC=CC4=C56,2,10.1021/acs.inorgchem.0c01395,,K562,,24,71.2
C1(C2=NC=CC=C2)=CC=CC=N1,C1(C2=NC=CC=C2)=CC=CC=N1,NC1=CC=C2C3=C(C=CC=C31)C(N(C4=CC=CC(C5=CC(C6=CC=CC=N6)=NC=C5)=C4)C2=O)=O,2,10.1021/acs.inorgchem.0c01395,,K562,,24,>100
C1(C2=NC=CC=C2)=CC=CC=N1,C1(C2=NC=CC=C2)=CC=CC=N1,O=C(N(C1=CC=C(C2=CC(C3=CC=CC=N3)=NC=C2)C=C1)C4=O)C5=CC=C([N+]([O-])=O)C6=CC=CC4=C56,2,10.1021/acs.inorgchem.0c01395,,K562,,24,>100
C1(C2=NC=CC=C2)=CC=CC=N1,C1(C2=NC=CC=C2)=CC=CC=N1,NC1=CC=C2C3=C(C=CC=C31)C(N(C4=CC=C(C5=CC(C6=CC=CC=N6)=NC=C5)C=C4)C2=O)=O,2,10.1021/acs.inorgchem.0c01395,,K562,,24,>100
O=C1NC2(N3)C(C=CC=N4)=C4C(N=CC=C5)=C5C2(N1)NC3=O,C1(C2=NC=CC=C2)=CC=CC=N1,C12=CC=C3C(N=CC=C3)=C1N=CC=C2,2,10.1016/j.jinorgbio.2019.110903,,HeLa,nucleus,24,>10
O=C1NC2(N3)C(C=CC=N4)=C4C(N=CC=C5)=C5C2(N1)NC3=O,C1(C2=NC=CC=C2)=CC=CC=N1,C12=CC=C3C(N=CC=C3)=C1N=CC=C2,2,10.1016/j.jinorgbio.2019.110903,,HL-60,nucleus,48,>10
O=C1NC2(N3)C(C=CC=N4)=C4C(N=CC=C5)=C5C2(N1)NC3=O,C1(C2=NC=CC=C2)=CC=CC=N1,C12=CC=C3C(N=CC=C3)=C1N=CC=C2,2,10.1016/j.jinorgbio.2019.110903,,HeLa,nucleus,72,>10
O=C1NC2(N3)C(C=CC=N4)=C4C(N=CC=C5)=C5C2(N1)NC3=O,C1(C2=NC=CC=C2)=CC=CC=N1,C12=CC=C3C(N=CC=C3)=C1N=CC=C2,2,10.1016/j.jinorgbio.2019.110903,,HL-60,nucleus,24,>10
O=C1NC2(N3)C(C=CC=N4)=C4C(N=CC=C5)=C5C2(N1)NC3=O,C1(C2=NC=CC=C2)=CC=CC=N1,C12=CC=C3C(N=CC=C3)=C1N=CC=C2,2,10.1016/j.jinorgbio.2019.110903,,HeLa,nucleus,48,>10
O=C1NC2(N3)C(C=CC=N4)=C4C(N=CC=C5)=C5C2(N1)NC3=O,C1(C2=NC=CC=C2)=CC=CC=N1,C12=CC=C3C(N=CC=C3)=C1N=CC=C2,2,10.1016/j.jinorgbio.2019.110903,,HL-60,nucleus,72,>10
O=C1NC2(N3)C(C=CC=N4)=C4C(N=CC=C5)=C5C2(N1)NC3=O,C1(C2=NC=CC=C2)=CC=CC=N1,C1(C2=NC=CC=C2C3=C4N=C5C(C=CC=C5)=N3)=C4C=CC=N1,2,10.1016/j.jinorgbio.2019.110903,,HeLa,nucleus,24,>10
O=C1NC2(N3)C(C=CC=N4)=C4C(N=CC=C5)=C5C2(N1)NC3=O,C1(C2=NC=CC=C2)=CC=CC=N1,C1(C2=NC=CC=C2C3=C4N=C5C(C=CC=C5)=N3)=C4C=CC=N1,2,10.1016/j.jinorgbio.2019.110903,,HL-60,nucleus,48,>10
O=C1NC2(N3)C(C=CC=N4)=C4C(N=CC=C5)=C5C2(N1)NC3=O,C1(C2=NC=CC=C2)=CC=CC=N1,C1(C2=NC=CC=C2C3=C4N=C5C(C=CC=C5)=N3)=C4C=CC=N1,2,10.1016/j.jinorgbio.2019.110903,,HeLa,nucleus,72,>10
O=C1NC2(N3)C(C=CC=N4)=C4C(N=CC=C5)=C5C2(N1)NC3=O,C1(C2=NC=CC=C2)=CC=CC=N1,C1(C2=NC=CC=C2C3=C4N=C5C(C=CC=C5)=N3)=C4C=CC=N1,2,10.1016/j.jinorgbio.2019.110903,,HL-60,nucleus,24,>10
O=C1NC2(N3)C(C=CC=N4)=C4C(N=CC=C5)=C5C2(N1)NC3=O,C1(C2=NC=CC=C2)=CC=CC=N1,C1(C2=NC=CC=C2C3=C4N=C5C(C=CC=C5)=N3)=C4C=CC=N1,2,10.1016/j.jinorgbio.2019.110903,,HeLa,nucleus,48,>10
O=C1NC2(N3)C(C=CC=N4)=C4C(N=CC=C5)=C5C2(N1)NC3=O,C1(C2=NC=CC=C2)=CC=CC=N1,C1(C2=NC=CC=C2C3=C4N=C5C(C=CC=C5)=N3)=C4C=CC=N1,2,10.1016/j.jinorgbio.2019.110903,,HL-60,nucleus,72,>10
O=C1NC2(N3)C(C=CC=N4)=C4C(N=CC=C5)=C5C2(N1)NC3=O,C12=CC=C3C(N=CC=C3)=C1N=CC=C2,C1(C2=NC=CC=C2C3=C4N=C5C(C=CC=C5)=N3)=C4C=CC=N1,2,10.1016/j.jinorgbio.2019.110903,,HeLa,nucleus,24,>10
O=C1NC2(N3)C(C=CC=N4)=C4C(N=CC=C5)=C5C2(N1)NC3=O,C12=CC=C3C(N=CC=C3)=C1N=CC=C2,C1(C2=NC=CC=C2C3=C4N=C5C(C=CC=C5)=N3)=C4C=CC=N1,2,10.1016/j.jinorgbio.2019.110903,,HL-60,nucleus,48,>10
O=C1NC2(N3)C(C=CC=N4)=C4C(N=CC=C5)=C5C2(N1)NC3=O,C12=CC=C3C(N=CC=C3)=C1N=CC=C2,C1(C2=NC=CC=C2C3=C4N=C5C(C=CC=C5)=N3)=C4C=CC=N1,2,10.1016/j.jinorgbio.2019.110903,,HeLa,nucleus,72,>10
O=C1NC2(N3)C(C=CC=N4)=C4C(N=CC=C5)=C5C2(N1)NC3=O,C12=CC=C3C(N=CC=C3)=C1N=CC=C2,C1(C2=NC=CC=C2C3=C4N=C5C(C=CC=C5)=N3)=C4C=CC=N1,2,10.1016/j.jinorgbio.2019.110903,,HL-60,nucleus,24,>10
O=C1NC2(N3)C(C=CC=N4)=C4C(N=CC=C5)=C5C2(N1)NC3=O,C12=CC=C3C(N=CC=C3)=C1N=CC=C2,C1(C2=NC=CC=C2C3=C4N=C5C(C=CC=C5)=N3)=C4C=CC=N1,2,10.1016/j.jinorgbio.2019.110903,,HeLa,nucleus,48,>10
O=C1NC2(N3)C(C=CC=N4)=C4C(N=CC=C5)=C5C2(N1)NC3=O,C12=CC=C3C(N=CC=C3)=C1N=CC=C2,C1(C2=NC=CC=C2C3=C4N=C5C(C=CC=C5)=N3)=C4C=CC=N1,2,10.1016/j.jinorgbio.2019.110903,,HL-60,nucleus,72,>10
C1(C2=NC=CC=C2)=CC=CC=N1,C1(C2=NC=CC=C2)=CC=CC=N1,C1(N2C=CC=N2)=C(C(N3C=CC=N3)=C(C(N4C=CC=N4)=C1N5N=CC=C5)N6N=CC=C6)N7N=CC=C7,2,10.1016/j.poly.2007.05.043,,A2780,,96,56.0
C12=CC=C3C(N=CC=C3)=C1N=CC=C2,C12=CC=C3C(N=CC=C3)=C1N=CC=C2,COC1=NC(C2=NC(OC)=CC=C2)=CC=C1,2,10.1039/C8DT03295E,-1.3,MDA-MB-231,,48,>100
COC1=NC(C2=NC(OC)=CC=C2)=CC=C1,C12=C(C=CC=N3)C3=C(N=CC=C4)C4=C1OCCO2,C12=C(C=CC=N3)C3=C(N=CC=C4)C4=C1OCCO2,2,10.1039/C8DT03295E,-1.1,MDA-MB-231,,48,>100
CC1=NC2=C(N=C(C)C=C3)C3=CC=C2C=C1,CC1=NC2=C(N=C(C)C=C3)C3=CC=C2C=C1,OC1=CC=NC(C2=NC=CC(O)=C2)=C1,2,10.1039/C8DT03295E,0.58,MDA-MB-231,,48,>100
OC1=NC(C2=NC(O)=CC=C2)=CC=C1,C12=CC=C3C(N=CC=C3)=C1N=CC=C2,C12=CC=C3C(N=CC=C3)=C1N=CC=C2,2,10.1039/C8DT03295E,1.60,MDA-MB-231,,48,280.0
OC1=NC(C2=NC(O)=CC=C2)=CC=C1,C12=C(C=CC=N3)C3=C(N=CC=C4)C4=C1OCCO2,C12=C(C=CC=N3)C3=C(N=CC=C4)C4=C1OCCO2,2,10.1039/C8DT03295E,1.80,MDA-MB-231,,48,190.0
C1(C(N=CC=C2)=C2C3=C4N=C5C(C=CC=C5)=N3)=C4C=CC=N1,C1(C(N=CC=C2)=C2C3=C4N=C5C(C=CC=C5)=N3)=C4C=CC=N1,OC(C1=CC=NC(C2=NC=CC=C2)=N1)=O,2,10.1002/anie.201309576,,HeLa,,4,16.0
C1(C(N=CC=C2)=C2C3=C4N=C5C(C=CC=C5)=N3)=C4C=CC=N1,C1(C(N=CC=C2)=C2C3=C4N=C5C(C=CC=C5)=N3)=C4C=CC=N1,OC(C1=CC=NC(C2=NC=CC=C2)=N1)=O,2,10.1002/anie.201309576,,U2OS,,4,30.50
C1(C(N=CC=C2)=C2C3=C4N=C5C(C=CC=C5)=N3)=C4C=CC=N1,C1(C(N=CC=C2)=C2C3=C4N=C5C(C=CC=C5)=N3)=C4C=CC=N1,OC(C1=CC=NC(C2=NC=CC=C2)=N1)=O,2,10.1002/anie.201309576,,HeLa,,48,10.0
C1(C(N=CC=C2)=C2C3=C4N=C5C(C=CC=C5)=N3)=C4C=CC=N1,C1(C(N=CC=C2)=C2C3=C4N=C5C(C=CC=C5)=N3)=C4C=CC=N1,OC(C1=CC=NC(C2=NC=CC=C2)=N1)=O,2,10.1002/anie.201309576,,U2OS,,48,13.50
C1(C(N=CC=C2)=C2C3=C4N=C5C(C=CC=C5)=N3)=C4C=CC=N1,C1(C(N=CC=C2)=C2C3=C4N=C5C(C=CC=C5)=N3)=C4C=CC=N1,OC(C1=CC=NC(C2=NC=CC=C2)=N1)=O,2,10.1002/anie.201309576,,MRC-5,,48,15.100
C1(C(N=CC=C2)=C2C3=C4N=C5C(C=CC=C5)=N3)=C4C=CC=N1,C1(C(N=CC=C2)=C2C3=C4N=C5C(C=CC=C5)=N3)=C4C=CC=N1,O=C(OC(C)C(C)C1=CC(OC)=C(OC)C=C1[N+]([O-])=O)C2=CC=NC(C3=NC=CC=C3)=N2,2,10.1002/anie.201309576,,HeLa,cytoplasm,4,>100
C1(C(N=CC=C2)=C2C3=C4N=C5C(C=CC=C5)=N3)=C4C=CC=N1,C1(C(N=CC=C2)=C2C3=C4N=C5C(C=CC=C5)=N3)=C4C=CC=N1,O=C(OC(C)C(C)C1=CC(OC)=C(OC)C=C1[N+]([O-])=O)C2=CC=NC(C3=NC=CC=C3)=N2,2,10.1002/anie.201309576,,U2OS,cytoplasm,4,>100
C1(C(N=CC=C2)=C2C3=C4N=C5C(C=CC=C5)=N3)=C4C=CC=N1,C1(C(N=CC=C2)=C2C3=C4N=C5C(C=CC=C5)=N3)=C4C=CC=N1,O=C(OC(C)C(C)C1=CC(OC)=C(OC)C=C1[N+]([O-])=O)C2=CC=NC(C3=NC=CC=C3)=N2,2,10.1002/anie.201309576,,HeLa,cytoplasm,48,85.8
C1(C(N=CC=C2)=C2C3=C4N=C5C(C=CC=C5)=N3)=C4C=CC=N1,C1(C(N=CC=C2)=C2C3=C4N=C5C(C=CC=C5)=N3)=C4C=CC=N1,O=C(OC(C)C(C)C1=CC(OC)=C(OC)C=C1[N+]([O-])=O)C2=CC=NC(C3=NC=CC=C3)=N2,2,10.1002/anie.201309576,,U2OS,cytoplasm,48,>100
C1(C(N=CC=C2)=C2C3=C4N=C5C(C=CC=C5)=N3)=C4C=CC=N1,C1(C(N=CC=C2)=C2C3=C4N=C5C(C=CC=C5)=N3)=C4C=CC=N1,O=C(OC(C)C(C)C1=CC(OC)=C(OC)C=C1[N+]([O-])=O)C2=CC=NC(C3=NC=CC=C3)=N2,2,10.1002/anie.201309576,,MRC-5,cytoplasm,48,85.3
C1(C(N=CC=C2)=C2C3=C4N=C5C(C=CC=C5)=N3)=C4C=CC=N1,C1(C(N=CC=C2)=C2C3=C4N=C5C(C=CC=C5)=N3)=C4C=CC=N1,O=C(OC(C)C(C)C1=CC(OC)=C(OC)C=C1[N+]([O-])=O)C2=CC=NC(C3=NC=CC=C3)=N2,2,10.1002/anie.201309576,,HeLa,nucleus,4,>100
C1(C(N=CC=C2)=C2C3=C4N=C5C(C=CC=C5)=N3)=C4C=CC=N1,C1(C(N=CC=C2)=C2C3=C4N=C5C(C=CC=C5)=N3)=C4C=CC=N1,O=C(OC(C)C(C)C1=CC(OC)=C(OC)C=C1[N+]([O-])=O)C2=CC=NC(C3=NC=CC=C3)=N2,2,10.1002/anie.201309576,,U2OS,nucleus,4,>100
C1(C(N=CC=C2)=C2C3=C4N=C5C(C=CC=C5)=N3)=C4C=CC=N1,C1(C(N=CC=C2)=C2C3=C4N=C5C(C=CC=C5)=N3)=C4C=CC=N1,O=C(OC(C)C(C)C1=CC(OC)=C(OC)C=C1[N+]([O-])=O)C2=CC=NC(C3=NC=CC=C3)=N2,2,10.1002/anie.201309576,,HeLa,nucleus,48,85.8
C1(C(N=CC=C2)=C2C3=C4N=C5C(C=CC=C5)=N3)=C4C=CC=N1,C1(C(N=CC=C2)=C2C3=C4N=C5C(C=CC=C5)=N3)=C4C=CC=N1,O=C(OC(C)C(C)C1=CC(OC)=C(OC)C=C1[N+]([O-])=O)C2=CC=NC(C3=NC=CC=C3)=N2,2,10.1002/anie.201309576,,U2OS,nucleus,48,>100
C1(C(N=CC=C2)=C2C3=C4N=C5C(C=CC=C5)=N3)=C4C=CC=N1,C1(C(N=CC=C2)=C2C3=C4N=C5C(C=CC=C5)=N3)=C4C=CC=N1,O=C(OC(C)C(C)C1=CC(OC)=C(OC)C=C1[N+]([O-])=O)C2=CC=NC(C3=NC=CC=C3)=N2,2,10.1002/anie.201309576,,MRC-5,nucleus,48,85.3
C1(NC2=CC=CC=N2)=CC=CC=N1,C1(NC2=CC=CC=N2)=CC=CC=N1,C1(C2=NC=CC=C2C3=C4NC(C5=CC=C6C(C78)=C5C=CC7=CC=CC8=CC6)=N3)=C4C=CC=N1,2,10.1016/j.ejmech.2013.11.005,2.35,A549,cytoplasm,48,10.0
C1(NC2=CC=CC=N2)=CC=CC=N1,C1(NC2=CC=CC=N2)=CC=CC=N1,C1(C2=NC=CC=C2C3=C4NC(C5=CC=C6C(C78)=C5C=CC7=CC=CC8=CC6)=N3)=C4C=CC=N1,2,10.1016/j.ejmech.2013.11.005,2.35,Du145,cytoplasm,48,36.0
C1(NC2=CC=CC=N2)=CC=CC=N1,C1(NC2=CC=CC=N2)=CC=CC=N1,C1(C2=NC=CC=C2C3=C4NC(C5=CC=C6C(C78)=C5C=CC7=CC=CC8=CC6)=N3)=C4C=CC=N1,2,10.1016/j.ejmech.2013.11.005,2.35,HeLa,cytoplasm,48,15.0
C1(NC2=CC=CC=N2)=CC=CC=N1,C1(NC2=CC=CC=N2)=CC=CC=N1,C1(C2=NC=CC=C2C3=C4NC(C5=CC=C6C(C78)=C5C=CC7=CC=CC8=CC6)=N3)=C4C=CC=N1,2,10.1016/j.ejmech.2013.11.005,2.35,A549,nucleus,48,10.0
C1(NC2=CC=CC=N2)=CC=CC=N1,C1(NC2=CC=CC=N2)=CC=CC=N1,C1(C2=NC=CC=C2C3=C4NC(C5=CC=C6C(C78)=C5C=CC7=CC=CC8=CC6)=N3)=C4C=CC=N1,2,10.1016/j.ejmech.2013.11.005,2.35,Du145,nucleus,48,36.0
C1(NC2=CC=CC=N2)=CC=CC=N1,C1(NC2=CC=CC=N2)=CC=CC=N1,C1(C2=NC=CC=C2C3=C4NC(C5=CC=C6C(C78)=C5C=CC7=CC=CC8=CC6)=N3)=C4C=CC=N1,2,10.1016/j.ejmech.2013.11.005,2.35,HeLa,nucleus,48,15.0
C1(NC2=CC=CC=N2)=CC=CC=N1,C1(NC2=CC=CC=N2)=CC=CC=N1,C1(C2=NC=CC=C2C3=C4NC(C5=CC=C(C=C6C7C=CC=C6)C7=C5)=N3)=C4C=CC=N1,2,10.1016/j.ejmech.2013.11.005,1.23,A549,cytoplasm,48,11.0
C1(NC2=CC=CC=N2)=CC=CC=N1,C1(NC2=CC=CC=N2)=CC=CC=N1,C1(C2=NC=CC=C2C3=C4NC(C5=CC=C(C=C6C7C=CC=C6)C7=C5)=N3)=C4C=CC=N1,2,10.1016/j.ejmech.2013.11.005,1.23,Du145,cytoplasm,48,16.0
C1(NC2=CC=CC=N2)=CC=CC=N1,C1(NC2=CC=CC=N2)=CC=CC=N1,C1(C2=NC=CC=C2C3=C4NC(C5=CC=C(C=C6C7C=CC=C6)C7=C5)=N3)=C4C=CC=N1,2,10.1016/j.ejmech.2013.11.005,1.23,HeLa,cytoplasm,48,25.0
C1(NC2=CC=CC=N2)=CC=CC=N1,C1(NC2=CC=CC=N2)=CC=CC=N1,C1(C2=NC=CC=C2C3=C4NC(C5=CC=C(C=C6C7C=CC=C6)C7=C5)=N3)=C4C=CC=N1,2,10.1016/j.ejmech.2013.11.005,1.23,A549,nucleus,48,11.0
C1(NC2=CC=CC=N2)=CC=CC=N1,C1(NC2=CC=CC=N2)=CC=CC=N1,C1(C2=NC=CC=C2C3=C4NC(C5=CC=C(C=C6C7C=CC=C6)C7=C5)=N3)=C4C=CC=N1,2,10.1016/j.ejmech.2013.11.005,1.23,Du145,nucleus,48,16.0
C1(NC2=CC=CC=N2)=CC=CC=N1,C1(NC2=CC=CC=N2)=CC=CC=N1,C1(C2=NC=CC=C2C3=C4NC(C5=CC=C(C=C6C7C=CC=C6)C7=C5)=N3)=C4C=CC=N1,2,10.1016/j.ejmech.2013.11.005,1.23,HeLa,nucleus,48,25.0
C1(NC2=CC=CC=N2)=CC=CC=N1,C1(NC2=CC=CC=N2)=CC=CC=N1,C1(C2=NC=CC=C2C3=C4NC(C5=CNC6=C5C=CC=C6)=N3)=C4C=CC=N1,2,10.1016/j.ejmech.2013.11.005,1.110,A549,cytoplasm,48,43.0
C1(NC2=CC=CC=N2)=CC=CC=N1,C1(NC2=CC=CC=N2)=CC=CC=N1,C1(C2=NC=CC=C2C3=C4NC(C5=CNC6=C5C=CC=C6)=N3)=C4C=CC=N1,2,10.1016/j.ejmech.2013.11.005,1.110,Du145,cytoplasm,48,35.0
C1(NC2=CC=CC=N2)=CC=CC=N1,C1(NC2=CC=CC=N2)=CC=CC=N1,C1(C2=NC=CC=C2C3=C4NC(C5=CNC6=C5C=CC=C6)=N3)=C4C=CC=N1,2,10.1016/j.ejmech.2013.11.005,1.110,HeLa,cytoplasm,48,32.0
C1(NC2=CC=CC=N2)=CC=CC=N1,C1(NC2=CC=CC=N2)=CC=CC=N1,C1(C2=NC=CC=C2C3=C4NC(C5=CNC6=C5C=CC=C6)=N3)=C4C=CC=N1,2,10.1016/j.ejmech.2013.11.005,1.110,A549,nucleus,48,43.0
C1(NC2=CC=CC=N2)=CC=CC=N1,C1(NC2=CC=CC=N2)=CC=CC=N1,C1(C2=NC=CC=C2C3=C4NC(C5=CNC6=C5C=CC=C6)=N3)=C4C=CC=N1,2,10.1016/j.ejmech.2013.11.005,1.110,Du145,nucleus,48,35.0
C1(NC2=CC=CC=N2)=CC=CC=N1,C1(NC2=CC=CC=N2)=CC=CC=N1,C1(C2=NC=CC=C2C3=C4NC(C5=CNC6=C5C=CC=C6)=N3)=C4C=CC=N1,2,10.1016/j.ejmech.2013.11.005,1.110,HeLa,nucleus,48,32.0
CC1=CC=NC(C2=CC(C)=CC=N2)=C1,CC1=CC=NC(C2=CC(C)=CC=N2)=C1,O=C1C2=C(C=CC=C2)C(C3=C1C=CC(C(N4)=NC5=C4C6=C(C7=NC=CC=C75)N=CC=C6)=C3)=O,2,10.1080/00958972.2015.1120291,,BEL.7402,nucleus,24,22.0
CC1=CC=NC(C2=CC(C)=CC=N2)=C1,CC1=CC=NC(C2=CC(C)=CC=N2)=C1,O=C1C2=C(C=CC=C2)C(C3=C1C=CC(C(N4)=NC5=C4C6=C(C7=NC=CC=C75)N=CC=C6)=C3)=O,2,10.1080/00958972.2015.1120291,,HepG2,nucleus,24,32.0
CC1=CC=NC(C2=CC(C)=CC=N2)=C1,CC1=CC=NC(C2=CC(C)=CC=N2)=C1,O=C1C2=C(C=CC=C2)C(C3=C1C=CC(C(N4)=NC5=C4C6=C(C7=NC=CC=C75)N=CC=C6)=C3)=O,2,10.1080/00958972.2015.1120291,,MCF.7,nucleus,24,37.0
CC1=CC=NC(C2=CC(C)=CC=N2)=C1,CC1=CC=NC(C2=CC(C)=CC=N2)=C1,O=C1C2=C(C=CC=C2)C(C3=C1C=CC(C(N4)=NC5=C4C6=C(C7=NC=CC=C75)N=CC=C6)=C3)=O,2,10.1080/00958972.2015.1120291,,HeLa,nucleus,24,29.0
CC1=NC(C2=C(C=C3)C=CC(C)=N2)=C3C=C1,CC1=NC(C2=C(C=C3)C=CC(C)=N2)=C3C=C1,O=C1C2=C(C=CC=C2)C(C3=C1C=CC(C(N4)=NC5=C4C6=C(C7=NC=CC=C75)N=CC=C6)=C3)=O,2,10.1080/00958972.2015.1120291,,BEL.7402,,24,56.0
CC1=NC(C2=C(C=C3)C=CC(C)=N2)=C3C=C1,CC1=NC(C2=C(C=C3)C=CC(C)=N2)=C3C=C1,O=C1C2=C(C=CC=C2)C(C3=C1C=CC(C(N4)=NC5=C4C6=C(C7=NC=CC=C75)N=CC=C6)=C3)=O,2,10.1080/00958972.2015.1120291,,HepG2,,24,68.0
CC1=NC(C2=C(C=C3)C=CC(C)=N2)=C3C=C1,CC1=NC(C2=C(C=C3)C=CC(C)=N2)=C3C=C1,O=C1C2=C(C=CC=C2)C(C3=C1C=CC(C(N4)=NC5=C4C6=C(C7=NC=CC=C75)N=CC=C6)=C3)=O,2,10.1080/00958972.2015.1120291,,MCF.7,,24,81.0
CC1=NC(C2=C(C=C3)C=CC(C)=N2)=C3C=C1,CC1=NC(C2=C(C=C3)C=CC(C)=N2)=C3C=C1,O=C1C2=C(C=CC=C2)C(C3=C1C=CC(C(N4)=NC5=C4C6=C(C7=NC=CC=C75)N=CC=C6)=C3)=O,2,10.1080/00958972.2015.1120291,,HeLa,,24,73.0
C1(C2=CC=CC=C2)=CC=NC3=C1C=CC4=C3N=CC=C4C5=CC=CC=C5,C1(C2=CC=CC=C2)=CC=NC3=C1C=CC4=C3N=CC=C4C5=CC=CC=C5,O=C1C2=C(C=CC=C2)C(C3=C1C=CC(C(N4)=NC5=C4C6=C(C7=NC=CC=C75)N=CC=C6)=C3)=O,2,10.1080/00958972.2015.1120291,,BEL.7402,,24,109.0
C1(C2=CC=CC=C2)=CC=NC3=C1C=CC4=C3N=CC=C4C5=CC=CC=C5,C1(C2=CC=CC=C2)=CC=NC3=C1C=CC4=C3N=CC=C4C5=CC=CC=C5,O=C1C2=C(C=CC=C2)C(C3=C1C=CC(C(N4)=NC5=C4C6=C(C7=NC=CC=C75)N=CC=C6)=C3)=O,2,10.1080/00958972.2015.1120291,,HepG2,,24,128.0
C1(C2=CC=CC=C2)=CC=NC3=C1C=CC4=C3N=CC=C4C5=CC=CC=C5,C1(C2=CC=CC=C2)=CC=NC3=C1C=CC4=C3N=CC=C4C5=CC=CC=C5,O=C1C2=C(C=CC=C2)C(C3=C1C=CC(C(N4)=NC5=C4C6=C(C7=NC=CC=C75)N=CC=C6)=C3)=O,2,10.1080/00958972.2015.1120291,,MCF.7,,24,103.0
C1(C2=CC=CC=C2)=CC=NC3=C1C=CC4=C3N=CC=C4C5=CC=CC=C5,C1(C2=CC=CC=C2)=CC=NC3=C1C=CC4=C3N=CC=C4C5=CC=CC=C5,O=C1C2=C(C=CC=C2)C(C3=C1C=CC(C(N4)=NC5=C4C6=C(C7=NC=CC=C75)N=CC=C6)=C3)=O,2,10.1080/00958972.2015.1120291,,HeLa,,24,82.0
C1(C2=C(C=C3)C=CC=N2)=C3C=CC=N1,C1(C2=C(C=C3)C=CC=N2)=C3C=CC=N1,C1(C2=NC=CC=C2C3=C4NC(C5=CC(CCO6)=C6C=C5)=N3)=C4C=CC=N1,2,10.1016/j.jinorgbio.2016.02.028,,HeLa,mitochondria,48,175.5
C1(C2=C(C=C3)C=CC=N2)=C3C=CC=N1,C1(C2=C(C=C3)C=CC=N2)=C3C=CC=N1,C1(C2=NC=CC=C2C3=C4NC(C5=CC(CCO6)=C6C=C5)=N3)=C4C=CC=N1,2,10.1016/j.jinorgbio.2016.02.028,,Kek293,mitochondria,48,201.2
C1(C2=C(C=C3)C=CC=N2)=C3C=CC=N1,C1(C2=C(C=C3)C=CC=N2)=C3C=CC=N1,[O-]C1=C(Cl)C2=C(N=C(C=CC=C3)C3=N2)C4=CC=CN=C14,1,10.1039/C5RA11127G,0.18,HepG2,nucleus,24,>200
C1(C2=C(C=C3)C=CC=N2)=C3C=CC=N1,C1(C2=C(C=C3)C=CC=N2)=C3C=CC=N1,[O-]C1=C(Cl)C2=C(N=C(C=CC=C3)C3=N2)C4=CC=CN=C14,1,10.1039/C5RA11127G,0.18,HeLa,nucleus,24,>200
C1(C2=C(C=C3)C=CC=N2)=C3C=CC=N1,C1(C2=C(C=C3)C=CC=N2)=C3C=CC=N1,[O-]C1=C(Cl)C2=C(N=C(C=CC=C3)C3=N2)C4=CC=CN=C14,1,10.1039/C5RA11127G,0.18,MCF.7,nucleus,24,>200
C1(C2=C(C=C3)C=CC=N2)=C3C=CC=N1,C1(C2=C(C=C3)C=CC=N2)=C3C=CC=N1,[O-]C1=C(Cl)C2=C(N=C(C=CC=C3)C3=N2)C4=CC=CN=C14,1,10.1039/C5RA11127G,0.18,HaCat,nucleus,24,>200
C1(C2=CC=CC=N2)=CC=CC=N1,C1(C2=CC=CC=N2)=CC=CC=N1,[O-]C1=C(Cl)C2=C(N=C(C=CC=C3)C3=N2)C4=CC=CN=C14,1,10.1039/C5RA11127G,0.10,HepG2,nucleus,24,>200
C1(C2=CC=CC=N2)=CC=CC=N1,C1(C2=CC=CC=N2)=CC=CC=N1,[O-]C1=C(Cl)C2=C(N=C(C=CC=C3)C3=N2)C4=CC=CN=C14,1,10.1039/C5RA11127G,0.10,HeLa,nucleus,24,>200
C1(C2=CC=CC=N2)=CC=CC=N1,C1(C2=CC=CC=N2)=CC=CC=N1,[O-]C1=C(Cl)C2=C(N=C(C=CC=C3)C3=N2)C4=CC=CN=C14,1,10.1039/C5RA11127G,0.10,MCF.7,nucleus,24,>200
C1(C2=CC=CC=N2)=CC=CC=N1,C1(C2=CC=CC=N2)=CC=CC=N1,[O-]C1=C(Cl)C2=C(N=C(C=CC=C3)C3=N2)C4=CC=CN=C14,1,10.1039/C5RA11127G,0.10,HaCat,nucleus,24,>200
C1(C2=CC=CC=N2)=CC=CC=N1,C1(C2=CC=CC=N2)=CC=CC=N1,[O-]C1=C(Cl)C2=C(N=C(C=CC=C3)C3=N2)C4=CC=CN=C14,1,10.1039/C5RA11127G,0.10,HepG2,mitochondria,24,>200
C1(C2=CC=CC=N2)=CC=CC=N1,C1(C2=CC=CC=N2)=CC=CC=N1,[O-]C1=C(Cl)C2=C(N=C(C=CC=C3)C3=N2)C4=CC=CN=C14,1,10.1039/C5RA11127G,0.10,HeLa,mitochondria,24,>200
C1(C2=CC=CC=N2)=CC=CC=N1,C1(C2=CC=CC=N2)=CC=CC=N1,[O-]C1=C(Cl)C2=C(N=C(C=CC=C3)C3=N2)C4=CC=CN=C14,1,10.1039/C5RA11127G,0.10,MCF.7,mitochondria,24,>200
C1(C2=CC=CC=N2)=CC=CC=N1,C1(C2=CC=CC=N2)=CC=CC=N1,[O-]C1=C(Cl)C2=C(N=C(C=CC=C3)C3=N2)C4=CC=CN=C14,1,10.1039/C5RA11127G,0.10,HaCat,mitochondria,24,>200
C1(C2=C(C=C3)C=CC=N2)=C3C=CC=N1,C1(C2=C(C=C3)C=CC=N2)=C3C=CC=N1,O=C(C1=C2C=CC=C1)C(C2=N3)=NC4=C3C(C=CC=N5)=C5C6=NC=CC=C64,2,10.1016/j.ica.2014.07.017,,HepG2,nucleus,48,17.30
C1(C2=C(C=C3)C=CC=N2)=C3C=CC=N1,C1(C2=C(C=C3)C=CC=N2)=C3C=CC=N1,O=C(C1=C2C=CC=C1)C(C2=N3)=NC4=C3C(C=CC=N5)=C5C6=NC=CC=C64,2,10.1016/j.ica.2014.07.017,,HeLa,nucleus,48,24.80
C1(C2=C(C=C3)C=CC=N2)=C3C=CC=N1,C1(C2=C(C=C3)C=CC=N2)=C3C=CC=N1,O=C(C1=C2C=CC=C1)C(C2=N3)=NC4=C3C(C=CC=N5)=C5C6=NC=CC=C64,2,10.1016/j.ica.2014.07.017,,MG63,nucleus,48,19.60
C1(C2=C(C=C3)C=CC=N2)=C3C=CC=N1,C1(C2=C(C=C3)C=CC=N2)=C3C=CC=N1,O=C(C1=C2C=CC=C1)C(C2=N3)=NC4=C3C(C=CC=N5)=C5C6=NC=CC=C64,2,10.1016/j.ica.2014.07.017,,A549,nucleus,48,15.80
CC1=NC(C2=C(C=C3)C=CC(C)=N2)=C3C=C1,CC1=NC(C2=C(C=C3)C=CC(C)=N2)=C3C=C1,O=C(C1=C2C=CC=C1)C(C2=N3)=NC4=C3C(C=CC=N5)=C5C6=NC=CC=C64,2,10.1016/j.ica.2014.07.017,,HepG2,nucleus,48,24.80
CC1=NC(C2=C(C=C3)C=CC(C)=N2)=C3C=C1,CC1=NC(C2=C(C=C3)C=CC(C)=N2)=C3C=C1,O=C(C1=C2C=CC=C1)C(C2=N3)=NC4=C3C(C=CC=N5)=C5C6=NC=CC=C64,2,10.1016/j.ica.2014.07.017,,HeLa,nucleus,48,15.80
CC1=NC(C2=C(C=C3)C=CC(C)=N2)=C3C=C1,CC1=NC(C2=C(C=C3)C=CC(C)=N2)=C3C=C1,O=C(C1=C2C=CC=C1)C(C2=N3)=NC4=C3C(C=CC=N5)=C5C6=NC=CC=C64,2,10.1016/j.ica.2014.07.017,,MG63,nucleus,48,15.100
CC1=NC(C2=C(C=C3)C=CC(C)=N2)=C3C=C1,CC1=NC(C2=C(C=C3)C=CC(C)=N2)=C3C=C1,O=C(C1=C2C=CC=C1)C(C2=N3)=NC4=C3C(C=CC=N5)=C5C6=NC=CC=C64,2,10.1016/j.ica.2014.07.017,,A549,nucleus,48,15.80
C1(C2=CC=CC=N2)=CC=CC=N1,C1(C2=CC=CC=N2)=CC=CC=N1,FC(C(C=C1)=CC=C1C(N2)=NC3=C2C4=C(C5=NC=CC=C53)N=CC=C4)(F)F,2,10.1039/C0MD00060D,,A375,,,31.70
C1(C2=CC=CC=N2)=CC=CC=N1,C1(C2=CC=CC=N2)=CC=CC=N1,FC(C(C=C1)=CC=C1C(N2)=NC3=C2C4=C(C5=NC=CC=C53)N=CC=C4)(F)F,2,10.1039/C0MD00060D,,HepG2,,,15.65
C1(C2=CC=CC=N2)=CC=CC=N1,C1(C2=CC=CC=N2)=CC=CC=N1,FC(C(C=C1)=CC=C1C(N2)=NC3=C2C4=C(C5=NC=CC=C53)N=CC=C4)(F)F,2,10.1039/C0MD00060D,,SW620,,,37.55
C1(C2=CC=CC=N2)=CC=CC=N1,C1(C2=CC=CC=N2)=CC=CC=N1,FC(C(C=C1)=CC=C1C(N2)=NC3=C2C4=C(C5=NC=CC=C53)N=CC=C4)(F)F,2,10.1039/C0MD00060D,,PC-3,,,90.9
C1(C2=CC=CC=N2)=CC=CC=N1,C1(C2=CC=CC=N2)=CC=CC=N1,FC(C1=CC=CC(C(N2)=NC3=C2C4=C(C5=NC=CC=C53)N=CC=C4)=C1)(F)F,2,10.1039/C0MD00060D,,A375,,,48.7
C1(C2=CC=CC=N2)=CC=CC=N1,C1(C2=CC=CC=N2)=CC=CC=N1,FC(C1=CC=CC(C(N2)=NC3=C2C4=C(C5=NC=CC=C53)N=CC=C4)=C1)(F)F,2,10.1039/C0MD00060D,,HepG2,,,18.25
C1(C2=CC=CC=N2)=CC=CC=N1,C1(C2=CC=CC=N2)=CC=CC=N1,FC(C1=CC=CC(C(N2)=NC3=C2C4=C(C5=NC=CC=C53)N=CC=C4)=C1)(F)F,2,10.1039/C0MD00060D,,SW620,,,43.8
C1(C2=CC=CC=N2)=CC=CC=N1,C1(C2=CC=CC=N2)=CC=CC=N1,FC(C1=CC=CC(C(N2)=NC3=C2C4=C(C5=NC=CC=C53)N=CC=C4)=C1)(F)F,2,10.1039/C0MD00060D,,PC-3,,,>200
C1(C2=CC=CC=N2)=CC=CC=N1,C1(C2=CC=CC=N2)=CC=CC=N1,FC(C(C=CC=C1)=C1C(N2)=NC3=C2C4=C(C5=NC=CC=C53)N=CC=C4)(F)F,2,10.1039/C0MD00060D,,A375,,,11.80
C1(C2=CC=CC=N2)=CC=CC=N1,C1(C2=CC=CC=N2)=CC=CC=N1,FC(C(C=CC=C1)=C1C(N2)=NC3=C2C4=C(C5=NC=CC=C53)N=CC=C4)(F)F,2,10.1039/C0MD00060D,,HepG2,,,32.4
C1(C2=CC=CC=N2)=CC=CC=N1,C1(C2=CC=CC=N2)=CC=CC=N1,FC(C(C=CC=C1)=C1C(N2)=NC3=C2C4=C(C5=NC=CC=C53)N=CC=C4)(F)F,2,10.1039/C0MD00060D,,SW620,,,26.050
C1(C2=CC=CC=N2)=CC=CC=N1,C1(C2=CC=CC=N2)=CC=CC=N1,FC(C(C=CC=C1)=C1C(N2)=NC3=C2C4=C(C5=NC=CC=C53)N=CC=C4)(F)F,2,10.1039/C0MD00060D,,PC-3,,,139.75
C1(C2=CC=CC=N2)=CC=CC=N1,C1(C2=CC=CC=N2)=CC=CC=N1,C12=C(C=CC=N2)C3=C(N=C(C4=CN=CC=N4)N=N3)C5=CC=CN=C15,2,10.1016/j.inoche.2016.04.025,,A549,,24,43.5
C1(C2=CC=CC=N2)=CC=CC=N1,C1(C2=CC=CC=N2)=CC=CC=N1,C12=C(C=CC=N2)C3=C(N=C(C4=CN=CC=N4)N=N3)C5=CC=CN=C15,2,10.1016/j.inoche.2016.04.025,,HeLa,,24,48.0
C1(C2=CC=CC=N2)=CC=CC=N1,C1(C2=CC=CC=N2)=CC=CC=N1,C12=C(C=CC=N2)C3=C(N=C(C4=CN=CC=N4)N=N3)C5=CC=CN=C15,2,10.1016/j.inoche.2016.04.025,,MCF.7,,24,68.5
C1(C2=CC=CC=N2)=CC=CC=N1,C1(C2=CC=CC=N2)=CC=CC=N1,C12=C(C=CC=N2)C3=C(N=C(C4=CN=CC=N4)N=N3)C5=CC=CN=C15,2,10.1016/j.inoche.2016.04.025,,CNE-2,,24,42.2
C1(C2=CC=CC=N2)=CC=CC=N1,C1(C2=CC=CC=N2)=CC=CC=N1,C12=C(C=CC=N2)C3=C(N=C(C4=CN=CC=N4)N=N3)C5=CC=CN=C15,2,10.1016/j.inoche.2016.04.025,,HBE,,24,158.2
C1(C2=CC=CC=N2)=CC=CC=N1,C1(C2=CC=CC=N2)=CC=CC=N1,C12=C(C=CC=N2)C3=C(N=C(C4=CC=CC=N4)N=N3)C5=CC=CN=C15,2,10.1016/j.inoche.2016.04.025,,A549,,24,26.20
C1(C2=CC=CC=N2)=CC=CC=N1,C1(C2=CC=CC=N2)=CC=CC=N1,C12=C(C=CC=N2)C3=C(N=C(C4=CC=CC=N4)N=N3)C5=CC=CN=C15,2,10.1016/j.inoche.2016.04.025,,HeLa,,24,35.0
C1(C2=CC=CC=N2)=CC=CC=N1,C1(C2=CC=CC=N2)=CC=CC=N1,C12=C(C=CC=N2)C3=C(N=C(C4=CC=CC=N4)N=N3)C5=CC=CN=C15,2,10.1016/j.inoche.2016.04.025,,MCF.7,,24,50.4
C1(C2=CC=CC=N2)=CC=CC=N1,C1(C2=CC=CC=N2)=CC=CC=N1,C12=C(C=CC=N2)C3=C(N=C(C4=CC=CC=N4)N=N3)C5=CC=CN=C15,2,10.1016/j.inoche.2016.04.025,,CNE-2,,24,36.4
C1(C2=CC=CC=N2)=CC=CC=N1,C1(C2=CC=CC=N2)=CC=CC=N1,C12=C(C=CC=N2)C3=C(N=C(C4=CC=CC=N4)N=N3)C5=CC=CN=C15,2,10.1016/j.inoche.2016.04.025,,HBE,,24,120.6
CC1=CC=NC(C2=CC(C)=CC=N2)=C1,CC1=CC=NC(C2=CC(C)=CC=N2)=C1,OC1=C(C)N=CC(CO)=C1C(N2)=NC3=C2C4=C(C5=NC=CC=C53)N=CC=C4,2,10.1016/j.jphotobiol.2014.07.011,,BEL.7402,nucleus,48,48.5
CC1=CC=NC(C2=CC(C)=CC=N2)=C1,CC1=CC=NC(C2=CC(C)=CC=N2)=C1,OC1=C(C)N=CC(CO)=C1C(N2)=NC3=C2C4=C(C5=NC=CC=C53)N=CC=C4,2,10.1016/j.jphotobiol.2014.07.011,,HeLa,nucleus,48,98.3
CC1=CC=NC(C2=CC(C)=CC=N2)=C1,CC1=CC=NC(C2=CC(C)=CC=N2)=C1,OC1=C(C)N=CC(CO)=C1C(N2)=NC3=C2C4=C(C5=NC=CC=C53)N=CC=C4,2,10.1016/j.jphotobiol.2014.07.011,,A549,nucleus,48,33.5
CC1=CC=NC(C2=CC(C)=CC=N2)=C1,CC1=CC=NC(C2=CC(C)=CC=N2)=C1,OC1=C(C)N=CC(CO)=C1C(N2)=NC3=C2C4=C(C5=NC=CC=C53)N=CC=C4,2,10.1016/j.jphotobiol.2014.07.011,,MG63,nucleus,48,>100
C1(C2=CC=CC=N2)=CC=CC=N1,C1(C2=CC=CC=N2)=CC=CC=N1,OC1=C(C)N=CC(CO)=C1C(N2)=NC3=C2C4=C(C5=NC=CC=C53)N=CC=C4,2,10.1016/j.jphotobiol.2014.07.011,,BEL.7402,nucleus,48,26.50
C1(C2=CC=CC=N2)=CC=CC=N1,C1(C2=CC=CC=N2)=CC=CC=N1,OC1=C(C)N=CC(CO)=C1C(N2)=NC3=C2C4=C(C5=NC=CC=C53)N=CC=C4,2,10.1016/j.jphotobiol.2014.07.011,,HeLa,nucleus,48,>100
C1(C2=CC=CC=N2)=CC=CC=N1,C1(C2=CC=CC=N2)=CC=CC=N1,OC1=C(C)N=CC(CO)=C1C(N2)=NC3=C2C4=C(C5=NC=CC=C53)N=CC=C4,2,10.1016/j.jphotobiol.2014.07.011,,A549,nucleus,48,34.3
C1(C2=CC=CC=N2)=CC=CC=N1,C1(C2=CC=CC=N2)=CC=CC=N1,OC1=C(C)N=CC(CO)=C1C(N2)=NC3=C2C4=C(C5=NC=CC=C53)N=CC=C4,2,10.1016/j.jphotobiol.2014.07.011,,MG63,nucleus,48,>100
C1(C2=C(C=C3)C=CC=N2)=C3C=CC=N1,C1(C2=C(C=C3)C=CC=N2)=C3C=CC=N1,OC1=C(C)N=CC(CO)=C1C(N2)=NC3=C2C4=C(C5=NC=CC=C53)N=CC=C4,2,10.1016/j.jphotobiol.2014.07.011,,BEL.7402,nucleus,48,24.80
C1(C2=C(C=C3)C=CC=N2)=C3C=CC=N1,C1(C2=C(C=C3)C=CC=N2)=C3C=CC=N1,OC1=C(C)N=CC(CO)=C1C(N2)=NC3=C2C4=C(C5=NC=CC=C53)N=CC=C4,2,10.1016/j.jphotobiol.2014.07.011,,HeLa,nucleus,48,69.8
C1(C2=C(C=C3)C=CC=N2)=C3C=CC=N1,C1(C2=C(C=C3)C=CC=N2)=C3C=CC=N1,OC1=C(C)N=CC(CO)=C1C(N2)=NC3=C2C4=C(C5=NC=CC=C53)N=CC=C4,2,10.1016/j.jphotobiol.2014.07.011,,A549,nucleus,48,13.100
C1(C2=C(C=C3)C=CC=N2)=C3C=CC=N1,C1(C2=C(C=C3)C=CC=N2)=C3C=CC=N1,OC1=C(C)N=CC(CO)=C1C(N2)=NC3=C2C4=C(C5=NC=CC=C53)N=CC=C4,2,10.1016/j.jphotobiol.2014.07.011,,MG63,nucleus,48,>100
CC1=NC(C2=C(C=C3)C=CC(C)=N2)=C3C=C1,CC1=NC(C2=C(C=C3)C=CC(C)=N2)=C3C=C1,OC1=C(C)N=CC(CO)=C1C(N2)=NC3=C2C4=C(C5=NC=CC=C53)N=CC=C4,2,10.1016/j.jphotobiol.2014.07.011,,BEL.7402,nucleus,48,51.2
CC1=NC(C2=C(C=C3)C=CC(C)=N2)=C3C=C1,CC1=NC(C2=C(C=C3)C=CC(C)=N2)=C3C=C1,OC1=C(C)N=CC(CO)=C1C(N2)=NC3=C2C4=C(C5=NC=CC=C53)N=CC=C4,2,10.1016/j.jphotobiol.2014.07.011,,HeLa,nucleus,48,>100
CC1=NC(C2=C(C=C3)C=CC(C)=N2)=C3C=C1,CC1=NC(C2=C(C=C3)C=CC(C)=N2)=C3C=C1,OC1=C(C)N=CC(CO)=C1C(N2)=NC3=C2C4=C(C5=NC=CC=C53)N=CC=C4,2,10.1016/j.jphotobiol.2014.07.011,,A549,nucleus,48,13.200
CC1=NC(C2=C(C=C3)C=CC(C)=N2)=C3C=C1,CC1=NC(C2=C(C=C3)C=CC(C)=N2)=C3C=C1,OC1=C(C)N=CC(CO)=C1C(N2)=NC3=C2C4=C(C5=NC=CC=C53)N=CC=C4,2,10.1016/j.jphotobiol.2014.07.011,,MG63,nucleus,48,>100
CC1=CC=NC(C2=CC(C)=CC=N2)=C1,CC1=CC=NC(C2=CC(C)=CC=N2)=C1,OC1=C(C)N=CC(CO)=C1C(N2)=NC3=C2C4=C(C5=NC=CC=C53)N=CC=C4,2,10.1016/j.jphotobiol.2014.07.011,,BEL.7402,cytoplasm,48,48.5
CC1=CC=NC(C2=CC(C)=CC=N2)=C1,CC1=CC=NC(C2=CC(C)=CC=N2)=C1,OC1=C(C)N=CC(CO)=C1C(N2)=NC3=C2C4=C(C5=NC=CC=C53)N=CC=C4,2,10.1016/j.jphotobiol.2014.07.011,,HeLa,cytoplasm,48,98.3
CC1=CC=NC(C2=CC(C)=CC=N2)=C1,CC1=CC=NC(C2=CC(C)=CC=N2)=C1,OC1=C(C)N=CC(CO)=C1C(N2)=NC3=C2C4=C(C5=NC=CC=C53)N=CC=C4,2,10.1016/j.jphotobiol.2014.07.011,,A549,cytoplasm,48,33.5
CC1=CC=NC(C2=CC(C)=CC=N2)=C1,CC1=CC=NC(C2=CC(C)=CC=N2)=C1,OC1=C(C)N=CC(CO)=C1C(N2)=NC3=C2C4=C(C5=NC=CC=C53)N=CC=C4,2,10.1016/j.jphotobiol.2014.07.011,,MG63,cytoplasm,48,>100
C1(C2=CC=CC=N2)=CC=CC=N1,C1(C2=CC=CC=N2)=CC=CC=N1,OC1=C(C)N=CC(CO)=C1C(N2)=NC3=C2C4=C(C5=NC=CC=C53)N=CC=C4,2,10.1016/j.jphotobiol.2014.07.011,,BEL.7402,cytoplasm,48,26.50
C1(C2=CC=CC=N2)=CC=CC=N1,C1(C2=CC=CC=N2)=CC=CC=N1,OC1=C(C)N=CC(CO)=C1C(N2)=NC3=C2C4=C(C5=NC=CC=C53)N=CC=C4,2,10.1016/j.jphotobiol.2014.07.011,,HeLa,cytoplasm,48,>100
C1(C2=CC=CC=N2)=CC=CC=N1,C1(C2=CC=CC=N2)=CC=CC=N1,OC1=C(C)N=CC(CO)=C1C(N2)=NC3=C2C4=C(C5=NC=CC=C53)N=CC=C4,2,10.1016/j.jphotobiol.2014.07.011,,A549,cytoplasm,48,34.3
C1(C2=CC=CC=N2)=CC=CC=N1,C1(C2=CC=CC=N2)=CC=CC=N1,OC1=C(C)N=CC(CO)=C1C(N2)=NC3=C2C4=C(C5=NC=CC=C53)N=CC=C4,2,10.1016/j.jphotobiol.2014.07.011,,MG63,cytoplasm,48,>100
C1(C2=C(C=C3)C=CC=N2)=C3C=CC=N1,C1(C2=C(C=C3)C=CC=N2)=C3C=CC=N1,OC1=C(C)N=CC(CO)=C1C(N2)=NC3=C2C4=C(C5=NC=CC=C53)N=CC=C4,2,10.1016/j.jphotobiol.2014.07.011,,BEL.7402,cytoplasm,48,24.80
C1(C2=C(C=C3)C=CC=N2)=C3C=CC=N1,C1(C2=C(C=C3)C=CC=N2)=C3C=CC=N1,OC1=C(C)N=CC(CO)=C1C(N2)=NC3=C2C4=C(C5=NC=CC=C53)N=CC=C4,2,10.1016/j.jphotobiol.2014.07.011,,HeLa,cytoplasm,48,69.8
C1(C2=C(C=C3)C=CC=N2)=C3C=CC=N1,C1(C2=C(C=C3)C=CC=N2)=C3C=CC=N1,OC1=C(C)N=CC(CO)=C1C(N2)=NC3=C2C4=C(C5=NC=CC=C53)N=CC=C4,2,10.1016/j.jphotobiol.2014.07.011,,A549,cytoplasm,48,13.100
C1(C2=C(C=C3)C=CC=N2)=C3C=CC=N1,C1(C2=C(C=C3)C=CC=N2)=C3C=CC=N1,OC1=C(C)N=CC(CO)=C1C(N2)=NC3=C2C4=C(C5=NC=CC=C53)N=CC=C4,2,10.1016/j.jphotobiol.2014.07.011,,MG63,cytoplasm,48,>100
CC1=NC(C2=C(C=C3)C=CC(C)=N2)=C3C=C1,CC1=NC(C2=C(C=C3)C=CC(C)=N2)=C3C=C1,OC1=C(C)N=CC(CO)=C1C(N2)=NC3=C2C4=C(C5=NC=CC=C53)N=CC=C4,2,10.1016/j.jphotobiol.2014.07.011,,BEL.7402,cytoplasm,48,51.2
CC1=NC(C2=C(C=C3)C=CC(C)=N2)=C3C=C1,CC1=NC(C2=C(C=C3)C=CC(C)=N2)=C3C=C1,OC1=C(C)N=CC(CO)=C1C(N2)=NC3=C2C4=C(C5=NC=CC=C53)N=CC=C4,2,10.1016/j.jphotobiol.2014.07.011,,HeLa,cytoplasm,48,>100
CC1=NC(C2=C(C=C3)C=CC(C)=N2)=C3C=C1,CC1=NC(C2=C(C=C3)C=CC(C)=N2)=C3C=C1,OC1=C(C)N=CC(CO)=C1C(N2)=NC3=C2C4=C(C5=NC=CC=C53)N=CC=C4,2,10.1016/j.jphotobiol.2014.07.011,,A549,cytoplasm,48,13.200
CC1=NC(C2=C(C=C3)C=CC(C)=N2)=C3C=C1,CC1=NC(C2=C(C=C3)C=CC(C)=N2)=C3C=C1,OC1=C(C)N=CC(CO)=C1C(N2)=NC3=C2C4=C(C5=NC=CC=C53)N=CC=C4,2,10.1016/j.jphotobiol.2014.07.011,,MG63,cytoplasm,48,>100
FC(C(F)=C1F)=C(F)C(F)=C1C2=NC3=C4C(N=CC=C4)=C5C(C=CC=N5)=C3N2,CC1=CC=NC(C2=NC=CC(C)=C2)=C1,CC1=CC=NC(C2=NC=CC(C)=C2)=C1,2,10.1155/MBD.2000.343,,BEL.7402,mitochondria,48,32.1
FC(C(F)=C1F)=C(F)C(F)=C1C2=NC3=C4C(N=CC=C4)=C5C(C=CC=N5)=C3N2,CC1=CC=NC(C2=NC=CC(C)=C2)=C1,CC1=CC=NC(C2=NC=CC(C)=C2)=C1,2,10.1155/MBD.2000.343,,A549,mitochondria,48,>200
FC(C(F)=C1F)=C(F)C(F)=C1C2=NC3=C4C(N=CC=C4)=C5C(C=CC=N5)=C3N2,CC1=CC=NC(C2=NC=CC(C)=C2)=C1,CC1=CC=NC(C2=NC=CC(C)=C2)=C1,2,10.1155/MBD.2000.343,,HeLa,mitochondria,48,>200
FC(C(F)=C1F)=C(F)C(F)=C1C2=NC3=C4C(N=CC=C4)=C5C(C=CC=N5)=C3N2,CC1=CC=NC(C2=NC=CC(C)=C2)=C1,CC1=CC=NC(C2=NC=CC(C)=C2)=C1,2,10.1155/MBD.2000.343,,HepG2,mitochondria,48,>200
FC(C(F)=C1F)=C(F)C(F)=C1C2=NC3=C4C(N=CC=C4)=C5C(C=CC=N5)=C3N2,CC1=CC=NC(C2=NC=CC(C)=C2)=C1,CC1=CC=NC(C2=NC=CC(C)=C2)=C1,2,10.1155/MBD.2000.343,,MG63,mitochondria,48,>200
FC(C(F)=C1F)=C(F)C(F)=C1C2=NC3=C4C(N=CC=C4)=C5C(C=CC=N5)=C3N2,C1(C2=NC=CC=C2)=CC=CC=N1,C1(C2=NC=CC=C2)=CC=CC=N1,2,10.1155/MBD.2000.343,,BEL.7402,mitochondria,48,>100
FC(C(F)=C1F)=C(F)C(F)=C1C2=NC3=C4C(N=CC=C4)=C5C(C=CC=N5)=C3N2,C1(C2=NC=CC=C2)=CC=CC=N1,C1(C2=NC=CC=C2)=CC=CC=N1,2,10.1155/MBD.2000.343,,A549,mitochondria,48,>200
FC(C(F)=C1F)=C(F)C(F)=C1C2=NC3=C4C(N=CC=C4)=C5C(C=CC=N5)=C3N2,C1(C2=NC=CC=C2)=CC=CC=N1,C1(C2=NC=CC=C2)=CC=CC=N1,2,10.1155/MBD.2000.343,,HeLa,mitochondria,48,>200
FC(C(F)=C1F)=C(F)C(F)=C1C2=NC3=C4C(N=CC=C4)=C5C(C=CC=N5)=C3N2,C1(C2=NC=CC=C2)=CC=CC=N1,C1(C2=NC=CC=C2)=CC=CC=N1,2,10.1155/MBD.2000.343,,HepG2,mitochondria,48,>200
FC(C(F)=C1F)=C(F)C(F)=C1C2=NC3=C4C(N=CC=C4)=C5C(C=CC=N5)=C3N2,C1(C2=NC=CC=C2)=CC=CC=N1,C1(C2=NC=CC=C2)=CC=CC=N1,2,10.1155/MBD.2000.343,,MG63,mitochondria,48,>200
FC(C(F)=C1F)=C(F)C(F)=C1C2=NC3=C4C(N=CC=C4)=C5C(C=CC=N5)=C3N2,C12=CC=C3C(N=CC=C3)=C1N=CC=C2,C12=CC=C3C(N=CC=C3)=C1N=CC=C2,2,10.1155/MBD.2000.343,,BEL.7402,mitochondria,48,37.9
FC(C(F)=C1F)=C(F)C(F)=C1C2=NC3=C4C(N=CC=C4)=C5C(C=CC=N5)=C3N2,C12=CC=C3C(N=CC=C3)=C1N=CC=C2,C12=CC=C3C(N=CC=C3)=C1N=CC=C2,2,10.1155/MBD.2000.343,,A549,mitochondria,48,>200
FC(C(F)=C1F)=C(F)C(F)=C1C2=NC3=C4C(N=CC=C4)=C5C(C=CC=N5)=C3N2,C12=CC=C3C(N=CC=C3)=C1N=CC=C2,C12=CC=C3C(N=CC=C3)=C1N=CC=C2,2,10.1155/MBD.2000.343,,HeLa,mitochondria,48,70.9
FC(C(F)=C1F)=C(F)C(F)=C1C2=NC3=C4C(N=CC=C4)=C5C(C=CC=N5)=C3N2,C12=CC=C3C(N=CC=C3)=C1N=CC=C2,C12=CC=C3C(N=CC=C3)=C1N=CC=C2,2,10.1155/MBD.2000.343,,HepG2,mitochondria,48,>200
FC(C(F)=C1F)=C(F)C(F)=C1C2=NC3=C4C(N=CC=C4)=C5C(C=CC=N5)=C3N2,C12=CC=C3C(N=CC=C3)=C1N=CC=C2,C12=CC=C3C(N=CC=C3)=C1N=CC=C2,2,10.1155/MBD.2000.343,,MG63,mitochondria,48,>200
FC(C(F)=C1F)=C(F)C(F)=C1C2=NC3=C4C(N=CC=C4)=C5C(C=CC=N5)=C3N2,CC1=NC2=C(N=C(C)C=C3)C3=CC=C2C=C1,CC1=NC2=C(N=C(C)C=C3)C3=CC=C2C=C1,2,10.1155/MBD.2000.343,,BEL.7402,mitochondria,48,42.1
FC(C(F)=C1F)=C(F)C(F)=C1C2=NC3=C4C(N=CC=C4)=C5C(C=CC=N5)=C3N2,CC1=NC2=C(N=C(C)C=C3)C3=CC=C2C=C1,CC1=NC2=C(N=C(C)C=C3)C3=CC=C2C=C1,2,10.1155/MBD.2000.343,,A549,mitochondria,48,>200
FC(C(F)=C1F)=C(F)C(F)=C1C2=NC3=C4C(N=CC=C4)=C5C(C=CC=N5)=C3N2,CC1=NC2=C(N=C(C)C=C3)C3=CC=C2C=C1,CC1=NC2=C(N=C(C)C=C3)C3=CC=C2C=C1,2,10.1155/MBD.2000.343,,HeLa,mitochondria,48,>200
FC(C(F)=C1F)=C(F)C(F)=C1C2=NC3=C4C(N=CC=C4)=C5C(C=CC=N5)=C3N2,CC1=NC2=C(N=C(C)C=C3)C3=CC=C2C=C1,CC1=NC2=C(N=C(C)C=C3)C3=CC=C2C=C1,2,10.1155/MBD.2000.343,,HepG2,mitochondria,48,61.1
FC(C(F)=C1F)=C(F)C(F)=C1C2=NC3=C4C(N=CC=C4)=C5C(C=CC=N5)=C3N2,CC1=NC2=C(N=C(C)C=C3)C3=CC=C2C=C1,CC1=NC2=C(N=C(C)C=C3)C3=CC=C2C=C1,2,10.1155/MBD.2000.343,,MG63,mitochondria,48,>200
C1(C2=NC=CC=C2)=CC=CC=N1,C1(C2=NC=CC=C2)=CC=CC=N1,O=C(COC(C=C1)=CC=C1/C(C(C=C/2)=NC2=C3\C4=CC(OC)=C(OC)C(OC)=C4)=C(N/5)\C=CC5=C(C6=CC(OC)=C(OC)C(OC)=C6)\C7=N/C(C=C7)=C(C8=CC(OC)=C(OC)C(OC)=C8)\C9=CC=C3N9)NC%10=C%11C(N=CC=C%11)=C%12C(C=CC=N%12)=C%10,2,10.1016/j.jlumin.2016.12.024,,HeLa,lysosom,24,50.0
C1(C2=NC=CC=C2)=CC=CC=N1,C1(C2=NC=CC=C2)=CC=CC=N1,COC1=CC(/C(C2=CC=C(/C(C3=CC(OC)=C(OC)C(OC)=C3)=C4N=C(/C(C5=CC(OC)=C(OC)C(OC)=C5)=C(C=C/6)\NC6=C7\C8=CC=C(C9=NC%10=C(C=CC=N%11)C%11=C(N=CC=C%12)C%12=C%10N9)C=C8)C=C\4)N2)=C%13C=CC7=N\%13)=CC(OC)=C1OC,2,10.1016/j.jlumin.2016.12.024,,HeLa,lysosom,24,125.0
C1(C2=NC=CC=C2)=CC=CC=N1,C1(C2=NC=CC=C2)=CC=CC=N1,O=C(COC(C=C1)=CC=C1/C(C(C=C/2)=NC2=C3\C4=CC(OC)=C(OC)C(OC)=C4)=C(N/5)\C=CC5=C(C6=CC(OC)=C(OC)C(OC)=C6)\C7=N/C(C=C7)=C(C8=CC(OC)=C(OC)C(OC)=C8)\C9=CC=C3N9)NC%10=C%11C(N=CC=C%11)=C%12C(C=CC=N%12)=C%10,2,10.1021/bc300201h,,HeLa,lysosom,6,118.0
C1(C2=NC=CC=C2)=CC=CC=N1,C1(C2=NC=CC=C2)=CC=CC=N1,COC1=CC(/C(C2=CC=C(/C(C3=CC(OC)=C(OC)C(OC)=C3)=C4N=C(/C(C5=CC(OC)=C(OC)C(OC)=C5)=C(C=C/6)\NC6=C7\C8=CC=C(C#CC9=C(C=CC=N%10)C%10=C(N=CC=C%11)C%11=C9)C=C8)C=C\4)N2)=C%12C=CC7=N\%12)=CC(OC)=C1OC,2,10.1021/bc300201h,,HeLa,mitochondria,6,175.0
C1(C2=NC=CC=C2)=CC=CC=N1,C1(C2=NC=CC=C2)=CC=CC=N1,COC1=CC(/C(C2=CC=C(/C(C3=CC(OC)=C(OC)C(OC)=C3)=C4N=C(/C(C5=CC(OC)=C(OC)C(OC)=C5)=C(C=C/6)\NC6=C7\C8=CC=C(OCCOCCOC9=CC=NC%10=C(N=CC=C%11O)C%11=CC=C%109)C=C8)C=C\4)N2)=C%12C=CC7=N\%12)=CC(OC)=C1OC,2,10.1021/bc300201h,,HeLa,cytoplasm,6,>250
C1(C2=CC=CC=N2)=CC=CC=N1,C1(C2=CC=CC=N2)=CC=CC=N1,CC1=CC(C2=NC(C=CC=C3)=C3N2C)=NC=C1,2,10.1016/j.ijpharm.2012.07.022,,MCF.7,,72,270.0
C1(C2=CC=CC=N2)=CC=CC=N1,C1(C2=CC=CC=N2)=CC=CC=N1,CC1=CC(C2=NC(C=CC=C3)=C3N2C)=NC=C1,2,10.1016/j.ijpharm.2012.07.022,,HT-29,,72,420.0
C1(C2=CC=CC=N2)=CC=CC=N1,C1(C2=CC=CC=N2)=CC=CC=N1,CC1=CC(C2=NC(C=CC=C3)=C3N2CCCCCCNC(CC/C(C)=C/CC/C(C)=C/CC/C=C(C)/CC/C=C(C)/CC/C=C(C)/C)=O)=NC=C1,2,10.1016/j.ijpharm.2012.07.022,,MCF.7,,72,110.0
C1(C2=CC=CC=N2)=CC=CC=N1,C1(C2=CC=CC=N2)=CC=CC=N1,CC1=CC(C2=NC(C=CC=C3)=C3N2CCCCCCNC(CC/C(C)=C/CC/C(C)=C/CC/C=C(C)/CC/C=C(C)/CC/C=C(C)/C)=O)=NC=C1,2,10.1016/j.ijpharm.2012.07.022,,HT-29,,72,380.0
CC1=NC(C2=CC=CC(C)=N2)=CC=C1,CC1=NC(C2=CC=CC(C)=N2)=CC=C1,C1(C2=NC=CC=C2C3=C4NC(C5=CC=CS5)=N3)=C4C=CC=N1,2,10.1016/j.jinorgbio.2016.01.009,,HL-60,,48,26.50
CC1=NC(C2=CC=CC(C)=N2)=CC=C1,CC1=NC(C2=CC=CC(C)=N2)=CC=C1,C1(C2=NC=CC=C2C3=C4NC(C5=CC=C(C6=CC=CS6)S5)=N3)=C4C=CC=N1,2,10.1016/j.jinorgbio.2016.01.009,,HL-60,,48,134.5
CC1=NC(C2=CC=CC(C)=N2)=CC=C1,CC1=NC(C2=CC=CC(C)=N2)=CC=C1,C1(C2=NC=CC=C2C3=C4NC(C5=CC=C(C6=CC=C(C7=CC=CS7)S6)S5)=N3)=C4C=CC=N1,2,10.1016/j.jinorgbio.2016.01.009,,HL-60,,48,166.5
C1(C2=CC=CC=N2)=CC=CC=N1,C1(C2=CC=CC=N2)=CC=CC=N1,C12=C(C=CC=N2)C3=C(OCCO3)C4=CC=CN=C14,2,10.1021/ic5017164,,HL-60,,84,200.0
C1(C2=CC=CC=N2)=CC=CC=N1,C1(C2=CC=CC=N2)=CC=CC=N1,CC1=NC2=C(C=C1)C3=C(OCCO3)C4=CC=C(C)N=C24,2,10.1021/ic5017164,,HL-60,,84,34.0
CC1=NC(C2=C(C=C3)C=CC(C)=N2)=C3C=C1,CC1=NC(C2=C(C=C3)C=CC(C)=N2)=C3C=C1,C12=C(C=CC=N2)C3=C(OCCO3)C4=CC=CN=C14,2,10.1021/ic5017164,,HL-60,,84,>300
C1(C2=C(C=C3)C=CC=N2)=C3C=CC=N1,C1(C2=C(C=C3)C=CC=N2)=C3C=CC=N1,C1(C2=CC=CC=[C-]2)=NC=CC=C1,1,10.1039/C1DT10322A,2.35,HCT116,,48,0.1
C1(C2=C(C=C3)C=CC=N2)=C3C=CC=N1,C1(C2=C(C=C3)C=CC=N2)=C3C=CC=N1,CN(C(C=[C-]1)=CC=C1C2=NC=CC=C2)C,1,10.1039/C1DT10322A,2.200,HCT116,,48,0.2
C1(C2=C(C=C3)C=CC=N2)=C3C=CC=N1,C1(C2=C(C=C3)C=CC=N2)=C3C=CC=N1,BrC1=CC=[C-]C(C2=NC=CC=C2)=C1,1,10.1039/C1DT10322A,,HCT116,,48,0.2
C1(C2=C(C=C3)C=CC=N2)=C3C=CC=N1,C1(C2=C(C=C3)C=CC=N2)=C3C=CC=N1,O=[N+](C1=CC=[C-]C(C2=NC=CC=C2)=C1)[O-],1,10.1039/C1DT10322A,2.050,HCT116,,48,0.5
C1(C2=C(C=C3)C=CC=N2)=C3C=CC=N1,C1(C2=C(C=C3)C=CC=N2)=C3C=CC=N1,NC1=CC=[C-]C(C2=NC=CC=C2)=C1,1,10.1039/C1DT10322A,0.9,HCT116,,48,5.0
C1(C2=C(C=C3)C=CC=N2)=C3C=CC=N1,C1(C2=C(C=C3)C=CC=N2)=C3C=CC=N1,O=C([C@H](OCC1=CC=CC=C1)[C@@H](OCC2=CC=CC=C2)[C@H](OCC3=CC=CC=C3)[C@H](OCC4=CC=CC=C4)COCC5=CC=CC=C5)NC6=CC(C7=CC=CC=N7)=[C-]C=C6,1,10.1039/C1DT10322A,,HCT116,,48,4.0
C1(C2=C(C=C3)C=CC=N2)=C3C=CC=N1,C1(C2=C(C=C3)C=CC=N2)=C3C=CC=N1,O=C(NCCCN(C(OC(C)(C)C)=O)CCCCN(C(OC(C)(C)C)=O)CCCNC(OC(C)(C)C)=O)C1=CN=C(C2=CC=CC=[C-]2)C=C1,1,10.1039/C1DT10322A,5.50,HCT116,,48,1.0
C1(C2=C(C=C3)C=CC=N2)=C3C=CC=N1,C1(C2=C(C=C3)C=CC=N2)=C3C=CC=N1,O=C(NCCCNCCCCNCCCN)C1=CN=C(C2=CC=CC=[C-]2)C=C1,1,10.1039/C1DT10322A,,HCT116,,48,>50
C1(C2=C(C=C3)C=CC=N2)=C3C=CC=N1,C1(C2=C(C=C3)C=CC=N2)=C3C=CC=N1,[O-]C1=CC=CC2=CC=CN=C21,1,10.1039/C1DT10322A,0.85,HCT116,,48,15.0
C1(C2=CC=CC=N2)=CC=CC=N1,C1(C2=CC=CC=N2)=CC=CC=N1,O=C1C=C(C2=CC(C=C[N-]2)=O)[N-]C=C1,0,10.1016/j.jinorgbio.2013.10.008,,HeLa,,48,88.0
C1(C2=CC=CC=N2)=CC=CC=N1,C1(C2=CC=CC=N2)=CC=CC=N1,O=C1[N-]C(C2=CC=CC([N-]2)=O)=CC=C1,0,10.1016/j.jinorgbio.2013.10.008,,HeLa,,48,>100
C1(C2=CC=CC=N2)=CC=CC=N1,C1(C2=CC=CC=N2)=CC=CC=N1,C1(C2=CC=CC=N2)=CC=CC=N1,2,10.1016/j.jinorgbio.2013.10.008,,HeLa,,48,152.0
C1(C2=C(C=C3)C=CC=N2)=C3C=CC=N1,C1(C2=C(C=C3)C=CC=N2)=C3C=CC=N1,COC1=CC=CC=C1C(N2)=NC3=C2C4=C(C5=NC=CC=C53)N=CC=C4,2,10.1016/j.jinorgbio.2007.07.035,,L1210,,96,61.2
C1(C2=C(C=C3)C=CC=N2)=C3C=CC=N1,C1(C2=C(C=C3)C=CC=N2)=C3C=CC=N1,COC1=CC=CC=C1C(N2)=NC3=C2C4=C(C5=NC=CC=C53)N=CC=C4,2,10.1016/j.jinorgbio.2007.07.035,,HL-60,,96,72.3
C1(C2=C(C=C3)C=CC=N2)=C3C=CC=N1,C1(C2=C(C=C3)C=CC=N2)=C3C=CC=N1,COC1=CC=CC=C1C(N2)=NC3=C2C4=C(C5=NC=CC=C53)N=CC=C4,2,10.1016/j.jinorgbio.2007.07.035,,KB,,96,88.5
C1(C2=C(C=C3)C=CC=N2)=C3C=CC=N1,C1(C2=C(C=C3)C=CC=N2)=C3C=CC=N1,COC1=CC=CC=C1C(N2)=NC3=C2C4=C(C5=NC=CC=C53)N=CC=C4,2,10.1016/j.jinorgbio.2007.07.035,,BEL.7402,,96,40.3
C1(C2=C(C=C3)C=CC=N2)=C3C=CC=N1,C1(C2=C(C=C3)C=CC=N2)=C3C=CC=N1,CC1=CC=CC=C1C(N2)=NC3=C2C4=C(C5=NC=CC=C53)N=CC=C4,2,10.1016/j.jinorgbio.2007.07.035,,L1210,,96,36.6
C1(C2=C(C=C3)C=CC=N2)=C3C=CC=N1,C1(C2=C(C=C3)C=CC=N2)=C3C=CC=N1,CC1=CC=CC=C1C(N2)=NC3=C2C4=C(C5=NC=CC=C53)N=CC=C4,2,10.1016/j.jinorgbio.2007.07.035,,HL-60,,96,45.8
C1(C2=C(C=C3)C=CC=N2)=C3C=CC=N1,C1(C2=C(C=C3)C=CC=N2)=C3C=CC=N1,CC1=CC=CC=C1C(N2)=NC3=C2C4=C(C5=NC=CC=C53)N=CC=C4,2,10.1016/j.jinorgbio.2007.07.035,,KB,,96,46.4
C1(C2=C(C=C3)C=CC=N2)=C3C=CC=N1,C1(C2=C(C=C3)C=CC=N2)=C3C=CC=N1,CC1=CC=CC=C1C(N2)=NC3=C2C4=C(C5=NC=CC=C53)N=CC=C4,2,10.1016/j.jinorgbio.2007.07.035,,BEL.7402,,96,57.6
C1(C2=C(C=C3)C=CC=N2)=C3C=CC=N1,C1(C2=C(C=C3)C=CC=N2)=C3C=CC=N1,ClC1=CC=CC=C1C(N2)=NC3=C2C4=C(C5=NC=CC=C53)N=CC=C4,2,10.1016/j.jinorgbio.2007.07.035,,L1210,,96,38.2
C1(C2=C(C=C3)C=CC=N2)=C3C=CC=N1,C1(C2=C(C=C3)C=CC=N2)=C3C=CC=N1,ClC1=CC=CC=C1C(N2)=NC3=C2C4=C(C5=NC=CC=C53)N=CC=C4,2,10.1016/j.jinorgbio.2007.07.035,,HL-60,,96,47.5
C1(C2=C(C=C3)C=CC=N2)=C3C=CC=N1,C1(C2=C(C=C3)C=CC=N2)=C3C=CC=N1,ClC1=CC=CC=C1C(N2)=NC3=C2C4=C(C5=NC=CC=C53)N=CC=C4,2,10.1016/j.jinorgbio.2007.07.035,,KB,,96,63.3
C1(C2=C(C=C3)C=CC=N2)=C3C=CC=N1,C1(C2=C(C=C3)C=CC=N2)=C3C=CC=N1,ClC1=CC=CC=C1C(N2)=NC3=C2C4=C(C5=NC=CC=C53)N=CC=C4,2,10.1016/j.jinorgbio.2007.07.035,,BEL.7402,,96,48.2
C1(C2=C(C=C3)C=CC=N2)=C3C=CC=N1,C1(C2=C(C=C3)C=CC=N2)=C3C=CC=N1,O=[N+](C1=CC=CC=C1C(N2)=NC3=C2C4=C(C5=NC=CC=C53)N=CC=C4)[O-],2,10.1016/j.jinorgbio.2007.07.035,,L1210,,96,25.40
C1(C2=C(C=C3)C=CC=N2)=C3C=CC=N1,C1(C2=C(C=C3)C=CC=N2)=C3C=CC=N1,O=[N+](C1=CC=CC=C1C(N2)=NC3=C2C4=C(C5=NC=CC=C53)N=CC=C4)[O-],2,10.1016/j.jinorgbio.2007.07.035,,HL-60,,96,32.3
C1(C2=C(C=C3)C=CC=N2)=C3C=CC=N1,C1(C2=C(C=C3)C=CC=N2)=C3C=CC=N1,O=[N+](C1=CC=CC=C1C(N2)=NC3=C2C4=C(C5=NC=CC=C53)N=CC=C4)[O-],2,10.1016/j.jinorgbio.2007.07.035,,KB,,96,23.60
C1(C2=C(C=C3)C=CC=N2)=C3C=CC=N1,C1(C2=C(C=C3)C=CC=N2)=C3C=CC=N1,O=[N+](C1=CC=CC=C1C(N2)=NC3=C2C4=C(C5=NC=CC=C53)N=CC=C4)[O-],2,10.1016/j.jinorgbio.2007.07.035,,BEL.7402,,96,28.50
C1(C2=C(C=C3)C=CC=N2)=C3C=CC=N1,C1(C2=C(C=C3)C=CC=N2)=C3C=CC=N1,COC(C=C1)=CC=C1C(N2)=NC3=C2C4=C(C5=NC=CC=C53)N=CC=C4,2,10.1016/j.jinorgbio.2007.07.035,,L1210,,96,5.80
C1(C2=C(C=C3)C=CC=N2)=C3C=CC=N1,C1(C2=C(C=C3)C=CC=N2)=C3C=CC=N1,COC(C=C1)=CC=C1C(N2)=NC3=C2C4=C(C5=NC=CC=C53)N=CC=C4,2,10.1016/j.jinorgbio.2007.07.035,,HL-60,,96,7.200
C1(C2=C(C=C3)C=CC=N2)=C3C=CC=N1,C1(C2=C(C=C3)C=CC=N2)=C3C=CC=N1,COC(C=C1)=CC=C1C(N2)=NC3=C2C4=C(C5=NC=CC=C53)N=CC=C4,2,10.1016/j.jinorgbio.2007.07.035,,KB,,96,5.300
C1(C2=C(C=C3)C=CC=N2)=C3C=CC=N1,C1(C2=C(C=C3)C=CC=N2)=C3C=CC=N1,COC(C=C1)=CC=C1C(N2)=NC3=C2C4=C(C5=NC=CC=C53)N=CC=C4,2,10.1016/j.jinorgbio.2007.07.035,,BEL.7402,,96,8.60
C1(C2=C(C=C3)C=CC=N2)=C3C=CC=N1,C1(C2=C(C=C3)C=CC=N2)=C3C=CC=N1,OC(C=C1)=CC=C1C(N2)=NC3=C2C4=C(C5=NC=CC=C53)N=CC=C4,2,10.1016/j.jinorgbio.2007.07.035,,L1210,,96,5.90
C1(C2=C(C=C3)C=CC=N2)=C3C=CC=N1,C1(C2=C(C=C3)C=CC=N2)=C3C=CC=N1,OC(C=C1)=CC=C1C(N2)=NC3=C2C4=C(C5=NC=CC=C53)N=CC=C4,2,10.1016/j.jinorgbio.2007.07.035,,HL-60,,96,8.60
C1(C2=C(C=C3)C=CC=N2)=C3C=CC=N1,C1(C2=C(C=C3)C=CC=N2)=C3C=CC=N1,OC(C=C1)=CC=C1C(N2)=NC3=C2C4=C(C5=NC=CC=C53)N=CC=C4,2,10.1016/j.jinorgbio.2007.07.035,,KB,,96,5.100
C1(C2=C(C=C3)C=CC=N2)=C3C=CC=N1,C1(C2=C(C=C3)C=CC=N2)=C3C=CC=N1,OC(C=C1)=CC=C1C(N2)=NC3=C2C4=C(C5=NC=CC=C53)N=CC=C4,2,10.1016/j.jinorgbio.2007.07.035,,BEL.7402,,96,11.200
C1(C2=C(C=C3)C=CC=N2)=C3C=CC=N1,C1(C2=C(C=C3)C=CC=N2)=C3C=CC=N1,O=[N+](C(C=C1)=CC=C1C(N2)=NC3=C2C4=C(C5=NC=CC=C53)N=CC=C4)[O-],2,10.1016/j.jinorgbio.2007.07.035,,L1210,,96,34.10
C1(C2=C(C=C3)C=CC=N2)=C3C=CC=N1,C1(C2=C(C=C3)C=CC=N2)=C3C=CC=N1,O=[N+](C(C=C1)=CC=C1C(N2)=NC3=C2C4=C(C5=NC=CC=C53)N=CC=C4)[O-],2,10.1016/j.jinorgbio.2007.07.035,,HL-60,,96,27.60
C1(C2=C(C=C3)C=CC=N2)=C3C=CC=N1,C1(C2=C(C=C3)C=CC=N2)=C3C=CC=N1,O=[N+](C(C=C1)=CC=C1C(N2)=NC3=C2C4=C(C5=NC=CC=C53)N=CC=C4)[O-],2,10.1016/j.jinorgbio.2007.07.035,,KB,,96,19.90
C1(C2=C(C=C3)C=CC=N2)=C3C=CC=N1,C1(C2=C(C=C3)C=CC=N2)=C3C=CC=N1,O=[N+](C(C=C1)=CC=C1C(N2)=NC3=C2C4=C(C5=NC=CC=C53)N=CC=C4)[O-],2,10.1016/j.jinorgbio.2007.07.035,,BEL.7402,,96,20.100
C1(C2=CC=CC=N2)=CC=CC=N1,C1(C2=CC=CC=N2)=CC=CC=N1,N[C@@](C)(C(NCC(N[C@@](CSCC1C(C(C=C2)=CC=C2C(NCCCOCCOCCOCCCN(N=N3)C=C3C4=CC=NC(C5=CC=CC=N5)=C4)=O)=O)(C(N[C@@](CCCCN)(C(N[C@@](CC(N)=O)(C(N[C@@](Cc6ccccc6)(C(N[C@@](Cc7ccccc7)(C(N[C@@](CC8=CNC9=C8C=CC=C9)(C(N[C@@](CCCCN)(C(N[C@@]([C@](O)(C)[H])(C(N[C@@](Cc%10ccccc%10)(C(N[C@@]([C@](O)(C)[H])(C(N[C@@](CO)(C(N[C@@](CSC1)(C(O)=O)[H])=O)[H])=O)[H])=O)[H])=O)[H])=O)[H])=O)[H])=O)[H])=O)[H])=O)[H])=O)[H])=O)[H])=O)=O)[H],2,10.1039/C5CC03473F,,A549,,12,>300
C1(C2=NC=CC=C2)=CC=CC=N1,C1(C2=NC=CC=C2)=CC=CC=N1,C1(C2=NC=CC=C2)=CC=CC=[C-]1,2,10.1248/cpb.c15-00903,,L1210,,48,0.5
C1(C2=NC=CC=C2)=CC=CC=N1,C1(C2=NC=CC=C2)=CC=CC=N1,C1(C2=NC=CC=C2)=CC=CC=[C-]1,2,10.1248/cpb.c15-00903,,HeLa,,48,1.70
C1(C2=NC=CC=C2)=CC=CC=N1,C1(C2=NC=CC=C2)=CC=CC=N1,C1(C2=NC=CC=C2)=CC=CC=[C-]1,2,10.1248/cpb.c15-00903,,BALB,,48,12.0
C1(C2=NC=CC=C2)=CC=CC=N1,C1(C2=NC=CC=C2)=CC=CC=N1,CC1=CC=C(C2=NC=CC=C2)[C-]=C1,2,10.1248/cpb.c15-00903,,L1210,,48,0.20
C1(C2=NC=CC=C2)=CC=CC=N1,C1(C2=NC=CC=C2)=CC=CC=N1,CC1=CC=C(C2=NC=CC=C2)[C-]=C1,2,10.1248/cpb.c15-00903,,HeLa,,48,1.50
C1(C2=NC=CC=C2)=CC=CC=N1,C1(C2=NC=CC=C2)=CC=CC=N1,CC1=CC=C(C2=NC=CC=C2)[C-]=C1,2,10.1248/cpb.c15-00903,,BALB,,48,11.0
C1(C2=NC=CC=C2)=CC=CC=N1,C1(C2=NC=CC=C2)=CC=CC=N1,C1(/N=N/C2=CC=CC=C2)=CC=CC=[C-]1,2,10.1248/cpb.c15-00903,,L1210,,48,2.60
C1(C2=NC=CC=C2)=CC=CC=N1,C1(C2=NC=CC=C2)=CC=CC=N1,C1(/N=N/C2=CC=CC=C2)=CC=CC=[C-]1,2,10.1248/cpb.c15-00903,,HeLa,,48,8.60
C1(C2=NC=CC=C2)=CC=CC=N1,C1(C2=NC=CC=C2)=CC=CC=N1,C1(/N=N/C2=CC=CC=C2)=CC=CC=[C-]1,2,10.1248/cpb.c15-00903,,BALB,,48,27.0
C12=CC=C3C(N=CC=C3)=C1N=CC=C2,C12=CC=C3C(N=CC=C3)=C1N=CC=C2,CC(C1=C([O-])C=C(OC)C=C1OC)=O,1,10.1038/s41419-017-0104-6,,HCT116,nucleus,72,1.60
C12=CC=C3C(N=CC=C3)=C1N=CC=C2,C12=CC=C3C(N=CC=C3)=C1N=CC=C2,CC(C1=C([O-])C=C(OC)C=C1OC)=O,1,10.1038/s41419-017-0104-6,,HT-29,nucleus,72,3.40
C12=CC=C3C(N=CC=C3)=C1N=CC=C2,C12=CC=C3C(N=CC=C3)=C1N=CC=C2,CC(C1=C([O-])C=C(OC)C=C1OC)=O,1,10.1038/s41419-017-0104-6,,MCF.7,nucleus,72,22.40
C12=CC=C3C(N=CC=C3)=C1N=CC=C2,C12=CC=C3C(N=CC=C3)=C1N=CC=C2,CC(C1=C([O-])C=C(OC)C=C1OC)=O,1,10.1038/s41419-017-0104-6,,HepG2,nucleus,72,13.50
C12=CC=C3C(N=CC=C3)=C1N=CC=C2,C12=CC=C3C(N=CC=C3)=C1N=CC=C2,CC(C1=C([O-])C=C(OC)C=C1OC)=O,1,10.1038/s41419-017-0104-6,,HSC-3,nucleus,72,7.70
C12=CC=C3C(N=CC=C3)=C1N=CC=C2,C12=CC=C3C(N=CC=C3)=C1N=CC=C2,CC(C1=C([O-])C=C(OC)C=C1OC)=O,1,10.1038/s41419-017-0104-6,,SCC-4,nucleus,72,5.30
C12=CC=C3C(N=CC=C3)=C1N=CC=C2,C12=CC=C3C(N=CC=C3)=C1N=CC=C2,CC(C1=C([O-])C=C(OC)C=C1OC)=O,1,10.1038/s41419-017-0104-6,,SCC-9,nucleus,72,3.40
C12=CC=C3C(N=CC=C3)=C1N=CC=C2,C12=CC=C3C(N=CC=C3)=C1N=CC=C2,CC(C1=C([O-])C=C(OC)C=C1OC)=O,1,10.1038/s41419-017-0104-6,,SCC-15,nucleus,72,6.80
C12=CC=C3C(N=CC=C3)=C1N=CC=C2,C12=CC=C3C(N=CC=C3)=C1N=CC=C2,CC(C1=C([O-])C=C(OC)C=C1OC)=O,1,10.1038/s41419-017-0104-6,,SCC-25,nucleus,72,6.50
C12=CC=C3C(N=CC=C3)=C1N=CC=C2,C12=CC=C3C(N=CC=C3)=C1N=CC=C2,CC(C1=C([O-])C=C(OC)C=C1OC)=O,1,10.1038/s41419-017-0104-6,,AGP-01,nucleus,72,5.30
C12=CC=C3C(N=CC=C3)=C1N=CC=C2,C12=CC=C3C(N=CC=C3)=C1N=CC=C2,CC(C1=C([O-])C=C(OC)C=C1OC)=O,1,10.1038/s41419-017-0104-6,,ACP-02,nucleus,72,18.30
C12=CC=C3C(N=CC=C3)=C1N=CC=C2,C12=CC=C3C(N=CC=C3)=C1N=CC=C2,CC(C1=C([O-])C=C(OC)C=C1OC)=O,1,10.1038/s41419-017-0104-6,,ACP-0,nucleus,72,26.0
C12=CC=C3C(N=CC=C3)=C1N=CC=C2,C12=CC=C3C(N=CC=C3)=C1N=CC=C2,CC(C1=C([O-])C=C(OC)C=C1OC)=O,1,10.1038/s41419-017-0104-6,,HL-60,nucleus,72,6.60
C12=CC=C3C(N=CC=C3)=C1N=CC=C2,C12=CC=C3C(N=CC=C3)=C1N=CC=C2,CC(C1=C([O-])C=C(OC)C=C1OC)=O,1,10.1038/s41419-017-0104-6,,K562,nucleus,72,6.100
C12=CC=C3C(N=CC=C3)=C1N=CC=C2,C12=CC=C3C(N=CC=C3)=C1N=CC=C2,CC(C1=C([O-])C=C(OC)C=C1OC)=O,1,10.1038/s41419-017-0104-6,,B16-F10,nucleus,72,12.40
C12=CC=C3C(N=CC=C3)=C1N=CC=C2,C12=CC=C3C(N=CC=C3)=C1N=CC=C2,CC(C1=C([O-])C=C(OC)C=C1OC)=O,1,10.1038/s41419-017-0104-6,,MRC-5,nucleus,72,21.30
C12=CC=C3C(N=CC=C3)=C1N=CC=C2,C12=CC=C3C(N=CC=C3)=C1N=CC=C2,CC(C1=C([O-])C=C(OC)C=C1OC)=O,1,10.1038/s41419-017-0104-6,,HaCat,nucleus,72,6.100
C12=CC=C3C(N=CC=C3)=C1N=CC=C2,C12=CC=C3C(N=CC=C3)=C1N=CC=C2,CC(C1=C([O-])C=C(OC)C=C1OC)=O,1,10.1038/s41419-017-0104-6,,PBMC,nucleus,72,4.60
C12=CC=C3C(N=CC=C3)=C1N=CC=C2,C12=CC=C3C(N=CC=C3)=C1N=CC=C2,O=C([O-])C1=C([O-])C=CC=C1,0,10.1016/j.jinorgbio.2019.01.011,0.74,A549,cytoplasm,48,17.70
C12=CC=C3C(N=CC=C3)=C1N=CC=C2,C12=CC=C3C(N=CC=C3)=C1N=CC=C2,O=C([O-])C1=C([O-])C=CC=C1,0,10.1016/j.jinorgbio.2019.01.011,0.74,HeLa,cytoplasm,48,26.90
C12=CC=C3C(N=CC=C3)=C1N=CC=C2,C12=CC=C3C(N=CC=C3)=C1N=CC=C2,O=C([O-])C1=C([O-])C=CC=C1,0,10.1016/j.jinorgbio.2019.01.011,0.74,MCF.7,cytoplasm,48,34.7
C12=CC=C3C(N=CC=C3)=C1N=CC=C2,C12=CC=C3C(N=CC=C3)=C1N=CC=C2,O=C([O-])C1=C([O-])C=CC=C1,0,10.1016/j.jinorgbio.2019.01.011,0.74,HepG2,cytoplasm,48,26.90
C12=CC=C3C(N=CC=C3)=C1N=CC=C2,C12=CC=C3C(N=CC=C3)=C1N=CC=C2,O=C([O-])C1=C([O-])C=CC=C1,0,10.1016/j.jinorgbio.2019.01.011,0.74,BEAS.2B,cytoplasm,48,62.50
CC1=CC=NC(C2=NC=CC(C)=C2)=C1,CC1=CC=NC(C2=NC=CC(C)=C2)=C1,O=C([O-])C1=C([O-])C=CC=C1,0,10.1016/j.jinorgbio.2019.01.011,0.66,A549,cytoplasm,48,28.100
CC1=CC=NC(C2=NC=CC(C)=C2)=C1,CC1=CC=NC(C2=NC=CC(C)=C2)=C1,O=C([O-])C1=C([O-])C=CC=C1,0,10.1016/j.jinorgbio.2019.01.011,0.66,HeLa,cytoplasm,48,29.40
CC1=CC=NC(C2=NC=CC(C)=C2)=C1,CC1=CC=NC(C2=NC=CC(C)=C2)=C1,O=C([O-])C1=C([O-])C=CC=C1,0,10.1016/j.jinorgbio.2019.01.011,0.66,MCF.7,cytoplasm,48,38.50
CC1=CC=NC(C2=NC=CC(C)=C2)=C1,CC1=CC=NC(C2=NC=CC(C)=C2)=C1,O=C([O-])C1=C([O-])C=CC=C1,0,10.1016/j.jinorgbio.2019.01.011,0.66,HepG2,cytoplasm,48,31.60
CC1=CC=NC(C2=NC=CC(C)=C2)=C1,CC1=CC=NC(C2=NC=CC(C)=C2)=C1,O=C([O-])C1=C([O-])C=CC=C1,0,10.1016/j.jinorgbio.2019.01.011,0.66,BEAS.2B,cytoplasm,48,50.1
CC1=CC=NC(C2=NC=CC(C)=C2)=C1,CC1=CC=NC(C2=NC=CC(C)=C2)=C1,O=C([O-])C1=C([O-])C=CC=C1,0,10.1016/j.jinorgbio.2019.01.011,0.66,A549,nucleus,48,28.100
CC1=CC=NC(C2=NC=CC(C)=C2)=C1,CC1=CC=NC(C2=NC=CC(C)=C2)=C1,O=C([O-])C1=C([O-])C=CC=C1,0,10.1016/j.jinorgbio.2019.01.011,0.66,HeLa,nucleus,48,29.40
CC1=CC=NC(C2=NC=CC(C)=C2)=C1,CC1=CC=NC(C2=NC=CC(C)=C2)=C1,O=C([O-])C1=C([O-])C=CC=C1,0,10.1016/j.jinorgbio.2019.01.011,0.66,MCF.7,nucleus,48,38.50
CC1=CC=NC(C2=NC=CC(C)=C2)=C1,CC1=CC=NC(C2=NC=CC(C)=C2)=C1,O=C([O-])C1=C([O-])C=CC=C1,0,10.1016/j.jinorgbio.2019.01.011,0.66,HepG2,nucleus,48,31.60
CC1=CC=NC(C2=NC=CC(C)=C2)=C1,CC1=CC=NC(C2=NC=CC(C)=C2)=C1,O=C([O-])C1=C([O-])C=CC=C1,0,10.1016/j.jinorgbio.2019.01.011,0.66,BEAS.2B,nucleus,48,50.1
C1(C2=NC=CC=C2)=CC=CC=N1,C1(C2=NC=CC=C2)=CC=CC=N1,O=C([O-])C1=C([O-])C=CC=C1,0,10.1016/j.jinorgbio.2019.01.011,0.41,A549,nucleus,48,40.5
C1(C2=NC=CC=C2)=CC=CC=N1,C1(C2=NC=CC=C2)=CC=CC=N1,O=C([O-])C1=C([O-])C=CC=C1,0,10.1016/j.jinorgbio.2019.01.011,0.41,HeLa,nucleus,48,48.2
C1(C2=NC=CC=C2)=CC=CC=N1,C1(C2=NC=CC=C2)=CC=CC=N1,O=C([O-])C1=C([O-])C=CC=C1,0,10.1016/j.jinorgbio.2019.01.011,0.41,MCF.7,nucleus,48,40.2
C1(C2=NC=CC=C2)=CC=CC=N1,C1(C2=NC=CC=C2)=CC=CC=N1,O=C([O-])C1=C([O-])C=CC=C1,0,10.1016/j.jinorgbio.2019.01.011,0.41,HepG2,nucleus,48,43.5
C1(C2=NC=CC=C2)=CC=CC=N1,C1(C2=NC=CC=C2)=CC=CC=N1,O=C([O-])C1=C([O-])C=CC=C1,0,10.1016/j.jinorgbio.2019.01.011,0.41,BEAS.2B,nucleus,48,64.3
C1(C2=NC=CC=C2)=CC=CC=N1,C1(C2=NC=CC=C2)=CC=CC=N1,O=C1C([O-])=CC(C2=CC=CC=C21)=O,1,10.1016/j.bioorg.2019.02.010,0.228,FGH,,24,74.3
C1(C2=NC=CC=C2)=CC=CC=N1,C1(C2=NC=CC=C2)=CC=CC=N1,O=C1C([O-])=CC(C2=CC=CC=C21)=O,1,10.1016/j.bioorg.2019.02.010,0.228,HUVEC,,24,93.1
C1(C2=NC=CC=C2)=CC=CC=N1,C1(C2=NC=CC=C2)=CC=CC=N1,O=C1C([O-])=CC(C2=CC=CC=C21)=O,1,10.1016/j.bioorg.2019.02.010,0.228,A549,,24,99.1
C1(C2=NC=CC=C2)=CC=CC=N1,C1(C2=NC=CC=C2)=CC=CC=N1,O=C1C([O-])=CC(C2=CC=CC=C21)=O,1,10.1016/j.bioorg.2019.02.010,0.228,Caco2,,24,60.3
C1(C2=NC=CC=C2)=CC=CC=N1,C1(C2=NC=CC=C2)=CC=CC=N1,O=C1C([O-])=CC(C2=CC=CC=C21)=O,1,10.1016/j.bioorg.2019.02.010,0.228,Du145,,24,41.1
C1(C2=NC=CC=C2)=CC=CC=N1,C1(C2=NC=CC=C2)=CC=CC=N1,O=C1C([O-])=CC(C2=CC=CC=C21)=O,1,10.1016/j.bioorg.2019.02.010,0.228,HepG2,,24,53.9
C1(C2=NC=CC=C2)=CC=CC=N1,C1(C2=NC=CC=C2)=CC=CC=N1,O=C1C([O-])=CC(C2=CC=CC=C21)=O,1,10.1016/j.bioorg.2019.02.010,0.228,PC-3,,24,61.9
C1(C2=NC=CC=C2)=CC=CC=N1,C1(C2=NC=CC=C2)=CC=CC=N1,O=C1C([O-])=CC(C2=CC=CC=C21)=O,1,10.1016/j.bioorg.2019.02.010,0.228,MDA-MB-231,,24,63.1
C12=CC=C3C(N=CC=C3)=C1N=CC=C2,C12=CC=C3C(N=CC=C3)=C1N=CC=C2,O=C1C([O-])=CC(C2=CC=CC=C21)=O,1,10.1016/j.bioorg.2019.02.010,0.573,FGH,,24,80.7
C12=CC=C3C(N=CC=C3)=C1N=CC=C2,C12=CC=C3C(N=CC=C3)=C1N=CC=C2,O=C1C([O-])=CC(C2=CC=CC=C21)=O,1,10.1016/j.bioorg.2019.02.010,0.573,HUVEC,,24,78.7
C12=CC=C3C(N=CC=C3)=C1N=CC=C2,C12=CC=C3C(N=CC=C3)=C1N=CC=C2,O=C1C([O-])=CC(C2=CC=CC=C21)=O,1,10.1016/j.bioorg.2019.02.010,0.573,A549,,24,69.1
C12=CC=C3C(N=CC=C3)=C1N=CC=C2,C12=CC=C3C(N=CC=C3)=C1N=CC=C2,O=C1C([O-])=CC(C2=CC=CC=C21)=O,1,10.1016/j.bioorg.2019.02.010,0.573,Caco2,,24,58.1
C12=CC=C3C(N=CC=C3)=C1N=CC=C2,C12=CC=C3C(N=CC=C3)=C1N=CC=C2,O=C1C([O-])=CC(C2=CC=CC=C21)=O,1,10.1016/j.bioorg.2019.02.010,0.573,Du145,,24,37.2
C12=CC=C3C(N=CC=C3)=C1N=CC=C2,C12=CC=C3C(N=CC=C3)=C1N=CC=C2,O=C1C([O-])=CC(C2=CC=CC=C21)=O,1,10.1016/j.bioorg.2019.02.010,0.573,HepG2,,24,49.0
C12=CC=C3C(N=CC=C3)=C1N=CC=C2,C12=CC=C3C(N=CC=C3)=C1N=CC=C2,O=C1C([O-])=CC(C2=CC=CC=C21)=O,1,10.1016/j.bioorg.2019.02.010,0.573,PC-3,,24,52.1
C12=CC=C3C(N=CC=C3)=C1N=CC=C2,C12=CC=C3C(N=CC=C3)=C1N=CC=C2,O=C1C([O-])=CC(C2=CC=CC=C21)=O,1,10.1016/j.bioorg.2019.02.010,0.573,MDA-MB-231,,24,69.4
C1(C2=NC=CC=C2)=CC=CC=N1,P(C1=CC=CC=C1)(C2=CC=CC=C2)CP(C3=CC=CC=C3)C4=CC=CC=C4,O=C1C([O-])=CC(C2=CC=CC=C21)=O,1,10.1016/j.bioorg.2019.02.010,0.437,FGH,,24,4.300
C1(C2=NC=CC=C2)=CC=CC=N1,P(C1=CC=CC=C1)(C2=CC=CC=C2)CP(C3=CC=CC=C3)C4=CC=CC=C4,O=C1C([O-])=CC(C2=CC=CC=C21)=O,1,10.1016/j.bioorg.2019.02.010,0.437,HUVEC,,24,8.100
C1(C2=NC=CC=C2)=CC=CC=N1,P(C1=CC=CC=C1)(C2=CC=CC=C2)CP(C3=CC=CC=C3)C4=CC=CC=C4,O=C1C([O-])=CC(C2=CC=CC=C21)=O,1,10.1016/j.bioorg.2019.02.010,0.437,A549,,24,4.80
C1(C2=NC=CC=C2)=CC=CC=N1,P(C1=CC=CC=C1)(C2=CC=CC=C2)CP(C3=CC=CC=C3)C4=CC=CC=C4,O=C1C([O-])=CC(C2=CC=CC=C21)=O,1,10.1016/j.bioorg.2019.02.010,0.437,Caco2,,24,2.60
C1(C2=NC=CC=C2)=CC=CC=N1,P(C1=CC=CC=C1)(C2=CC=CC=C2)CP(C3=CC=CC=C3)C4=CC=CC=C4,O=C1C([O-])=CC(C2=CC=CC=C21)=O,1,10.1016/j.bioorg.2019.02.010,0.437,Du145,,24,1.90
C1(C2=NC=CC=C2)=CC=CC=N1,P(C1=CC=CC=C1)(C2=CC=CC=C2)CP(C3=CC=CC=C3)C4=CC=CC=C4,O=C1C([O-])=CC(C2=CC=CC=C21)=O,1,10.1016/j.bioorg.2019.02.010,0.437,HepG2,,24,1.80
C1(C2=NC=CC=C2)=CC=CC=N1,P(C1=CC=CC=C1)(C2=CC=CC=C2)CP(C3=CC=CC=C3)C4=CC=CC=C4,O=C1C([O-])=CC(C2=CC=CC=C21)=O,1,10.1016/j.bioorg.2019.02.010,0.437,PC-3,,24,3.30
C1(C2=NC=CC=C2)=CC=CC=N1,P(C1=CC=CC=C1)(C2=CC=CC=C2)CP(C3=CC=CC=C3)C4=CC=CC=C4,O=C1C([O-])=CC(C2=CC=CC=C21)=O,1,10.1016/j.bioorg.2019.02.010,0.437,MDA-MB-231,,24,3.60
C12=CC=C3C(N=CC=C3)=C1N=CC=C2,P(C1=CC=CC=C1)(C2=CC=CC=C2)CP(C3=CC=CC=C3)C4=CC=CC=C4,O=C1C([O-])=CC(C2=CC=CC=C21)=O,1,10.1016/j.bioorg.2019.02.010,0.793,FGH,,24,3.20
C12=CC=C3C(N=CC=C3)=C1N=CC=C2,P(C1=CC=CC=C1)(C2=CC=CC=C2)CP(C3=CC=CC=C3)C4=CC=CC=C4,O=C1C([O-])=CC(C2=CC=CC=C21)=O,1,10.1016/j.bioorg.2019.02.010,0.793,HUVEC,,24,6.90
C12=CC=C3C(N=CC=C3)=C1N=CC=C2,P(C1=CC=CC=C1)(C2=CC=CC=C2)CP(C3=CC=CC=C3)C4=CC=CC=C4,O=C1C([O-])=CC(C2=CC=CC=C21)=O,1,10.1016/j.bioorg.2019.02.010,0.793,A549,,24,4.20
C12=CC=C3C(N=CC=C3)=C1N=CC=C2,P(C1=CC=CC=C1)(C2=CC=CC=C2)CP(C3=CC=CC=C3)C4=CC=CC=C4,O=C1C([O-])=CC(C2=CC=CC=C21)=O,1,10.1016/j.bioorg.2019.02.010,0.793,Caco2,,24,2.40
C12=CC=C3C(N=CC=C3)=C1N=CC=C2,P(C1=CC=CC=C1)(C2=CC=CC=C2)CP(C3=CC=CC=C3)C4=CC=CC=C4,O=C1C([O-])=CC(C2=CC=CC=C21)=O,1,10.1016/j.bioorg.2019.02.010,0.793,Du145,,24,1.30
C12=CC=C3C(N=CC=C3)=C1N=CC=C2,P(C1=CC=CC=C1)(C2=CC=CC=C2)CP(C3=CC=CC=C3)C4=CC=CC=C4,O=C1C([O-])=CC(C2=CC=CC=C21)=O,1,10.1016/j.bioorg.2019.02.010,0.793,HepG2,,24,1.80
C12=CC=C3C(N=CC=C3)=C1N=CC=C2,P(C1=CC=CC=C1)(C2=CC=CC=C2)CP(C3=CC=CC=C3)C4=CC=CC=C4,O=C1C([O-])=CC(C2=CC=CC=C21)=O,1,10.1016/j.bioorg.2019.02.010,0.793,PC-3,,24,2.20
C12=CC=C3C(N=CC=C3)=C1N=CC=C2,P(C1=CC=CC=C1)(C2=CC=CC=C2)CP(C3=CC=CC=C3)C4=CC=CC=C4,O=C1C([O-])=CC(C2=CC=CC=C21)=O,1,10.1016/j.bioorg.2019.02.010,0.793,MDA-MB-231,,24,3.0
C12=CC=C3C(N=CC=C3)=C1N=CC=C2,C12=CC=C3C(N=CC=C3)=C1N=CC=C2,FC(C1=CC=CC=C1C2=NC3=C4C(N=CC=C4)=C5C(C=CC=N5)=C3N2)(F)F,2,10.1016/j.ejmech.2018.12.041,,HepG2,mitochondria,72,4.0
C12=CC=C3C(N=CC=C3)=C1N=CC=C2,C12=CC=C3C(N=CC=C3)=C1N=CC=C2,FC(C1=CC=CC=C1C2=NC3=C4C(N=CC=C4)=C5C(C=CC=N5)=C3N2)(F)F,2,10.1016/j.ejmech.2018.12.041,,A549,mitochondria,72,3.0
C12=CC=C3C(N=CC=C3)=C1N=CC=C2,C12=CC=C3C(N=CC=C3)=C1N=CC=C2,FC(C1=CC=CC=C1C2=NC3=C4C(N=CC=C4)=C5C(C=CC=N5)=C3N2)(F)F,2,10.1016/j.ejmech.2018.12.041,,MDA-MB-231,mitochondria,72,12.40
C12=CC=C3C(N=CC=C3)=C1N=CC=C2,C12=CC=C3C(N=CC=C3)=C1N=CC=C2,FC(C1=CC=CC=C1C2=NC3=C4C(N=CC=C4)=C5C(C=CC=N5)=C3N2)(F)F,2,10.1016/j.ejmech.2018.12.041,,CNE-1,mitochondria,72,3.90
C12=CC=C3C(N=CC=C3)=C1N=CC=C2,C12=CC=C3C(N=CC=C3)=C1N=CC=C2,FC(C1=CC=CC=C1C2=NC3=C4C(N=CC=C4)=C5C(C=CC=N5)=C3N2)(F)F,2,10.1016/j.ejmech.2018.12.041,,HaCat,mitochondria,72,26.80
C1(C2=NC=CC=C2)=CC=CC=N1,C1(C2=NC=CC=C2)=CC=CC=N1,FC(C1=CC=CC=C1C2=NC3=C4C(N=CC=C4)=C5C(C=CC=N5)=C3N2)(F)F,2,10.1016/j.ejmech.2018.12.041,,HepG2,,72,>100
C1(C2=NC=CC=C2)=CC=CC=N1,C1(C2=NC=CC=C2)=CC=CC=N1,FC(C1=CC=CC=C1C2=NC3=C4C(N=CC=C4)=C5C(C=CC=N5)=C3N2)(F)F,2,10.1016/j.ejmech.2018.12.041,,A549,,72,>100
C1(C2=NC=CC=C2)=CC=CC=N1,C1(C2=NC=CC=C2)=CC=CC=N1,FC(C1=CC=CC=C1C2=NC3=C4C(N=CC=C4)=C5C(C=CC=N5)=C3N2)(F)F,2,10.1016/j.ejmech.2018.12.041,,MDA-MB-231,,72,59.1
C1(C2=NC=CC=C2)=CC=CC=N1,C1(C2=NC=CC=C2)=CC=CC=N1,FC(C1=CC=CC=C1C2=NC3=C4C(N=CC=C4)=C5C(C=CC=N5)=C3N2)(F)F,2,10.1016/j.ejmech.2018.12.041,,CNE-1,,72,>100
C1(C2=NC=CC=C2)=CC=CC=N1,C1(C2=NC=CC=C2)=CC=CC=N1,FC(C1=CC=CC=C1C2=NC3=C4C(N=CC=C4)=C5C(C=CC=N5)=C3N2)(F)F,2,10.1016/j.ejmech.2018.12.041,,HaCat,,72,>100
C12=CC=C3C(N=CC=C3)=C1N=CC=C2,C12=CC=C3C(N=CC=C3)=C1N=CC=C2,COC1=CC=CC=C1C2=NC3=C4C(N=CC=C4)=C5C(C=CC=N5)=C3N2,2,10.1016/j.ejmech.2018.12.041,,HepG2,,72,>100
C12=CC=C3C(N=CC=C3)=C1N=CC=C2,C12=CC=C3C(N=CC=C3)=C1N=CC=C2,COC1=CC=CC=C1C2=NC3=C4C(N=CC=C4)=C5C(C=CC=N5)=C3N2,2,10.1016/j.ejmech.2018.12.041,,A549,,72,>100
C12=CC=C3C(N=CC=C3)=C1N=CC=C2,C12=CC=C3C(N=CC=C3)=C1N=CC=C2,COC1=CC=CC=C1C2=NC3=C4C(N=CC=C4)=C5C(C=CC=N5)=C3N2,2,10.1016/j.ejmech.2018.12.041,,MDA-MB-231,,72,>100
C12=CC=C3C(N=CC=C3)=C1N=CC=C2,C12=CC=C3C(N=CC=C3)=C1N=CC=C2,COC1=CC=CC=C1C2=NC3=C4C(N=CC=C4)=C5C(C=CC=N5)=C3N2,2,10.1016/j.ejmech.2018.12.041,,CNE-1,,72,>100
C12=CC=C3C(N=CC=C3)=C1N=CC=C2,C12=CC=C3C(N=CC=C3)=C1N=CC=C2,COC1=CC=CC=C1C2=NC3=C4C(N=CC=C4)=C5C(C=CC=N5)=C3N2,2,10.1016/j.ejmech.2018.12.041,,HaCat,,72,>100
C1(C2=NC=CC=C2)=CC=CC=N1,C1(C2=NC=CC=C2)=CC=CC=N1,COC1=CC=CC=C1C2=NC3=C4C(N=CC=C4)=C5C(C=CC=N5)=C3N2,2,10.1016/j.ejmech.2018.12.041,,HepG2,,72,>100
C1(C2=NC=CC=C2)=CC=CC=N1,C1(C2=NC=CC=C2)=CC=CC=N1,COC1=CC=CC=C1C2=NC3=C4C(N=CC=C4)=C5C(C=CC=N5)=C3N2,2,10.1016/j.ejmech.2018.12.041,,A549,,72,>100
C1(C2=NC=CC=C2)=CC=CC=N1,C1(C2=NC=CC=C2)=CC=CC=N1,COC1=CC=CC=C1C2=NC3=C4C(N=CC=C4)=C5C(C=CC=N5)=C3N2,2,10.1016/j.ejmech.2018.12.041,,MDA-MB-231,,72,>100
C1(C2=NC=CC=C2)=CC=CC=N1,C1(C2=NC=CC=C2)=CC=CC=N1,COC1=CC=CC=C1C2=NC3=C4C(N=CC=C4)=C5C(C=CC=N5)=C3N2,2,10.1016/j.ejmech.2018.12.041,,CNE-1,,72,>100
C1(C2=NC=CC=C2)=CC=CC=N1,C1(C2=NC=CC=C2)=CC=CC=N1,COC1=CC=CC=C1C2=NC3=C4C(N=CC=C4)=C5C(C=CC=N5)=C3N2,2,10.1016/j.ejmech.2018.12.041,,HaCat,,72,>100
C12=CC=C3C(N=CC=C3)=C1N=CC=C2,C12=CC=C3C(N=CC=C3)=C1N=CC=C2,CN(N=C1)C=C1C2=NC3=C4C(N=CC=C4)=C5C(C=CC=N5)=C3N2,2,10.1016/j.ejmech.2017.07.066,,HepG2,,48,25.50
C12=CC=C3C(N=CC=C3)=C1N=CC=C2,C12=CC=C3C(N=CC=C3)=C1N=CC=C2,CN(N=C1)C=C1C2=NC3=C4C(N=CC=C4)=C5C(C=CC=N5)=C3N2,2,10.1016/j.ejmech.2017.07.066,,HeLa,,48,68.0
C12=CC=C3C(N=CC=C3)=C1N=CC=C2,C12=CC=C3C(N=CC=C3)=C1N=CC=C2,CN(N=C1)C=C1C2=NC3=C4C(N=CC=C4)=C5C(C=CC=N5)=C3N2,2,10.1016/j.ejmech.2017.07.066,,A549,,48,>200
C12=CC=C3C(N=CC=C3)=C1N=CC=C2,C12=CC=C3C(N=CC=C3)=C1N=CC=C2,CN(N=C1)C=C1C2=NC3=C4C(N=CC=C4)=C5C(C=CC=N5)=C3N2,2,10.1016/j.ejmech.2017.07.066,,BEL.7402,,48,>200
C12=CC=C3C(N=CC=C3)=C1N=CC=C2,C12=CC=C3C(N=CC=C3)=C1N=CC=C2,CN(N=C1)C=C1C2=NC3=C4C(N=CC=C4)=C5C(C=CC=N5)=C3N2,2,10.1016/j.ejmech.2017.07.066,,SiHa,,48,>200
C12=CC=C3C(N=CC=C3)=C1N=CC=C2,C12=CC=C3C(N=CC=C3)=C1N=CC=C2,CN(N=C1)C=C1C2=NC3=C4C(N=CC=C4)=C5C(C=CC=N5)=C3N2,2,10.1016/j.ejmech.2017.07.066,,SGC-7901,,48,41.6
C12=CC=C3C(N=CC=C3)=C1N=CC=C2,C12=CC=C3C(N=CC=C3)=C1N=CC=C2,CN(N=C1)C=C1C2=NC3=C4C(N=CC=C4)=C5C(C=CC=N5)=C3N2,2,10.1016/j.ejmech.2017.07.066,,LO2,,48,>200
CC1=NC2=C(N=C(C)C=C3)C3=CC=C2C=C1,CC1=NC2=C(N=C(C)C=C3)C3=CC=C2C=C1,CN(N=C1)C=C1C2=NC3=C4C(N=CC=C4)=C5C(C=CC=N5)=C3N2,2,10.1016/j.ejmech.2017.07.066,,HepG2,,48,35.6
CC1=NC2=C(N=C(C)C=C3)C3=CC=C2C=C1,CC1=NC2=C(N=C(C)C=C3)C3=CC=C2C=C1,CN(N=C1)C=C1C2=NC3=C4C(N=CC=C4)=C5C(C=CC=N5)=C3N2,2,10.1016/j.ejmech.2017.07.066,,HeLa,,48,>200
CC1=NC2=C(N=C(C)C=C3)C3=CC=C2C=C1,CC1=NC2=C(N=C(C)C=C3)C3=CC=C2C=C1,CN(N=C1)C=C1C2=NC3=C4C(N=CC=C4)=C5C(C=CC=N5)=C3N2,2,10.1016/j.ejmech.2017.07.066,,A549,,48,>200
CC1=NC2=C(N=C(C)C=C3)C3=CC=C2C=C1,CC1=NC2=C(N=C(C)C=C3)C3=CC=C2C=C1,CN(N=C1)C=C1C2=NC3=C4C(N=CC=C4)=C5C(C=CC=N5)=C3N2,2,10.1016/j.ejmech.2017.07.066,,BEL.7402,,48,24.60
CC1=NC2=C(N=C(C)C=C3)C3=CC=C2C=C1,CC1=NC2=C(N=C(C)C=C3)C3=CC=C2C=C1,CN(N=C1)C=C1C2=NC3=C4C(N=CC=C4)=C5C(C=CC=N5)=C3N2,2,10.1016/j.ejmech.2017.07.066,,SiHa,,48,>200
CC1=NC2=C(N=C(C)C=C3)C3=CC=C2C=C1,CC1=NC2=C(N=C(C)C=C3)C3=CC=C2C=C1,CN(N=C1)C=C1C2=NC3=C4C(N=CC=C4)=C5C(C=CC=N5)=C3N2,2,10.1016/j.ejmech.2017.07.066,,SGC-7901,,48,>200
CC1=NC2=C(N=C(C)C=C3)C3=CC=C2C=C1,CC1=NC2=C(N=C(C)C=C3)C3=CC=C2C=C1,CN(N=C1)C=C1C2=NC3=C4C(N=CC=C4)=C5C(C=CC=N5)=C3N2,2,10.1016/j.ejmech.2017.07.066,,LO2,,48,>200
CC(C)(C)C1=CC=NC(C2=NC=CC(C(C)(C)C)=C2)=C1,CC(C)(C)C1=CC=NC(C2=NC=CC(C(C)(C)C)=C2)=C1,CN(N=C1)C=C1C2=NC3=C4C(N=CC=C4)=C5C(C=CC=N5)=C3N2,2,10.1016/j.ejmech.2017.07.066,,HepG2,,48,27.40
CC(C)(C)C1=CC=NC(C2=NC=CC(C(C)(C)C)=C2)=C1,CC(C)(C)C1=CC=NC(C2=NC=CC(C(C)(C)C)=C2)=C1,CN(N=C1)C=C1C2=NC3=C4C(N=CC=C4)=C5C(C=CC=N5)=C3N2,2,10.1016/j.ejmech.2017.07.066,,HeLa,,48,82.1
CC(C)(C)C1=CC=NC(C2=NC=CC(C(C)(C)C)=C2)=C1,CC(C)(C)C1=CC=NC(C2=NC=CC(C(C)(C)C)=C2)=C1,CN(N=C1)C=C1C2=NC3=C4C(N=CC=C4)=C5C(C=CC=N5)=C3N2,2,10.1016/j.ejmech.2017.07.066,,A549,,48,33.8
CC(C)(C)C1=CC=NC(C2=NC=CC(C(C)(C)C)=C2)=C1,CC(C)(C)C1=CC=NC(C2=NC=CC(C(C)(C)C)=C2)=C1,CN(N=C1)C=C1C2=NC3=C4C(N=CC=C4)=C5C(C=CC=N5)=C3N2,2,10.1016/j.ejmech.2017.07.066,,BEL.7402,,48,13.90
CC(C)(C)C1=CC=NC(C2=NC=CC(C(C)(C)C)=C2)=C1,CC(C)(C)C1=CC=NC(C2=NC=CC(C(C)(C)C)=C2)=C1,CN(N=C1)C=C1C2=NC3=C4C(N=CC=C4)=C5C(C=CC=N5)=C3N2,2,10.1016/j.ejmech.2017.07.066,,SiHa,,48,50.6
CC(C)(C)C1=CC=NC(C2=NC=CC(C(C)(C)C)=C2)=C1,CC(C)(C)C1=CC=NC(C2=NC=CC(C(C)(C)C)=C2)=C1,CN(N=C1)C=C1C2=NC3=C4C(N=CC=C4)=C5C(C=CC=N5)=C3N2,2,10.1016/j.ejmech.2017.07.066,,SGC-7901,,48,>200
CC(C)(C)C1=CC=NC(C2=NC=CC(C(C)(C)C)=C2)=C1,CC(C)(C)C1=CC=NC(C2=NC=CC(C(C)(C)C)=C2)=C1,CN(N=C1)C=C1C2=NC3=C4C(N=CC=C4)=C5C(C=CC=N5)=C3N2,2,10.1016/j.ejmech.2017.07.066,,LO2,,48,49.60
C1(C2=NC=CC=C2)=CC=CC=N1,C1(C2=NC=CC=C2)=CC=CC=N1,C1(C2=NC=CC=C2C3=C4N=C5C(C=CC=C5)=N3)=C4C=CC=N1,2,10.1016/j.csbj.2018.11.010,-1.87,MDA-MB-231,,72,>100
C1(C2=NC=CC=C2)=CC=CC=N1,C1(C2=NC=CC=C2)=CC=CC=N1,C1(C2=NC=CC=C2C3=C4N=C5C(C=CC=C5)=N3)=C4C=CC=N1,2,10.1016/j.csbj.2018.11.010,-1.87,A549,,72,>100
C1(C2=NC=CC=C2)=CC=CC=N1,C1(C2=NC=CC=C2)=CC=CC=N1,C1(C2=NC=CC=C2C3=C4N=C5C(C=CC=C5)=N3)=C4C=CC=N1,2,10.1016/j.csbj.2018.11.010,-1.87,MCF.7,,72,>100
C1(C2=NC=CC=C2)=CC=CC=N1,C1(C2=NC=CC=C2)=CC=CC=N1,C1(C2=NC=CC=C2C3=C4N=C5C(C=CC=C5)=N3)=C4C=CC=N1,2,10.1016/j.csbj.2018.11.010,-1.87,HepG2,,72,>100
C1(C2=NC=CC=C2)=CC=CC=N1,C1(C2=NC=CC=C2)=CC=CC=N1,C1(C2=NC=CC=C2C3=C4N=C5C(C=CC=C5)=N3)=C4C=CC=N1,2,10.1016/j.csbj.2018.11.010,-1.87,HaCat,,72,>100
C1(C2=NC=CC=C2)=CC=CC=N1,C1(C2=NC=CC=C2)=CC=CC=N1,BrC1=CC2=NC3=C(N=C2C=C1)C4=CC=CN=C4C5=C3C=CC=N5,2,10.1016/j.csbj.2018.11.010,-1.58,MDA-MB-231,,72,>100
C1(C2=NC=CC=C2)=CC=CC=N1,C1(C2=NC=CC=C2)=CC=CC=N1,BrC1=CC2=NC3=C(N=C2C=C1)C4=CC=CN=C4C5=C3C=CC=N5,2,10.1016/j.csbj.2018.11.010,-1.58,A549,,72,94.1
C1(C2=NC=CC=C2)=CC=CC=N1,C1(C2=NC=CC=C2)=CC=CC=N1,BrC1=CC2=NC3=C(N=C2C=C1)C4=CC=CN=C4C5=C3C=CC=N5,2,10.1016/j.csbj.2018.11.010,-1.58,MCF.7,,72,>100
C1(C2=NC=CC=C2)=CC=CC=N1,C1(C2=NC=CC=C2)=CC=CC=N1,BrC1=CC2=NC3=C(N=C2C=C1)C4=CC=CN=C4C5=C3C=CC=N5,2,10.1016/j.csbj.2018.11.010,-1.58,HepG2,,72,>100
C1(C2=NC=CC=C2)=CC=CC=N1,C1(C2=NC=CC=C2)=CC=CC=N1,BrC1=CC2=NC3=C(N=C2C=C1)C4=CC=CN=C4C5=C3C=CC=N5,2,10.1016/j.csbj.2018.11.010,-1.58,HaCat,,72,>100
C1(C2=NC=CC=C2)=CC=CC=N1,C1(C2=NC=CC=C2)=CC=CC=N1,CC1=CC2=NC3=C(N=C2C=C1)C4=CC=CN=C4C5=C3C=CC=N5,2,10.1016/j.csbj.2018.11.010,-2.17,MDA-MB-231,,72,>100
C1(C2=NC=CC=C2)=CC=CC=N1,C1(C2=NC=CC=C2)=CC=CC=N1,CC1=CC2=NC3=C(N=C2C=C1)C4=CC=CN=C4C5=C3C=CC=N5,2,10.1016/j.csbj.2018.11.010,-2.17,A549,,72,93.9
C1(C2=NC=CC=C2)=CC=CC=N1,C1(C2=NC=CC=C2)=CC=CC=N1,CC1=CC2=NC3=C(N=C2C=C1)C4=CC=CN=C4C5=C3C=CC=N5,2,10.1016/j.csbj.2018.11.010,-2.17,MCF.7,,72,9.70
C1(C2=NC=CC=C2)=CC=CC=N1,C1(C2=NC=CC=C2)=CC=CC=N1,CC1=CC2=NC3=C(N=C2C=C1)C4=CC=CN=C4C5=C3C=CC=N5,2,10.1016/j.csbj.2018.11.010,-2.17,HepG2,,72,>100
C1(C2=NC=CC=C2)=CC=CC=N1,C1(C2=NC=CC=C2)=CC=CC=N1,CC1=CC2=NC3=C(N=C2C=C1)C4=CC=CN=C4C5=C3C=CC=N5,2,10.1016/j.csbj.2018.11.010,-2.17,HaCat,,72,>100
C1(C2=NC=CC=C2)=CC=CC=N1,C1(C2=NC=CC=C2)=CC=CC=N1,C1(C2=NC=CC=C2C3=C4N=C5C(C=C(C=CC=C6)C6=C5)=N3)=C4C=CC=N1,2,10.1016/j.csbj.2018.11.010,-1.65,MDA-MB-231,,72,>100
C1(C2=NC=CC=C2)=CC=CC=N1,C1(C2=NC=CC=C2)=CC=CC=N1,C1(C2=NC=CC=C2C3=C4N=C5C(C=C(C=CC=C6)C6=C5)=N3)=C4C=CC=N1,2,10.1016/j.csbj.2018.11.010,-1.65,A549,,72,32.50
C1(C2=NC=CC=C2)=CC=CC=N1,C1(C2=NC=CC=C2)=CC=CC=N1,C1(C2=NC=CC=C2C3=C4N=C5C(C=C(C=CC=C6)C6=C5)=N3)=C4C=CC=N1,2,10.1016/j.csbj.2018.11.010,-1.65,MCF.7,,72,>100
C1(C2=NC=CC=C2)=CC=CC=N1,C1(C2=NC=CC=C2)=CC=CC=N1,C1(C2=NC=CC=C2C3=C4N=C5C(C=C(C=CC=C6)C6=C5)=N3)=C4C=CC=N1,2,10.1016/j.csbj.2018.11.010,-1.65,HepG2,,72,23.0
C1(C2=NC=CC=C2)=CC=CC=N1,C1(C2=NC=CC=C2)=CC=CC=N1,C1(C2=NC=CC=C2C3=C4N=C5C(C=C(C=CC=C6)C6=C5)=N3)=C4C=CC=N1,2,10.1016/j.csbj.2018.11.010,-1.65,HaCat,,72,>100
C1(C2=NC=CC=C2)=CC=CC=N1,C1(C2=NC=CC=C2)=CC=CC=N1,C1(C2=NC=CC=C2C3=C4N=C5C(C=CC(C#CC6=CC=CC=C6)=C5)=N3)=C4C=CC=N1,2,10.1016/j.csbj.2018.11.010,-0.87,MDA-MB-231,nucleus,72,17.200
C1(C2=NC=CC=C2)=CC=CC=N1,C1(C2=NC=CC=C2)=CC=CC=N1,C1(C2=NC=CC=C2C3=C4N=C5C(C=CC(C#CC6=CC=CC=C6)=C5)=N3)=C4C=CC=N1,2,10.1016/j.csbj.2018.11.010,-0.87,A549,nucleus,72,20.0
C1(C2=NC=CC=C2)=CC=CC=N1,C1(C2=NC=CC=C2)=CC=CC=N1,C1(C2=NC=CC=C2C3=C4N=C5C(C=CC(C#CC6=CC=CC=C6)=C5)=N3)=C4C=CC=N1,2,10.1016/j.csbj.2018.11.010,-0.87,MCF.7,nucleus,72,74.9
C1(C2=NC=CC=C2)=CC=CC=N1,C1(C2=NC=CC=C2)=CC=CC=N1,C1(C2=NC=CC=C2C3=C4N=C5C(C=CC(C#CC6=CC=CC=C6)=C5)=N3)=C4C=CC=N1,2,10.1016/j.csbj.2018.11.010,-0.87,HepG2,nucleus,72,9.75
C1(C2=NC=CC=C2)=CC=CC=N1,C1(C2=NC=CC=C2)=CC=CC=N1,C1(C2=NC=CC=C2C3=C4N=C5C(C=CC(C#CC6=CC=CC=C6)=C5)=N3)=C4C=CC=N1,2,10.1016/j.csbj.2018.11.010,-0.87,HaCat,nucleus,72,47.20